time,liquidity_type,liquidity_strength,sweep_direction,sweep_size,bos_strength,fvg_rejected,retracement_depth,time_since_sweep,ny_session,london_session,asian_session,suggested_tp,suggested_sl,max_favorable_excursion,max_adverse_excursion,time_to_target,label
1750829040000,2,0.95770836,-1,0.0002228784755112275,0.0,1.0,0.1,1,0,0,1,22392.5,22438.75,3.962962962962963,1.4074074074074074,217,0
1750842120000,2,1.4747916,-1,8.912854564495644e-05,0.0,1.0,0.13793103,1,0,1,0,22405.25,22441.5,1.24,1.92,18,0
1750843620000,2,1.4708333,-1,0.00010021602120125605,0.0,1.0,0.06666667,4,0,1,0,22405.25,22453.75,1.2571428571428571,1.4714285714285715,90,0
1750850940000,2,1.988125,-1,0.00040083730459181404,1.0,0.0,0.5733333,32,0,1,0,22405.25,22462.0,0.0,2.0,2,0
1750852440000,2,1.9808333,-1,6.669705087873364e-05,0.0,1.0,0.77099234,2,0,1,0,22405.25,22491.25,0.16666666666666666,1.2,5,0
1750854000000,2,1.9752083,-1,0.0002556464520718478,0.0,1.0,0.36923078,2,1,1,0,22405.25,22497.75,0.7317073170731707,1.3902439024390243,21,0
1750873500000,3,0.87916666,1,0.0008590873591431441,0.0,1.0,0.13836478,5,1,0,0,22548.25,22388.25,3.934306569343066,0.6204379562043796,752,1
1750904160000,2,1.4977083,-1,7.783485667267107e-05,0.0,1.0,0.25490198,3,0,0,1,22405.25,22485.25,0.6842105263157895,1.105263157894737,50,0
1750909620000,2,1.48625,-1,0.0001333288890370321,1.0,0.0,0.63106793,9,0,0,1,22461.5,22503.75,0.5,1.0789473684210527,59,0
1750922340000,3,0.80895835,-1,0.0003880524203383817,0.0,1.0,0.064935066,2,0,1,0,22461.5,22557.25,0.875,1.3194444444444444,57,0
1750926600000,3,0.7966667,-1,5.5368532955350814e-05,0.0,1.0,0.6055046,5,0,1,0,22461.5,22577.25,2.3488372093023258,1.4186046511627908,112,0
1750933740000,3,0.7704167,-1,0.0002325426881934755,1.0,0.0,0.069767445,7,0,1,0,22523.5,22581.75,1.75,1.275,96,0
1750939740000,2,0.9739583,-1,0.00012179998228363894,1.0,0.0,0.040816326,3,1,1,0,22541.25,22585.0,3.0851063829787235,0.7659574468085106,24,1
1750942500000,2,1.480625,1,0.0007099751508697196,0.0,1.0,0.38418078,21,1,1,0,22577.25,22520.0,0.7064220183486238,1.110091743119266,38,0
1750945920000,2,1.4679166,1,0.0001444910026564115,0.0,1.0,0.76428574,0,1,1,0,22577.25,22476.25,5.4393939393939394,0.19696969696969696,38,1
1750948380000,2,1.44375,-1,0.00026556604295530745,0.0,1.0,0.37121212,2,1,1,0,22541.25,22599.25,1.036144578313253,1.3253012048192772,43,0
1750951320000,2,1.4716667,-1,0.00011056687637517553,0.0,1.0,0.5625,2,1,1,0,22541.25,22613.25,5.0476190476190474,1.6428571428571428,32,0
1750953360000,2,1.46375,-1,0.0003537944454272068,0.0,1.0,0.14285715,2,1,1,0,22541.25,22620.0,0.2,1.5666666666666667,5,0
1750958640000,2,0.99666667,-1,0.00036458851214742636,0.0,1.0,0.5846154,8,1,0,0,22541.25,22636.5,0.037037037037037035,1.2592592592592593,2,0
1750959660000,2,0.9945833,-1,0.00016559947008169574,0.0,1.0,0.6666667,0,1,0,0,22541.25,22651.5,1.6153846153846154,3.6923076923076925,24,0
1750975920000,2,0.986875,-1,0.00014321123657394657,0.0,1.0,0.51648355,2,0,0,0,22541.25,22698.0,0.5227272727272727,2.2045454545454546,14,0
1750977480000,2,0.9820833,-1,0.00014312136691914745,0.0,1.0,0.18181819,12,0,0,0,22541.25,22711.25,2.7962962962962963,1.0,421,0
1751003940000,2,1.479375,-1,5.502487124180129e-05,1.0,0.0,0.36666667,7,0,0,1,22660.0,22718.25,0.3157894736842105,1.0789473684210527,11,0
1751006700000,2,1.4729167,-1,5.496559153969615e-05,0.0,1.0,0.6885246,1,0,0,1,22660.0,22742.75,0.10526315789473684,1.394736842105263,2,0
1751006940000,2,1.465,-1,5.496015388843089e-05,0.0,1.0,0.35714287,1,0,0,1,22660.0,22745.0,3.6666666666666665,1.7222222222222223,29,0
1751022300000,2,0.9872917,-1,0.00032971018474760685,0.0,1.0,0.25490198,4,0,1,0,22660.0,22755.25,0.02631578947368421,1.0526315789473684,6,0
1751023680000,2,0.98520833,-1,9.884678747940691e-05,0.0,1.0,0.70689654,1,0,1,0,22660.0,22766.0,0.9411764705882353,1.411764705882353,6,0
1751024580000,2,0.98041666,-1,0.0001536907741623853,0.0,1.0,0.5,2,0,1,0,22660.0,22778.75,0.7419354838709677,1.1612903225806452,15,0
1751025960000,2,0.97541666,-1,0.00014264239551444529,1.0,0.0,0.085365854,6,1,1,0,22725.5,22787.5,2.3733333333333335,0.25333333333333335,45,1
1751029560000,2,0.989375,1,0.0003082037226606787,0.0,1.0,0.7479675,1,1,1,0,22787.5,22705.25,0.3870967741935484,1.3225806451612903,6,0
1751030100000,2,0.985,1,0.00017615907164169245,1.0,0.0,0.054545455,3,1,1,0,22787.5,22702.75,0.8653846153846154,1.7692307692307692,15,0
1751031060000,2,0.98125,1,0.0006383447061413163,0.0,1.0,0.55244756,1,1,1,0,22787.5,22692.75,0.125,1.671875,1,0
1751031420000,2,0.98083335,1,0.0008589740766028677,1.0,0.0,0.014354067,5,1,1,0,22787.5,22682.0,1.145631067961165,0.3786407766990291,23,1
1751033400000,2,0.9875,-1,0.0004276925438933181,0.0,1.0,0.6617647,1,1,1,0,22725.5,22815.5,0.18840579710144928,1.4782608695652173,2,0
1751033640000,2,0.985,-1,0.00031775250367058926,0.0,1.0,0.011235955,2,1,1,0,22725.5,22823.75,4.443181818181818,0.8295454545454546,212,1
1751047140000,2,1.4783334,1,0.0005833278302405953,1.0,0.0,0.5078864,3,1,0,0,22823.75,22697.0,0.16025641025641027,1.1282051282051282,19,0
1751049120000,2,1.42125,1,0.00026483927566458106,0.0,1.0,0.6394052,1,1,0,0,22823.75,22648.75,0.21649484536082475,1.443298969072165,6,0
1751049840000,2,1.4170834,1,0.00019897417757339935,0.0,1.0,0.34269664,1,1,0,0,22823.75,22611.0,0.7008547008547008,1.3076923076923077,8,0
1751050320000,2,1.4141667,1,2.2121446742616967e-05,0.0,1.0,0.9826087,0,1,0,0,22823.75,22602.0,41.5,5.0,1,0
1751050440000,2,1.41375,1,5.5279770920629306e-05,0.0,1.0,0.8888889,0,1,0,0,22823.75,22611.0,2.8,9.2,1,0
1751051100000,2,1.4135417,1,2.2122180804583717e-05,0.0,1.0,0.25287357,9,1,0,0,22823.75,22600.0,5.946153846153846,0.0,169,1
1751239380000,3,0.36375,-1,0.00019702276707530647,1.0,0.0,0.5736434,9,0,0,1,22727.5,22847.0,2.1454545454545455,1.1272727272727272,171,0
1751250360000,3,0.32208332,-1,0.0001751006828926633,1.0,0.0,0.021276595,12,0,0,1,22803.75,22848.75,0.41304347826086957,1.3043478260869565,11,0
1751252400000,3,0.31708333,-1,0.00018591832717251033,0.0,1.0,0.54285717,8,0,0,1,22803.75,22873.5,0.3541666666666667,1.1041666666666667,37,0
1751255880000,3,0.30479166,-1,7.648601398601399e-05,1.0,0.0,0.20930232,6,0,0,1,22803.75,22881.75,0.14705882352941177,1.0294117647058822,12,0
1751276640000,3,0.9814583,-1,0.0001418424239779162,1.0,0.0,0.21428572,6,0,1,0,22803.75,22916.0,7.345454545454546,0.4909090909090909,240,1
1751291100000,3,0.98104167,1,0.0005807710008985513,0.0,1.0,0.7138047,1,1,1,0,22901.5,22801.25,0.3176470588235294,1.2823529411764707,4,0
1751292060000,3,0.97729164,1,0.00019732298483901732,1.0,0.0,0.15384616,10,1,1,0,22901.5,22795.0,0.8766233766233766,1.2597402597402598,236,0
1751306340000,2,1.288125,1,0.0012164250254791727,0.0,1.0,0.12195122,2,1,0,0,22901.5,22785.0,0.5416666666666666,1.1388888888888888,43,0
1751308980000,2,1.27875,1,0.00035106196243637,0.0,1.0,0.2236842,1,1,0,0,22901.5,22780.0,7.813559322033898,0.1016949152542373,67,1
1751313300000,3,1.3520833,-1,0.00014182385477237272,0.0,1.0,0.64215684,0,1,0,0,22803.75,22934.0,6.506849315068493,0.4794520547945205,915,1
1751373300000,2,1.0604167,1,0.00010984906738141793,0.0,1.0,0.2777778,9,1,1,0,22848.25,22756.0,1.2820512820512822,1.1923076923076923,113,0
1751380980000,3,1.2689583,1,0.00037428033597164276,0.0,1.0,0.81345564,1,1,1,0,22848.25,22701.75,0.39344262295081966,1.1475409836065573,2,0
1751381220000,3,1.265625,1,0.00038561544224582434,0.0,1.0,0.17886178,1,1,1,0,22848.25,22682.25,0.48514851485148514,1.316831683168317,11,0
1751382240000,3,1.2629167,1,0.00033043286705584316,1.0,0.0,0.0,3,1,1,0,22848.25,22670.25,0.06779661016949153,1.2994350282485876,3,0
1751383500000,3,1.2610416,1,0.00047556902386692917,0.0,1.0,0.15777262,11,1,1,0,22848.25,22593.75,1.0633608815426998,1.0495867768595042,1217,0
1751425320000,2,1.49125,-1,0.0002088922116188047,0.0,1.0,0.754717,2,0,0,1,22671.0,22744.5,0.34615384615384615,1.1538461538461537,5,0
1751441400000,2,0.99541664,1,7.697806125254303e-05,0.0,1.0,0.64634144,1,0,1,0,22848.25,22732.0,1.0689655172413792,1.3793103448275863,13,0
1751442780000,2,0.99104166,1,8.802429470533867e-05,0.0,1.0,0.6853933,1,0,1,0,22848.25,22717.75,0.4642857142857143,1.1785714285714286,7,0
1751457420000,2,1.3395833,1,0.00015458510462099044,0.0,1.0,0.07,3,0,1,0,22718.75,22637.75,1.064516129032258,1.6559139784946237,27,0
1751460300000,3,0.79125,1,0.00030980990949124786,0.0,1.0,0.03773585,2,1,1,0,22718.75,22584.75,4.372549019607843,0.6274509803921569,60,1
1751464800000,2,0.965625,-1,0.00014301115487007986,0.0,1.0,0.7394366,6,1,1,0,22593.75,22728.75,0.2702702702702703,1.0,1,0
1751464860000,2,0.96229166,-1,0.00037411560172093177,0.0,1.0,0.27659574,0,1,1,0,22593.75,22728.75,0.47058823529411764,1.3529411764705883,1,0
1751464920000,2,0.96208334,-1,0.00023100785426704508,0.0,1.0,0.66129035,0,1,1,0,22593.75,22731.75,0.38095238095238093,2.0,1,0
1751465040000,2,0.96166664,-1,0.0,0.0,1.0,0.34615386,0,1,1,0,22593.75,22737.0,1.0,1.0,1,0
1751465580000,2,0.9614583,-1,0.00012083662887775728,0.0,1.0,0.8062016,1,1,1,0,22593.75,22760.75,0.36,1.44,2,0
1751467440000,2,0.959375,-1,0.00039462001381170047,1.0,0.0,0.3611111,3,1,1,0,22593.75,22816.75,0.024844720496894408,1.0993788819875776,3,0
1751467920000,2,0.9527083,-1,8.761266441064056e-05,0.0,1.0,0.68992245,1,1,1,0,22593.75,22832.25,2.125,1.475,9,0
1751475960000,2,1.1370833,-1,0.00022981210124864575,1.0,0.0,0.014084507,4,1,0,0,22593.75,22850.0,1.3714285714285714,1.5,118,0
1751483100000,2,1.1116667,-1,0.0005910294858043473,0.0,1.0,0.09090909,1,1,0,0,22808.5,22858.75,1.2625,1.2125,117,0
1751493720000,2,1.0495833,-1,0.0002843829982718264,0.0,1.0,0.4347826,0,0,0,0,22808.5,22863.0,3.923076923076923,2.3076923076923075,203,0
1751506020000,2,1.0072917,-1,0.00028427727968510823,0.0,1.0,0.06779661,2,0,0,1,22831.0,22871.5,2.1272727272727274,0.3090909090909091,63,1
1751510580000,2,1.46875,1,7.665772326561901e-05,1.0,0.0,0.01754386,12,0,0,1,22858.5,22827.0,1.3392857142857142,0.07142857142857142,32,1
1751512860000,2,0.984375,-1,0.00014211843932089251,0.0,1.0,0.3809524,2,0,0,1,22831.0,22871.5,0.15384615384615385,1.4615384615384615,3,0
1751513280000,2,0.9825,-1,0.00027328676526853157,0.0,1.0,0.6388889,4,0,0,1,22831.0,22876.0,1.0769230769230769,1.1538461538461537,5,0
1751513700000,2,0.980625,-1,4.371393600279769e-05,0.0,1.0,0.5,1,0,0,1,22831.0,22877.0,2.125,2.5,7,0
1751514840000,2,0.97875,-1,2.1851475520884548e-05,1.0,0.0,0.0,10,0,0,1,22831.0,22882.25,0.8260869565217391,1.0724637681159421,149,0
1751538300000,2,1.370625,1,0.000229897640812305,0.0,1.0,0.039215688,4,0,1,0,22901.5,22830.0,6.673469387755102,0.5918367346938775,125,1
1751546160000,3,1.14375,-1,0.000501674064541459,0.0,1.0,0.8341463,1,1,1,0,22831.0,22937.5,2.5,1.1176470588235294,52,0
1751549820000,3,1.2316667,-1,0.000565881687198015,0.0,1.0,0.75527424,6,1,1,0,22831.0,22986.0,2.7758620689655173,1.8793103448275863,14,0
1751552040000,3,1.226875,-1,6.504699645493869e-05,0.0,1.0,0.89215684,1,1,1,0,22831.0,23063.0,1.3181818181818181,1.6818181818181819,7,0
1751552520000,3,1.2204167,-1,8.672368749119212e-05,0.0,1.0,0.71428573,0,1,1,0,22831.0,23063.75,5.375,1.75,7,0
1751553180000,3,1.2189584,-1,0.00041207599548885224,1.0,0.0,0.05940594,3,1,1,0,22831.0,23069.5,0.4631578947368421,1.0,35,0
1751556420000,3,1.2108333,-1,0.00037926812088900447,1.0,0.0,0.097826086,2,1,1,0,22831.0,23079.5,0.012048192771084338,1.144578313253012,9,0
1751557800000,3,1.205,-1,0.00020565886606195745,0.0,1.0,0.6448598,9,1,1,0,22831.0,23101.25,28.07894736842105,0.2894736842105263,2441,1
1751580120000,2,0.9404167,1,0.0003581700765181527,0.0,1.0,0.2970297,1,0,0,0,23101.25,23025.5,0.028169014084507043,1.1971830985915493,2,0
1751581020000,2,0.9397917,1,0.00041246513041496164,0.0,1.0,0.32142857,13,0,0,0,23101.25,23022.0,0.6947368421052632,1.231578947368421,114,0
1751588220000,2,0.91333336,1,0.000293140512018761,0.0,1.0,0.22058824,6,0,0,1,23069.25,23016.5,1.509433962264151,1.490566037735849,113,0
1751595840000,2,0.99791664,1,7.610763794509377e-05,0.0,1.0,0.35897437,6,0,0,1,23069.25,22992.0,0.4666666666666667,1.2533333333333334,190,0
1751627100000,2,0.9895833,1,0.000556914475408404,0.0,1.0,0.36585367,10,0,1,0,22952.0,22881.25,3.951923076923077,0.7596153846153846,355,1
1751840400000,3,1.0,-1,0.0010324515834546917,0.0,1.0,0.6646884,19,0,0,0,22881.25,23027.25,4.663716814159292,0.23008849557522124,1080,1
1751850780000,1,1.0,1,0.00021815484630991077,0.0,1.0,0.7295082,1,0,0,1,23005.5,22914.5,8.242424242424242,1.7575757575757576,418,0
1751900340000,3,1.8139583,1,0.0001310802101652703,0.0,1.0,0.6048387,1,1,1,0,23005.5,22882.75,5.530612244897959,2.2653061224489797,81,0
1751905380000,3,1.7958333,1,0.0008635201014362854,0.0,1.0,0.40547946,1,1,0,0,23002.75,22833.25,0.7465437788018433,1.152073732718894,113,0
1751913060000,3,1.7716666,1,0.00026327336551118914,0.0,1.0,0.7316294,1,1,0,0,23002.75,22780.25,9.69047619047619,0.5357142857142857,2459,1
1751935620000,2,0.95395833,-1,0.00021833346069451875,0.0,1.0,0.46052632,5,0,0,1,22831.0,22905.75,0.4146341463414634,1.170731707317073,5,0
1751936520000,2,0.95166665,-1,0.00012004670908317054,1.0,1.0,0.24074075,7,0,0,1,22831.0,22914.0,0.5365853658536586,1.0975609756097562,13,0
1751942880000,2,0.99395835,-1,6.539794650447976e-05,0.0,1.0,0.84375,9,0,0,1,22831.0,22938.0,0.26666666666666666,1.1333333333333333,3,0
1751943900000,2,0.989375,-1,0.0001308172809628152,1.0,0.0,0.2195122,10,0,0,1,22885.5,22938.75,3.34375,1.5,187,0
1751984100000,2,1.3627083,1,0.00017490161783996502,1.0,0.0,0.30827066,9,1,1,0,23002.75,22866.0,0.29347826086956524,1.315217391304348,9,0
1752054240000,2,1.3160417,-1,7.62851320277678e-05,0.0,1.0,0.25,1,0,1,0,22841.0,22942.5,6.222222222222222,2.9444444444444446,106,0
1752061020000,2,1.29375,-1,0.0003050873312485699,0.0,1.0,0.4918033,7,0,1,0,22841.0,22951.25,1.7419354838709677,1.2903225806451613,70,0
1752065400000,2,1.2777083,-1,5.445614646525153e-05,0.0,1.0,0.5692308,1,1,1,0,22910.0,22955.5,3.142857142857143,1.5,20,0
1752070740000,2,1.2729167,-1,0.0002705042198658299,1.0,0.0,0.784252,17,1,1,0,22926.5,23111.25,4.554744525547445,0.24817518248175183,57,1
1752074400000,2,1.4841666,1,0.0003378783419982779,1.0,0.0,0.090361446,3,1,1,0,23002.75,22917.0,1.3642384105960266,0.45695364238410596,91,1
1752080040000,3,0.889375,-1,8.693195401299633e-05,0.0,1.0,0.65909094,2,1,0,0,22926.5,23008.5,11.6,3.8,73,0
1752084780000,3,0.87354165,-1,0.0001846080337072551,0.0,1.0,0.5619048,1,1,0,0,22926.5,23026.75,1.2826086956521738,1.1304347826086956,39,0
1752087600000,3,0.8641667,-1,0.00010851871947911015,0.0,1.0,0.9259259,3,1,0,0,22926.5,23040.0,1.8333333333333333,1.5,1,0
1752088320000,3,0.8622917,-1,0.00013021398498198707,1.0,0.0,0.07042254,8,1,0,0,22926.5,23042.0,0.16666666666666666,1.0303030303030303,7,0
1752088980000,3,0.85833335,-1,9.762129445836452e-05,0.0,1.0,0.34042552,2,1,0,0,22926.5,23050.5,1.7419354838709677,1.6774193548387097,27,0
1752090600000,3,0.8520833,-1,0.00046677739060583363,1.0,0.0,0.03773585,0,1,0,0,22926.5,23055.75,0.13725490196078433,1.0392156862745099,5,0
1752091740000,3,0.8510417,-1,0.00040129281360491096,0.0,1.0,0.45348838,9,1,0,0,22926.5,23060.5,1.4893617021276595,1.1914893617021276,68,0
1752100020000,2,1.4839584,-1,7.587500135491073e-05,0.0,1.0,0.3125,2,0,0,0,22926.5,23066.0,15.0,1.0,792,0
1752105360000,2,0.9897917,1,0.00013024366418841915,1.0,1.0,0.0625,7,0,0,1,23060.5,23030.0,0.03333333333333333,1.8,4,0
1752107460000,2,0.9875,1,0.00010861419153026535,0.0,1.0,0.5670103,1,0,0,1,23060.5,23010.75,0.023809523809523808,1.0714285714285714,5,0
1752108360000,2,0.98,1,6.520038250891072e-05,0.0,1.0,0.13333334,5,0,0,1,23060.5,23004.5,0.23076923076923078,1.1025641025641026,10,0
1752111240000,2,0.97583336,1,0.00018477055844184074,1.0,0.0,0.22807017,16,0,0,1,23060.5,22997.25,0.4318181818181818,1.4090909090909092,20,0
1752148020000,2,1.3183334,-1,9.753665752712061e-05,0.0,1.0,0.71428573,1,0,1,0,23012.0,23074.5,0.85,1.2,2,0
1752148440000,3,0.85229164,-1,3.250165216731851e-05,0.0,1.0,0.22222222,2,0,1,0,23012.0,23076.5,6.904761904761905,1.2857142857142858,94,0
1752156480000,2,0.965,1,0.0005891466102249667,0.0,1.0,0.78557503,2,1,1,0,23111.25,22901.0,4.418181818181818,1.290909090909091,557,0
1752169380000,2,0.99333334,-1,0.00010855641676979527,0.0,1.0,0.6760563,1,1,0,0,22978.0,23032.0,1.608695652173913,1.3043478260869565,9,0
1752170460000,2,0.9891667,-1,0.0001410728044188343,1.0,0.0,0.15686275,3,1,0,0,22978.0,23041.0,0.09302325581395349,1.372093023255814,6,0
1752195360000,3,1.2964584,1,0.0016398281460102981,1.0,1.0,0.50392467,29,0,0,1,23089.75,22830.75,1.4177215189873418,1.360759493670886,1204,0
1752211680000,2,0.9945833,-1,0.00021764680276846734,0.0,1.0,0.08108108,2,0,0,1,22962.75,22978.0,1.5588235294117647,0.35294117647058826,22,1
1752213900000,3,1.4270834,1,0.00021793614470960008,1.0,0.0,0.23893805,7,0,0,1,22975.0,22937.5,0.5,1.1395348837209303,63,0
1752217740000,3,1.410625,1,4.3591028966238747e-05,0.0,1.0,0.5483871,0,0,1,0,22975.0,22937.0,1.0714285714285714,1.4285714285714286,1,0
1752218100000,3,1.4104167,1,0.0001526967333805966,0.0,1.0,0.5377358,1,0,1,0,22975.0,22917.75,0.3877551020408163,1.1428571428571428,4,0
1752218460000,3,1.4085417,1,9.818467446325712e-05,0.0,1.0,0.8363636,0,0,1,0,22975.0,22913.75,2.111111111111111,1.3333333333333333,1,0
1752219180000,3,1.4079167,1,0.0002181715046197816,1.0,1.0,0.020833334,8,0,1,0,22975.0,22902.0,0.04964539007092199,1.1063829787234043,21,0
1752220560000,3,1.4010416,1,0.00013099149646868757,0.0,1.0,0.06944445,1,0,1,0,22975.0,22897.25,0.1044776119402985,1.2238805970149254,8,0
1752243000000,2,1.4245833,-1,0.00010883524520580745,0.0,1.0,0.5441176,3,1,1,0,22852.75,22973.0,0.16129032258064516,1.2580645161290323,3,0
1752243180000,2,1.4222916,-1,0.00022854157824284176,0.0,1.0,0.5714286,0,1,1,0,22852.75,22977.0,0.6190476190476191,1.5714285714285714,1,0
1752243240000,2,1.4220834,-1,5.43980851874014e-05,0.0,1.0,0.8913044,0,1,1,0,22852.75,22980.0,7.4,1.2,1,0
1752243900000,2,1.421875,-1,0.00013046881795250934,0.0,1.0,0.9375,1,1,1,0,22852.75,22997.5,1.5714285714285714,3.142857142857143,1,0
1752244500000,2,1.419375,-1,0.00014127824206396644,0.0,1.0,0.8773585,0,1,1,0,22852.75,23007.5,29.384615384615383,1.4615384615384615,67,0
1752249180000,2,1.36625,-1,0.0002173629526583489,1.0,0.0,0.017857144,10,1,1,0,22852.75,23010.0,0.24848484848484848,1.1454545454545455,70,0
1752444960000,3,1.8875,1,0.0018385370498046555,1.0,0.0,0.42745098,16,0,0,0,23021.75,22802.25,5.041095890410959,0.9246575342465754,1008,1
1752480000000,2,1.4639584,-1,9.83638807829765e-05,0.0,1.0,0.20408164,0,0,1,0,22852.75,22884.0,0.8717948717948718,1.358974358974359,51,0
1752483900000,2,1.3891667,-1,0.0002293252377884311,0.0,1.0,0.24675325,12,0,1,0,22852.75,22898.5,0.3620689655172414,1.103448275862069,36,0
1752486900000,2,1.3789583,-1,5.4586344680014845e-05,1.0,0.0,0.075,7,0,1,0,22852.75,22903.5,3.4324324324324325,1.2702702702702702,147,0
1752496020000,2,0.98291665,-1,5.456609044875153e-05,0.0,1.0,0.53488374,1,1,1,0,22852.75,22909.25,3.3,1.25,55,0
1752499800000,2,0.97041667,-1,0.00040304132807564107,0.0,1.0,0.8262911,0,1,1,0,22852.75,22959.75,1.3243243243243243,3.081081081081081,1,0
1752500280000,2,0.9683333,-1,0.0007081072837004597,0.0,1.0,0.38541666,5,1,1,0,22852.75,22964.75,2.8220338983050848,0.0847457627118644,6,1
1752500820000,3,1.5783334,1,0.0004920129891429134,0.0,1.0,0.055214725,2,1,1,0,22903.5,22842.5,0.7532467532467533,0.032467532467532464,1,1
1752500880000,2,0.965,-1,1.0912384465129475e-05,1.0,0.0,0.9917355,0,1,1,0,22852.75,22910.0,11.0,59.0,1,0
1752500940000,2,0.96479166,-1,0.00021815484630991077,1.0,0.0,0.71428573,0,1,1,0,22852.75,22924.5,0.7,2.0,1,0
1752501180000,2,0.96458334,-1,4.362668644409785e-05,0.0,1.0,0.7297297,1,1,1,0,22852.75,22935.75,2.066666666666667,1.1333333333333333,2,0
1752501420000,2,0.9635417,-1,0.00023999127304461657,1.0,0.0,0.07874016,2,1,1,0,22852.75,22936.75,0.18803418803418803,1.0940170940170941,10,0
1752505740000,2,0.13666667,-1,0.00039115978877371407,0.0,1.0,0.2580645,5,1,1,0,22852.75,23022.75,0.9710144927536232,1.4492753623188406,60,0
1752509700000,2,0.123125,-1,0.00023887079261672095,1.0,0.0,0.014925373,6,1,0,0,22852.75,23030.5,0.5606060606060606,1.2121212121212122,34,0
1752512280000,2,0.11479167,-1,4.340560366343295e-05,0.0,1.0,0.64285713,1,1,0,0,22852.75,23041.0,0.24,1.32,3,0
1752513120000,3,0.435625,-1,9.761600034707912e-05,0.0,1.0,0.6,1,1,0,0,22852.75,23052.0,0.4,1.6,1,0
1752514800000,3,0.43479165,-1,0.00014090918944698562,1.0,0.0,0.20779221,4,1,0,0,22852.75,23067.75,3.6885245901639343,1.7704918032786885,424,0
1752532920000,2,0.9841667,1,3.260550598311035e-05,1.0,0.0,0.73417723,5,0,0,0,23048.75,23001.5,1.1904761904761905,1.0,15,0
1752534240000,2,0.975625,1,7.608530249342405e-05,0.0,1.0,0.54545456,1,0,0,1,23039.5,22997.75,0.5333333333333333,1.2,7,0
1752541920000,2,0.986875,1,0.0002065127603147689,0.0,1.0,0.12903225,9,0,0,1,23039.5,22996.25,6.148148148148148,0.5925925925925926,31,1
1752544560000,2,1.4660417,-1,4.315413578448825e-05,0.0,1.0,0.8121646,2,0,0,1,22997.0,23173.75,4.123809523809523,1.2095238095238094,390,0
1752568140000,2,1.4820833,-1,0.00010786671988091515,0.0,1.0,0.06818182,3,0,1,0,23132.0,23179.25,1.8780487804878048,1.170731707317073,69,0
1752572640000,2,1.9920833,-1,0.0001941621901495049,1.0,0.0,0.033898305,6,0,1,0,23132.0,23181.0,0.24561403508771928,1.3859649122807018,44,0
1752575640000,2,1.9814583,-1,0.00021566132545450625,1.0,0.0,0.040816326,1,0,1,0,23143.5,23189.5,1.6382978723404256,1.2340425531914894,35,0
1752578580000,2,2.473125,-1,0.0004637318551431098,1.0,0.0,0.030303031,14,0,1,0,23143.5,23192.25,2.359375,0.15625,57,1
1752582360000,2,1.4708333,1,0.00012965403980379022,0.0,1.0,0.33333334,4,1,1,0,23179.25,23135.5,6.631578947368421,0.6842105263157895,4,1
1752583980000,2,2.45625,-1,0.0005820345340490202,0.0,1.0,0.67753625,23,1,1,0,23143.5,23208.0,0.0,1.1797752808988764,27,0
1752586920000,2,1.4541667,1,0.0008534082316085125,0.0,1.0,0.04519774,2,1,1,0,23199.281,23122.75,0.46153846153846156,1.0887573964497042,18,0
1752588360000,2,1.4247917,1,0.0002809656573515745,1.0,0.0,0.07734807,2,1,1,0,23222.75,23120.5,0.8622754491017964,1.1317365269461077,46,0
1752592080000,2,1.4139583,1,0.00017316392129699778,1.0,0.0,0.056818184,10,1,1,0,23222.75,23095.5,1.0602409638554218,1.3132530120481927,109,0
1752598740000,2,0.988125,1,0.00037893141341417203,0.0,1.0,0.37864077,2,1,0,0,23222.75,23082.5,5.09375,1.4375,144,0
1752619020000,3,0.7683333,1,9.7911227154047e-05,0.0,1.0,0.4552239,3,0,0,0,23181.0,22973.75,2.9452054794520546,1.273972602739726,481,0
1752628500000,2,0.9972917,-1,0.00015203509838842796,0.0,1.0,0.5151515,0,0,0,1,22997.0,23025.0,0.0,1.5,2,0
1752628920000,2,0.99645835,-1,7.59903166625053e-05,0.0,1.0,0.225,2,0,0,1,22997.0,23031.0,2.129032258064516,1.096774193548387,29,0
1752631080000,2,0.989375,-1,0.00010855759523215042,0.0,1.0,0.7083333,7,0,0,1,22997.0,23031.75,1.2857142857142858,2.4285714285714284,2,0
1752642180000,2,0.975,-1,0.0007599361653621095,1.0,1.0,0.0,3,0,0,1,22997.0,23045.75,0.35374149659863946,0.35374149659863946,51,1
1752648060000,3,0.67625,1,0.00015234281485995344,0.0,1.0,0.76704544,2,0,0,1,23034.25,22965.25,0.8292682926829268,1.1951219512195121,19,0
1752649980000,3,0.6625,1,0.00038128438368102837,0.0,1.0,0.38497654,2,0,1,0,23034.25,22928.5,3.519083969465649,0.0916030534351145,317,1
1752669000000,3,0.94375,-1,0.0007914737675235545,0.0,1.0,0.6456311,0,1,1,0,22979.0,23076.5,0.7671232876712328,1.0136986301369864,6,0
1752669600000,3,0.9425,-1,0.0003683919690550746,0.0,1.0,0.21052632,2,1,1,0,22979.0,23084.25,0.49333333333333335,1.3066666666666666,50,0
1752672660000,3,0.93104166,-1,5.423581733376722e-05,1.0,0.0,0.22330096,0,1,1,0,22979.0,23067.5,3.7,0.7875,19,1
1752674880000,2,1.4645833,1,0.00015249381855414075,0.0,1.0,0.60784316,1,1,1,0,23045.75,22948.25,3.8375,1.325,69,0
1752680700000,2,1.4083333,1,0.0005686602583029866,0.0,1.0,0.3328,8,1,1,0,23045.75,22835.75,1.052757793764988,0.2541966426858513,74,1
1752685200000,3,1.3877083,-1,0.00016271804217651652,0.0,1.0,0.1904762,1,1,0,0,22928.5,23049.75,0.8529411764705882,1.2647058823529411,3,0
1752686340000,3,1.386875,-1,0.00022764967966437932,0.0,1.0,0.5377358,6,1,0,0,22928.5,23068.0,3.2244897959183674,1.3061224489795917,97,0
1752692400000,3,1.3633333,-1,3.250165216731851e-05,0.0,1.0,0.9433962,0,1,0,0,22928.5,23076.5,0.0,7.0,1,0
1752692520000,3,1.3622917,-1,6.499274247709005e-05,0.0,1.0,0.5263158,1,1,0,0,22928.5,23081.0,4.111111111111111,2.6666666666666665,37,0
1752695400000,3,1.9541667,-1,0.0001623745656480369,1.0,0.0,0.012658228,9,1,0,0,22928.5,23100.0,3.2564102564102564,1.0,543,0
1752710940000,2,0.998125,1,0.00011941335475536545,0.0,1.0,0.7105263,0,0,0,1,23090.0,23026.5,0.8181818181818182,1.0,1,0
1752711660000,2,0.99791664,1,2.1713640508967733e-05,1.0,0.0,0.15789473,3,0,0,1,23090.0,23024.75,3.25,1.125,120,0
1752718980000,2,0.970625,1,2.17162339707048e-05,0.0,1.0,0.09375,2,0,0,1,23090.0,23023.75,0.41379310344827586,1.1724137931034482,14,0
1752720540000,2,0.96729165,1,4.3435769356064716e-05,0.0,1.0,0.7826087,2,0,0,1,23090.0,23021.5,5.2,1.8,13,0
1752731640000,3,1.8272916,-1,0.00010824033684392826,0.0,1.0,0.31343284,1,0,0,1,23017.0,23100.0,0.391304347826087,1.0,9,0
1752733080000,3,1.824375,-1,0.00017301599316586828,0.0,1.0,0.784,11,0,0,1,23017.0,23127.0,0.4444444444444444,1.2962962962962963,5,0
1752734640000,3,1.8202083,-1,8.640148610556101e-05,0.0,1.0,0.7758621,1,0,0,1,23017.0,23151.25,0.0,1.0769230769230769,1,0
1752734880000,3,1.815625,-1,9.719432385148707e-05,1.0,0.0,0.23076923,3,0,0,1,23017.0,23151.75,9.533333333333333,1.6,373,0
1752749820000,2,0.98833334,1,0.00010827197921177999,0.0,1.0,0.055555556,1,0,1,0,23181.0,23087.5,0.029411764705882353,2.3529411764705883,3,0
1752751080000,2,0.9875,1,0.00016246953696181965,0.0,1.0,0.375,17,0,1,0,23125.75,23072.75,2.8545454545454545,0.9090909090909091,85,1
1752756300000,2,1.4785416,-1,0.00011892663307890242,0.0,1.0,0.5,1,1,1,0,23017.0,23127.0,0.09090909090909091,1.7272727272727273,3,0
1752756600000,2,1.4775,-1,5.40388647515293e-05,0.0,1.0,0.5135135,1,1,1,0,23017.0,23132.75,0.16666666666666666,1.0555555555555556,1,0
1752756960000,2,1.4766667,-1,0.0001404297149276787,0.0,1.0,0.52380955,1,1,1,0,23017.0,23147.0,0.2,1.1,3,0
1752757740000,2,1.4752083,-1,7.558089315021163e-05,1.0,0.0,0.37313432,7,1,1,0,23072.75,23158.25,7.571428571428571,0.16666666666666666,24,1
1752759300000,2,1.493125,1,0.00035737491877842756,0.0,1.0,0.13392857,1,1,1,0,23151.75,23065.75,2.5876288659793816,0.845360824742268,17,1
1752761460000,3,1.4766667,-1,0.00015104599350502227,1.0,0.0,0.12837838,9,1,1,0,23072.75,23175.25,0.8837209302325582,1.1085271317829457,23,0
1752763860000,3,1.4677083,-1,0.00016172506738544473,0.0,1.0,0.74172187,0,1,1,0,23072.75,23197.25,0.6410256410256411,1.0,7,0
1752765420000,3,1.4629166,-1,0.00015059754956272926,1.0,0.0,0.6168224,11,1,1,0,23072.75,23244.25,0.3780487804878049,1.1829268292682926,24,0
1752768360000,3,1.4539584,-1,0.00021502601814819594,0.0,1.0,0.8,3,1,0,0,23072.75,23259.25,0.2,1.05,1,0
1752783780000,2,0.99895835,1,0.00021512315800795956,1.0,0.0,0.13821138,18,1,0,0,23281.0,23234.25,0.9150943396226415,0.5754716981132075,113,1
1752794220000,2,1.4975,-1,0.00025774303019889173,0.0,1.0,0.40298507,1,0,0,1,23236.0,23285.0,1.175,1.35,36,0
1752796560000,2,1.4889584,-1,0.00019326576189658133,0.0,1.0,0.10638298,3,0,0,1,23236.0,23288.5,1.7857142857142858,1.6428571428571428,317,0
1752815700000,3,0.9847917,-1,7.512825466331809e-05,0.0,1.0,0.7708333,2,0,0,1,23245.5,23295.25,1.2727272727272727,1.2727272727272727,13,0
1752818340000,3,0.9816667,-1,4.2903724043246954e-05,0.0,1.0,0.70666665,24,0,0,1,23245.5,23309.0,1.0454545454545454,1.0909090909090908,22,0
1752820080000,3,0.97041667,-1,2.1452782425880637e-05,1.0,0.0,0.04255319,6,0,0,1,23245.5,23309.25,4.177777777777778,2.0,420,0
1752845340000,3,0.88166666,-1,0.0009120465251027394,0.0,1.0,0.5031056,1,1,1,0,23245.5,23320.5,2.9875,0.475,35,1
1752847500000,2,1.3241667,1,0.00011831773690437775,0.0,1.0,0.8358209,0,1,1,0,23288.5,23239.75,2.272727272727273,2.3636363636363638,1,0
1752847560000,2,1.32375,1,2.1517870591526262e-05,0.0,1.0,0.9607843,0,1,1,0,23288.5,23236.0,41.0,4.0,7,0
1752848280000,2,1.3220834,1,0.00034452686771244926,0.0,1.0,0.5942029,0,1,1,0,23288.5,23206.25,1.3571428571428572,1.375,6,0
1752848880000,2,1.32,1,0.0002802539531975898,0.0,1.0,0.5405405,2,1,1,0,23288.5,23186.75,1.6029411764705883,1.3676470588235294,36,0
1752856680000,2,0.9945833,1,0.00025885499805858753,0.0,1.0,0.48979592,2,1,0,0,23288.5,23173.0,1.2933333333333332,1.16,24,0
1752858240000,2,0.9870833,1,0.00021571482500134823,0.0,1.0,0.1780822,2,1,0,0,23288.5,23170.0,7.166666666666667,0.8,738,1
1753056000000,1,1.0,-1,0.00011823253114352355,0.0,1.0,0.4,0,0,0,1,23204.5,23263.0,0.8,1.0666666666666667,5,0
1753068840000,2,0.98104167,1,0.0001720411608477328,0.0,1.0,0.15384616,3,0,0,1,23288.5,23246.25,0.18181818181818182,1.1818181818181819,12,0
1753070280000,2,0.97791666,1,6.453347674105943e-05,1.0,0.0,0.10526316,8,0,0,1,23288.5,23242.25,10.823529411764707,0.17647058823529413,144,1
1753078860000,3,0.97375,-1,6.441638752898738e-05,0.0,1.0,0.92727274,1,0,0,1,23242.25,23287.5,0.5,6.0,1,0
1753079340000,3,0.97041667,-1,3.219816899745635e-05,0.0,1.0,0.6764706,1,0,0,1,23242.25,23294.5,0.0,1.5454545454545454,1,0
1753080180000,3,0.96875,-1,0.0001717327837884252,0.0,1.0,0.16216215,13,0,0,1,23242.25,23296.0,1.967741935483871,1.0,33,0
1753082400000,3,0.95916665,-1,2.1463372754394626e-05,1.0,0.0,0.09090909,4,0,1,0,23262.25,23296.0,0.5333333333333333,1.0,36,0
1753084920000,3,0.9502083,-1,0.0001072869281606729,1.0,1.0,0.03846154,1,0,1,0,23262.25,23304.5,0.0,1.24,6,0
1753102800000,2,1.4264584,1,3.227784771311449e-05,0.0,1.0,0.9752066,0,1,1,0,23309.0,23235.0,1.0,11.666666666666666,1,0
1753103220000,3,0.9372917,1,0.0002044703679390463,0.0,1.0,0.64285713,2,1,1,0,23309.0,23226.0,1.2,1.6666666666666667,7,0
1753103700000,3,0.9345833,1,0.00017220966526746312,0.0,1.0,0.14285715,1,1,1,0,23309.0,23223.5,8.527777777777779,0.0,20,1
1753105080000,3,0.98020834,-1,0.00015008254539996998,0.0,1.0,0.7641509,2,1,1,0,23242.25,23324.0,0.16,2.08,1,0
1753105800000,3,0.9791667,-1,0.00016037463514770504,0.0,1.0,0.74698794,2,1,1,0,23242.25,23386.5,0.3492063492063492,1.6031746031746033,6,0
1753106280000,3,0.97583336,-1,0.0002672110646757661,0.0,1.0,0.106796116,2,1,1,0,23242.25,23396.0,0.11956521739130435,1.173913043478261,2,0
1753109100000,3,0.975,-1,0.0007262474367737525,1.0,0.0,0.44387755,25,1,1,0,23242.25,23425.0,6.08256880733945,0.944954128440367,1321,1
1753127340000,2,0.9660417,1,0.00017131721523866629,0.0,1.0,0.5346535,1,1,0,0,23423.5,23340.25,0.9361702127659575,1.1914893617021276,6,0
1753127940000,2,0.9635417,1,5.3580231037956235e-05,0.0,1.0,0.22891566,2,1,0,0,23423.5,23328.25,1.46875,1.359375,396,0
1753149960000,2,0.99041665,-1,9.629582076137896e-05,1.0,0.0,0.05263158,18,0,0,1,23334.5,23367.75,2.8055555555555554,0.0,81,1
1753156140000,2,1.481875,1,5.359746162421748e-05,0.0,1.0,0.71014494,1,0,0,1,23367.75,23320.75,1.35,1.65,22,0
1753158660000,2,1.4102083,1,0.0001394819853651209,1.0,0.0,0.52380955,7,0,0,1,23367.75,23297.25,3.04,2.06,204,0
1753168020000,2,0.9997917,-1,0.00018216107325018217,0.0,1.0,0.51666665,1,0,1,0,23297.25,23341.0,0.13793103448275862,1.3793103448275863,3,0
1753170000000,2,0.99791664,-1,6.425014723992075e-05,1.0,1.0,0.5483871,12,0,1,0,23297.25,23347.75,5.071428571428571,0.2857142857142857,15,1
1753170900000,2,0.98854166,-1,0.0001502581219881296,0.0,1.0,0.24832214,0,0,1,0,23242.25,23321.25,0.9285714285714286,1.1071428571428572,191,0
1753171380000,2,0.97583336,1,0.00011812841632749493,0.0,1.0,0.025641026,3,0,1,0,23319.5,23277.0,0.37719298245614036,1.1403508771929824,44,0
1753174980000,2,0.965,1,1.0743677345881949e-05,0.0,1.0,0.3678161,2,0,1,0,23319.5,23269.25,0.2909090909090909,1.1454545454545455,38,0
1753182600000,2,0.94875,-1,2.1437376065169624e-05,0.0,1.0,0.16393442,4,0,1,0,23242.25,23324.25,0.9411764705882353,1.1764705882352942,33,0
1753185960000,2,0.94104165,-1,5.3564732979806093e-05,0.0,1.0,0.83168316,2,1,1,0,23242.25,23337.5,3.1176470588235294,1.2941176470588236,22,0
1753192560000,3,1.1279167,1,0.0008214084994163677,0.0,1.0,0.6455479,2,1,1,0,23367.75,23112.0,0.17391304347826086,1.1352657004830917,4,0
1753193340000,3,1.225,1,0.0008648648648648649,1.0,0.0,0.07491857,9,1,1,0,23349.75,23105.0,2.9225352112676055,0.47183098591549294,1733,1
1753206000000,2,0.9816667,-1,0.00016131287169174186,1.0,0.0,0.0,12,1,0,0,23105.0,23250.5,2.18,1.1,73,0
1753210440000,2,0.9639583,-1,0.00016129899456960052,0.0,1.0,0.5294118,1,1,0,0,23159.25,23253.0,1.0625,1.0,3,0
1753211040000,2,0.963125,-1,0.0001505149762401359,1.0,0.0,0.2,4,1,0,0,23159.25,23257.0,4.783333333333333,1.3666666666666667,230,0
1753228860000,2,0.95125,-1,0.00023644218988457322,0.0,1.0,0.18181819,5,0,0,1,23159.25,23267.0,2.9583333333333335,1.1111111111111112,403,0
1753253160000,2,1.453125,-1,0.0,0.0,1.0,0.7083333,1,0,0,1,23159.25,23268.5,3.2857142857142856,1.8571428571428572,12,0
1753254120000,2,1.4504167,-1,0.00016116728089308162,1.0,0.0,0.23255815,3,0,1,0,23159.25,23271.5,0.30303030303030304,1.3333333333333333,3,0
1753258980000,2,0.99541664,-1,0.0004942357074554382,1.0,1.0,0.15714286,1,0,1,0,23195.75,23279.75,0.1694915254237288,1.152542372881356,25,0
1753260660000,2,0.99,-1,0.0001396228036258968,0.0,1.0,0.0,3,0,1,0,23195.75,23282.0,0.08333333333333333,1.0,8,0
1753262040000,2,0.98770833,-1,0.00010739638933339061,1.0,0.0,0.0,11,0,1,0,23244.25,23283.25,3.511111111111111,0.8444444444444444,115,1
1753270260000,2,0.973125,1,0.00027970222470846424,0.0,1.0,0.27826086,22,0,1,0,23283.25,23232.5,0.7349397590361446,1.0963855421686748,80,0
1753275360000,2,0.95125,1,3.22809735941636e-05,0.0,1.0,0.0,2,1,1,0,23283.25,23230.5,3.4358974358974357,1.7179487179487178,34,0
1753278480000,3,1.4308333,1,0.00019419570611716475,0.0,1.0,0.4053156,2,1,1,0,23283.25,23162.25,0.08379888268156424,1.100558659217877,11,0
1753279260000,3,1.4252083,1,0.00022669372598125998,0.0,1.0,0.2882883,1,1,1,0,23283.25,23153.75,0.4177215189873418,1.1898734177215189,7,0
1753280100000,3,1.4233333,1,0.00036715476653276317,0.0,1.0,0.24705882,3,1,1,0,23283.25,23142.5,3.578125,0.828125,99,1
1753287000000,2,0.92625,-1,0.0005476510067114094,1.0,0.0,0.06037736,14,1,0,0,23195.75,23294.0,0.6144578313253012,0.14056224899598393,12,1
1753287840000,3,1.3954166,1,0.0003340337266311082,0.0,1.0,0.26213592,2,1,0,0,23283.25,23193.5,4.394736842105263,0.5657894736842105,110,1
1753295400000,2,0.89708334,-1,8.575593859874797e-05,1.0,0.0,0.16304348,5,1,0,0,23195.75,23324.0,0.43506493506493504,1.025974025974026,89,0
1753301760000,3,0.9995833,-1,0.0001709328661168326,0.0,1.0,0.7777778,2,1,0,0,23195.75,23405.0,0.9883720930232558,1.0116279069767442,26,0
1753304040000,3,0.99125,-1,0.00034175619967105966,0.0,1.0,0.47058824,10,1,0,0,23195.75,23416.5,2.2222222222222223,1.0222222222222221,207,0
1753320540000,2,1.970625,-1,0.0001494640645684759,0.0,1.0,0.084745765,4,0,0,1,23380.25,23422.5,2.314814814814815,0.46296296296296297,140,1
1753329000000,2,1.4772917,1,0.00010690727931664867,0.0,1.0,0.225,0,0,0,1,23416.5,23377.0,0.3548387096774194,1.0,7,0
1753329600000,2,1.4752083,1,4.277114231028325e-05,0.0,1.0,0.5555556,0,0,0,1,23416.5,23378.25,0.375,2.375,2,0
1753342200000,2,0.98104167,1,9.634014493839583e-05,0.0,1.0,0.64835167,26,0,1,0,23416.5,23352.5,1.3125,1.34375,33,0
1753344180000,2,0.999375,1,0.00017127870256382807,1.0,0.0,0.48387095,0,0,1,0,23416.5,23349.75,0.5,1.625,1,0
1753344240000,2,0.99916667,1,0.00020340870161014046,1.0,0.0,0.44117647,0,0,1,0,23416.5,23347.25,10.736842105263158,2.4210526315789473,280,0
1753361280000,3,0.99083334,1,4.284306584979221e-05,0.0,1.0,0.47706422,0,1,1,0,23416.5,23326.75,4.192982456140351,1.0,81,0
1753366680000,3,0.97270834,1,0.00023601098523858566,1.0,0.0,0.1329114,5,1,1,0,23416.5,23298.5,2.5985401459854014,0.3284671532846715,177,1
1753377360000,2,1.771875,-1,0.00012810248198558846,0.0,1.0,0.057971016,1,1,0,0,23352.5,23421.75,1.523076923076923,1.2,55,0
1753381200000,3,1.3227084,-1,0.000288236738441173,0.0,1.0,0.46268657,9,1,0,0,23352.5,23425.0,5.472222222222222,2.4722222222222223,383,0
1753409100000,3,1.2285416,-1,0.00039480985103931024,1.0,0.0,0.2535211,22,0,0,1,23352.5,23438.25,0.3584905660377358,1.2830188679245282,71,0
1753413660000,3,1.2089584,-1,0.0,0.0,1.0,0.1923077,4,0,0,1,23352.5,23438.0,16.0,0.9047619047619048,301,1
1753418700000,2,0.99375,1,3.205128205128205e-05,0.0,1.0,0.75,2,0,0,1,23438.25,23399.25,0.0,1.125,3,0
1753418940000,2,0.99,1,7.478472682207645e-05,0.0,1.0,0.9230769,1,0,0,1,23438.25,23398.5,6.0,3.0,1,0
1753419540000,2,0.9895833,1,3.20601876589651e-05,0.0,1.0,0.4,3,0,0,1,23438.25,23392.75,2.857142857142857,1.0,112,0
1753431960000,2,1.1954167,1,0.00019269266590303278,0.0,1.0,0.04918033,4,0,1,0,23438.25,23348.75,1.9310344827586208,1.3793103448275863,279,0
1753441200000,2,0.99291664,-1,2.1375971270694614e-05,0.0,1.0,0.5849057,7,0,1,0,23352.5,23391.25,7.7272727272727275,0.22727272727272727,125,1
1753448820000,3,1.1864583,1,0.0005031042603296939,0.0,1.0,0.21495327,2,1,1,0,23438.25,23343.25,0.6785714285714286,1.1904761904761905,30,0
1753451340000,3,1.3297917,1,8.571826549089779e-05,1.0,0.0,0.01826484,11,1,1,0,23438.25,23330.25,1.0558139534883721,0.20930232558139536,143,1
1753460460000,2,1.335,-1,6.398157330688762e-05,0.0,1.0,0.4848485,5,1,0,0,23352.5,23449.25,0.058823529411764705,1.911764705882353,2,0
1753461120000,3,0.89520836,-1,0.00012780097128738178,0.0,1.0,0.6830986,1,1,0,0,23352.5,23477.0,5.2444444444444445,8.155555555555555,268,0
1753473240000,2,0.989375,1,9.605737827395565e-05,0.0,1.0,0.9166667,2,1,0,0,23442.0,23421.25,1.2,11.6,1,0
1753474260000,2,0.98854166,1,0.0005764242482467096,1.0,0.0,0.083333336,11,1,0,0,23442.0,23406.75,0.8961038961038961,0.06493506493506493,21,1
1753475700000,3,0.8433333,-1,4.2653017701002346e-05,0.0,1.0,0.2962963,1,1,0,0,23352.5,23446.5,0.10526315789473684,1.0526315789473684,5,0
1753653960000,3,0.84166664,-1,0.0008603383997705764,1.0,0.0,0.6751055,6,0,0,0,23352.5,23557.5,0.37012987012987014,1.0909090909090908,266,0
1753670220000,2,1.4933333,-1,3.183260295194338e-05,0.0,1.0,0.53061223,0,0,0,1,23504.75,23566.5,3.347826086956522,1.4782608695652173,170,0
1753680960000,2,1.481875,-1,7.425243707105958e-05,0.0,1.0,0.25,5,0,0,1,23530.5,23570.0,0.19047619047619047,1.2380952380952381,6,0
1753681380000,2,1.4785416,-1,6.364157067396423e-05,0.0,1.0,0.22222222,0,0,0,1,23530.5,23571.25,0.2857142857142857,1.5714285714285714,1,0
1753681440000,2,1.4783334,-1,2.1211831959867213e-05,0.0,1.0,0.84615386,0,0,0,1,23530.5,23572.25,2.5,3.5,1,0
1753681620000,2,1.478125,-1,2.1211382027596007e-05,0.0,1.0,0.46666667,0,0,0,1,23530.5,23574.25,1.375,2.5,6,0
1753683000000,2,1.4764583,-1,0.00010601530861056337,0.0,1.0,0.9122807,2,0,0,1,23530.5,23584.0,1.6,1.8,4,0
1753695060000,2,1.42,1,0.00013814209508426667,1.0,0.0,0.17741935,7,0,1,0,23585.0,23523.25,0.058823529411764705,1.0392156862745099,25,0
1753697700000,2,1.4133333,1,7.439764478313087e-05,1.0,0.0,0.3529412,5,0,1,0,23585.0,23516.0,0.36363636363636365,1.1818181818181819,10,0
1753699620000,2,1.36625,1,0.0002872493217724347,0.0,1.0,0.37662336,1,0,1,0,23585.0,23491.0,0.020833333333333332,1.0,3,0
1753700040000,2,1.3645834,1,0.0002447980416156671,0.0,1.0,0.5362319,1,0,1,0,23585.0,23483.0,3.75,1.25,133,0
1753708440000,2,0.98604167,1,0.00011716087252897069,0.0,1.0,0.6818182,1,1,1,0,23585.0,23469.25,1.4642857142857142,1.6428571428571428,11,0
1753709400000,2,0.98229164,1,0.0004470415429319539,1.0,0.0,0.21705426,0,1,1,0,23585.0,23462.5,1.5841584158415842,1.3465346534653466,109,0
1753716300000,2,0.9583333,1,5.329808553276766e-05,0.0,1.0,0.007142857,4,1,1,0,23527.75,23437.0,1.6402877697841727,0.9136690647482014,350,1
1753734840000,2,1.4579166,-1,6.380467262885885e-05,0.0,1.0,0.37037036,1,1,0,0,23437.0,23510.75,0.8235294117647058,1.0588235294117647,13,0
1753736100000,2,1.4527084,-1,4.2531925526598405e-05,0.0,1.0,0.35,5,1,0,0,23437.0,23512.75,0.6153846153846154,2.1538461538461537,4,0
1753740000000,2,1.4502083,-1,0.00031902675571057894,1.0,1.0,0.22222222,1,0,0,0,23437.0,23516.5,0.0,1.1428571428571428,9,0
1753741800000,2,1.409375,-1,5.3129316756986504e-05,0.0,1.0,0.36842105,15,0,0,0,23437.0,23528.75,0.4583333333333333,1.2916666666666667,23,0
1753743720000,2,1.4014584,-1,0.00015939811272634532,1.0,0.0,0.10638298,1,0,0,1,23437.0,23532.5,0.7142857142857143,1.2142857142857142,83,0
1753758480000,2,1.4860417,-1,7.432575918454024e-05,0.0,1.0,0.14814815,1,0,0,1,23521.25,23546.75,0.9565217391304348,1.0,57,0
1753762620000,2,1.4739584,-1,3.184544344780001e-05,0.0,1.0,0.21428572,4,0,0,1,23521.25,23552.0,1.3181818181818181,1.0,90,0
1753768740000,2,1.4527084,-1,6.36915629909558e-05,1.0,0.0,0.041666668,9,0,0,1,23521.25,23553.0,0.0,1.0434782608695652,2,0
1753776000000,3,0.7029167,-1,0.0001907244349788614,1.0,1.0,0.05970149,13,0,1,0,23539.25,23598.75,0.4603174603174603,1.507936507936508,115,0
1753783200000,2,0.98854166,-1,0.0002966133115816905,0.0,1.0,0.8235294,5,0,1,0,23539.25,23606.75,0.7333333333333333,1.6666666666666667,2,0
1753795800000,2,0.99375,-1,9.525523109977457e-05,0.0,1.0,0.92561984,0,1,1,0,23539.25,23623.0,3.6666666666666665,3.2222222222222223,1,0
1753795920000,2,0.99354166,-1,0.000317588024814211,0.0,1.0,0.83760685,1,1,1,0,23539.25,23628.0,0.8947368421052632,1.7894736842105263,1,0
1753796460000,2,0.993125,-1,0.00019029294541764014,0.0,1.0,0.5112782,3,1,1,0,23539.25,23652.25,5.984615384615385,0.2,46,1
1753799340000,2,1.394375,1,0.00031852205765249244,0.0,1.0,0.012048192,2,1,1,0,23615.0,23538.75,0.8292682926829268,1.1585365853658536,22,0
1753801080000,2,1.3891667,1,0.0003613561483685833,1.0,0.0,0.336,5,1,1,0,23615.0,23514.0,0.37349397590361444,1.2530120481927711,7,0
1753803000000,2,1.3489584,1,0.0002663626580862376,0.0,1.0,0.77627116,1,1,1,0,23615.0,23458.0,0.0,1.1818181818181819,1,0
1753803180000,2,1.3435416,1,8.51843175671359e-05,1.0,0.0,0.032894738,1,1,1,0,23615.0,23453.5,0.07482993197278912,1.1156462585034013,8,0
1753803900000,2,1.3414583,1,0.00018127919128153725,0.0,1.0,0.044871796,2,1,1,0,23615.0,23438.0,1.3154362416107384,1.174496644295302,231,0
1753818000000,3,1.7547916,1,0.00016008025356712164,0.0,1.0,0.28,1,1,0,0,23524.25,23422.0,4.805555555555555,0.4444444444444444,1026,1
1753863000000,2,1.4866667,-1,0.00012761070228423156,1.0,0.0,0.2682927,6,0,1,0,23474.25,23512.0,2.2666666666666666,0.15,23,1
1753864500000,2,1.493125,1,0.00010653938761160001,0.0,1.0,0.17283951,2,0,1,0,23510.75,23463.0,2.074626865671642,0.29850746268656714,172,1
1753875480000,2,1.444375,-1,5.3151343134441006e-05,0.0,1.0,0.6041667,2,0,1,0,23474.25,23519.0,1.9473684210526316,1.105263157894737,5,0
1753875780000,2,1.4410417,-1,0.00022332822868810617,1.0,0.0,0.20689656,0,0,1,0,23474.25,23519.5,0.34782608695652173,1.173913043478261,3,0
1753876020000,2,1.4402083,-1,3.189317911209389e-05,0.0,1.0,0.06666667,0,0,1,0,23474.25,23519.5,0.0,1.1428571428571428,1,0
1753876080000,2,1.44,-1,3.188877196339169e-05,0.0,1.0,0.78571427,0,0,1,0,23474.25,23520.0,0.0,2.6666666666666665,1,0
1753876140000,2,1.4397917,-1,2.1257825537025817e-05,0.0,1.0,0.75,0,0,1,0,23474.25,23521.25,8.5,1.0,2,0
1753876440000,2,1.439375,-1,2.1261215291066037e-05,0.0,1.0,0.19607843,3,0,1,0,23474.25,23521.25,3.902439024390244,0.1951219512195122,16,1
1753878300000,2,1.4479166,1,0.0003300224628192435,1.0,0.0,0.26,15,1,1,0,23510.75,23471.0,0.8648648648648649,1.0135135135135136,40,0
1753880760000,2,1.43625,1,0.00011711596610025126,0.0,1.0,0.0,0,1,1,0,23510.75,23471.5,1.0789473684210527,1.6578947368421053,24,0
1753882380000,2,1.43125,1,0.0003836439783880559,0.0,1.0,0.2621951,1,1,1,0,23510.75,23450.25,1.3057851239669422,0.12396694214876033,12,1
1753883220000,2,1.415625,-1,0.00028709049730453923,0.0,1.0,0.11801242,1,1,1,0,23474.25,23526.5,0.5140845070422535,0.323943661971831,5,1
1753884360000,2,1.4266666,1,0.0002023041376519943,1.0,0.0,0.123809524,5,1,1,0,23510.75,23467.5,0.3695652173913043,1.1630434782608696,6,0
1753885500000,2,1.4079167,-1,9.568157172928494e-05,0.0,1.0,0.34177214,1,1,1,0,23474.25,23522.25,0.6153846153846154,1.1346153846153846,5,0
1753885980000,2,1.40625,-1,0.00026578214369245816,0.0,1.0,0.5294118,1,1,1,0,23474.25,23529.0,0.7083333333333334,1.25,17,0
1753887420000,2,1.4020833,-1,9.558604868516079e-05,0.0,1.0,0.46296296,1,1,1,0,23474.25,23541.25,3.5689655172413794,1.3275862068965518,79,0
1753902360000,2,1.3633333,1,0.0014856935195972595,0.0,1.0,0.68537074,6,1,0,0,23615.0,23355.0,6.286624203821656,0.6560509554140127,60,1
1753906620000,3,1.4995834,-1,0.00022168033695411216,0.0,1.0,0.8139241,4,1,0,0,23440.0,23688.0,0.32653061224489793,2.3401360544217686,43,0
1753913400000,3,1.4875,-1,0.0016565899570552794,1.0,1.0,0.07653061,10,0,0,0,23440.0,23737.25,0.055248618784530384,1.0607734806629834,62,0
1753917480000,3,1.46,-1,6.319048772524776e-05,0.0,1.0,0.375,3,0,0,1,23440.0,23740.75,3.64,1.08,62,0
1753921980000,2,0.99583334,-1,0.00011581263621145282,1.0,0.0,0.016949153,11,0,0,1,23440.0,23748.0,0.05172413793103448,1.1206896551724137,8,0
1753922700000,2,0.99125,-1,0.00023155457320282077,0.0,1.0,0.4385965,1,0,0,1,23440.0,23758.0,0.3125,1.0,2,0
1753923300000,2,0.9902083,-1,9.471391136882649e-05,0.0,1.0,0.22916667,8,0,0,1,23440.0,23758.0,0.32432432432432434,1.162162162162162,12,0
1753947060000,2,0.981875,-1,0.0001469769980997974,0.0,1.0,0.0754717,3,0,1,0,23711.75,23816.75,0.0,1.1020408163265305,6,0
1753949100000,2,0.97979164,-1,0.0002306805074971165,0.0,1.0,0.06321839,19,0,1,0,23777.25,23848.0,0.7484662576687117,0.3619631901840491,171,1
1753959900000,2,1.4633334,1,0.00014720881570507767,0.0,1.0,0.14035088,7,0,1,0,23848.0,23772.25,0.061224489795918366,1.2142857142857142,6,0
1753969080000,2,1.34375,1,0.00044396993689284467,0.0,1.0,0.78,1,1,1,0,23848.0,23639.75,0.0707070707070707,1.6363636363636365,5,0
1753969500000,2,1.3410417,1,0.0002857959416976279,0.0,1.0,0.8363636,0,1,1,0,23848.0,23611.5,1.1111111111111112,1.4814814814814814,1,0
1753969920000,2,1.3404167,1,0.0003704958292755219,1.0,1.0,0.031578947,6,1,1,0,23848.0,23608.25,0.40217391304347827,1.065217391304348,45,0
1753983900000,2,0.98229164,1,0.00010673497705197993,1.0,1.0,0.077419356,13,1,0,0,23617.0,23420.0,0.027972027972027972,1.2517482517482517,6,0
1753984260000,3,1.176875,1,0.0005125138805842658,0.0,1.0,0.649635,0,1,0,0,23617.0,23402.0,0.1875,1.8958333333333333,1,0
1753984320000,3,1.1766666,1,0.00038461127552056067,0.0,1.0,0.64,0,1,0,0,23617.0,23391.25,1.8611111111111112,1.6944444444444444,3,0
1753984740000,3,1.1760417,1,9.619803969772439e-05,0.0,1.0,0.36774194,0,1,0,0,23617.0,23364.75,1.1938775510204083,1.316326530612245,8,0
1753985340000,3,1.1733333,1,8.553039536425257e-05,0.0,1.0,0.57894737,1,1,0,0,23617.0,23358.25,0.5,1.6041666666666667,1,0
1753985940000,3,1.1729167,1,0.00033242541874879363,0.0,1.0,0.42559522,3,1,0,0,23617.0,23305.75,2.305699481865285,1.0984455958549222,118,0
1753993200000,2,1.4839584,1,0.0006650077226703278,0.0,1.0,0.12878788,2,1,0,0,23465.25,23286.5,2.4260869565217393,1.2173913043478262,76,0
1754001360000,2,1.455,1,1.0738600975064968e-05,0.0,1.0,0.9859155,0,0,0,0,23465.25,23280.25,15.0,9.0,1,0
1754001480000,2,1.4545833,1,1.0743215659311146e-05,0.0,1.0,0.9811321,0,0,0,0,23465.25,23270.25,19.0,6.0,1,0
1754001540000,2,1.454375,1,6.444960041247745e-05,0.0,1.0,0.2,0,0,0,0,23465.25,23269.0,0.1,3.55,1,0
1754001720000,2,1.4541667,1,0.00033334050194627844,0.0,1.0,0.15267175,1,0,0,0,23465.25,23241.75,1.4504504504504505,1.3693693693693694,105,0
1754008200000,2,0.994375,1,0.0004087603803622908,0.0,1.0,0.033333335,3,0,0,1,23465.25,23231.5,4.126436781609195,1.2528735632183907,400,0
1754011380000,2,0.99583334,-1,8.578628491769878e-05,0.0,1.0,0.020833334,2,0,0,1,23241.75,23315.75,0.0425531914893617,1.1702127659574468,2,0
1754012280000,2,0.9947917,-1,8.574307088808385e-05,0.0,1.0,0.73333335,1,0,0,1,23241.75,23327.5,0.9,1.15,4,0
1754012820000,2,0.99125,-1,3.215089486657379e-05,1.0,0.0,0.09090909,5,0,0,1,23241.75,23328.25,0.42,1.04,14,0
1754032620000,2,1.4114584,1,0.00013998061806826746,0.0,1.0,0.85945946,1,0,1,0,23324.75,23214.25,0.0,1.1538461538461537,1,0
1754033100000,3,0.95875,1,0.00036636746656896867,0.0,1.0,0.13114753,2,0,1,0,23324.75,23190.0,0.018867924528301886,1.0566037735849056,3,0
1754033400000,3,0.95666665,1,6.466144345895614e-05,0.0,1.0,0.32142857,0,0,1,0,23324.75,23183.5,0.05263157894736842,1.4210526315789473,3,0
1754034600000,3,0.955625,1,0.0002592352559948153,0.0,1.0,0.8522167,0,0,1,0,23324.75,23137.5,0.6,2.2666666666666666,1,0
1754034720000,3,0.95166665,1,0.00012957424064096058,0.0,1.0,0.24590164,0,0,1,0,23324.75,23141.25,2.0869565217391304,1.4130434782608696,18,0
1754045820000,2,0.9897917,1,0.00013018431929874046,0.0,1.0,0.48,2,0,1,0,23324.75,23031.25,5.9743589743589745,1.358974358974359,155,0
1754052180000,2,0.9791667,-1,0.00031313436703666914,0.0,1.0,0.7095238,1,1,1,0,23031.25,23167.25,8.37704918032787,0.47540983606557374,49,1
1754056260000,2,0.98083335,1,6.556517178075007e-05,0.0,1.0,0.80159634,1,1,1,0,23140.75,22864.25,0.005747126436781609,1.1436781609195403,2,0
1754057040000,2,0.9764583,1,0.00045969966288691386,0.0,1.0,0.41330168,1,1,1,0,23140.75,22799.25,2.9878542510121457,1.1781376518218623,245,0
1754072400000,2,0.960625,1,0.0009097286158972336,0.0,1.0,0.21105528,11,1,0,0,23140.75,22788.25,8.318471337579618,0.42038216560509556,1095,1
1754266680000,1,1.0,-1,0.0002506839311600126,0.0,1.0,0.880597,1,0,0,1,22822.0,22943.0,2.125,1.75,2,0
1754269560000,2,0.35270834,-1,5.445140212360468e-05,0.0,1.0,0.33913043,2,0,0,1,22822.0,22965.25,0.7368421052631579,1.0394736842105263,27,0
1754285580000,2,0.99354166,-1,0.00016310020876826722,0.0,1.0,0.6938776,0,0,0,1,22822.0,22995.75,2.066666666666667,1.0,18,0
1754286900000,2,0.989375,-1,3.262075114716308e-05,0.0,1.0,0.08,4,0,0,1,22822.0,22995.75,1.6956521739130435,1.3478260869565217,10,0
1754287800000,2,0.98645836,-1,0.00020662055765801034,0.0,1.0,0.2542373,5,0,0,1,22952.75,22997.75,0.09090909090909091,1.3181818181818181,3,0
1754288100000,2,0.9847917,-1,0.00015218880107836636,0.0,1.0,0.30952382,2,0,0,1,22952.75,23001.25,6.413793103448276,0.6206896551724138,23,1
1754289600000,2,0.9920833,1,0.00022873076210911547,0.0,1.0,0.17721519,2,0,0,1,22989.0,22947.5,1.8615384615384616,0.12307692307692308,13,1
1754290500000,2,0.9764583,-1,8.698677800974252e-05,0.0,1.0,0.34615386,2,0,0,1,22952.75,22994.0,0.058823529411764705,1.2941176470588236,2,0
1754291520000,2,0.975625,-1,0.00015207803775880424,0.0,1.0,0.7625,1,0,1,0,22952.75,23018.0,1.2105263157894737,1.2105263157894737,16,0
1754304300000,2,1.9908333,-1,0.00023841260552467027,0.0,1.0,0.06557377,1,0,1,0,22952.75,23079.0,2.3333333333333335,1.3508771929824561,105,0
1754305740000,2,1.4997916,1,2.1707512970239e-05,0.0,1.0,0.40816328,2,0,1,0,23077.75,23033.0,0.25862068965517243,1.103448275862069,15,0
1754306700000,2,1.495,1,0.00020616543148254646,1.0,1.0,0.07058824,1,0,1,0,23077.75,23031.5,1.6582278481012658,0.7468354430379747,65,1
1754310840000,2,1.96875,-1,0.00025998786723286244,0.0,1.0,0.33333334,4,1,1,0,22952.75,23084.0,1.6388888888888888,1.8888888888888888,21,0
1754313180000,2,1.9635416,-1,0.0007367280606717226,1.0,0.0,0.25510204,18,1,1,0,22952.75,23092.0,0.0958904109589041,1.2876712328767124,16,0
1754314260000,2,1.9564583,-1,0.0008874843066799428,0.0,1.0,0.8208955,1,1,1,0,22952.75,23119.5,1.7916666666666667,2.25,2,0
1754315340000,2,1.955625,-1,0.00030146425495262703,0.0,1.0,0.9166667,2,1,1,0,22952.75,23227.0,1.7804878048780488,1.2439024390243902,5,0
1754315760000,2,1.9510417,-1,0.00046280351300154984,0.0,1.0,0.21495327,1,1,1,0,22952.75,23238.75,0.03571428571428571,1.1666666666666667,1,0
1754316060000,2,1.950625,-1,0.0004515497833636158,0.0,1.0,0.64171124,1,1,1,0,22952.75,23263.75,3.5522388059701493,1.2238805970149254,119,0
1754324400000,2,1.9875,-1,4.297563281619322e-05,0.0,1.0,0.6989247,2,1,0,0,23187.5,23270.0,0.39285714285714285,1.5714285714285714,3,0
1754324940000,2,1.9827083,-1,3.222203127685169e-05,1.0,1.0,0.03773585,2,1,0,0,23187.5,23276.75,0.8627450980392157,1.2352941176470589,24,0
1754326500000,2,1.97625,-1,6.44433703882713e-05,0.0,1.0,0.21052632,1,1,0,0,23187.5,23279.75,1.0333333333333334,1.5,15,0
1754335200000,2,1.9841666,-1,2.1460609052084897e-05,0.0,1.0,0.34444445,4,1,0,0,23187.5,23299.0,2.152542372881356,1.0,34,0
1754337300000,2,1.97625,-1,0.00019321389851976686,0.0,1.0,0.23076923,1,1,0,0,23187.5,23299.0,0.175,1.9,2,0
1754337420000,2,1.975625,-1,9.654269869023739e-05,0.0,1.0,0.8125,0,1,0,0,23187.5,23308.0,5.666666666666667,1.5555555555555556,3,0
1754338860000,2,1.4239583,-1,0.0001821259454479227,1.0,0.0,0.7195767,5,1,0,0,23252.5,23339.75,0.018867924528301886,1.471698113207547,13,0
1754339940000,2,1.4179167,-1,5.3530898034345425e-05,0.0,1.0,0.95238096,2,1,0,0,23252.5,23352.25,4.333333333333333,2.3333333333333335,1,0
1754340660000,2,1.4166666,-1,7.494967664568076e-05,1.0,0.0,0.04,11,1,0,0,23252.5,23353.25,0.25,1.0416666666666667,8,0
1754344800000,2,1.4127083,-1,0.0004605876241176534,0.0,1.0,0.09615385,0,0,0,0,23252.5,23363.25,1.0957446808510638,1.4893617021276595,168,0
1754355000000,2,0.97729164,-1,0.0,0.0,1.0,0.0,1,0,0,1,23252.5,23373.5,1.2906976744186047,1.244186046511628,325,0
1754374980000,2,1.446875,-1,0.00011764202600958248,0.0,1.0,0.13636364,8,0,0,1,23252.5,23378.75,0.631578947368421,1.4473684210526316,14,0
1754376900000,2,1.4422916,-1,8.550114357779536e-05,1.0,0.0,0.4,6,0,0,1,23252.5,23393.5,0.9230769230769231,1.3846153846153846,13,0
1754396340000,3,0.94708335,-1,0.00016025298604730668,1.0,0.0,0.45306122,5,1,1,0,23312.25,23404.25,1.955223880597015,0.3208955223880597,71,1
1754401020000,3,0.98125,1,9.650232677832343e-05,1.0,0.0,0.20930232,6,1,1,0,23396.0,23303.5,1.2058823529411764,0.1,11,1
1754401740000,3,0.9275,-1,0.00018167827982729876,0.0,1.0,0.14864865,1,1,1,0,23312.25,23397.25,4.412698412698413,0.7142857142857143,11,1
1754402760000,3,0.975,1,0.0014129434180385776,0.0,1.0,0.35323384,6,1,1,0,23396.0,23312.0,0.26153846153846155,1.1615384615384616,7,0
1754403540000,3,0.97229165,1,0.00018240343347639484,0.0,1.0,0.46456692,1,1,1,0,23396.0,23292.75,0.0,1.0441176470588236,1,0
1754404140000,3,0.97083336,1,9.671491666398014e-05,0.0,1.0,0.41884816,2,1,1,0,23396.0,23262.0,0.06306306306306306,1.135135135135135,2,0
1754404800000,3,0.9683333,1,0.00016143961082291152,0.0,1.0,0.73655915,2,1,1,0,23396.0,23224.75,0.32653061224489793,1.2857142857142858,1,0
1754405880000,3,0.9664583,1,7.560048384309659e-05,1.0,0.0,0.57457215,8,1,1,0,23396.0,23138.75,0.867816091954023,1.339080459770115,37,0
1754408520000,3,0.95520836,1,6.489292667099286e-05,0.0,1.0,0.5671642,1,1,1,0,23396.0,23113.5,5.367816091954023,1.367816091954023,282,0
1754426160000,2,0.9575,1,0.00014076576576576576,0.0,1.0,0.6627907,4,1,0,0,23252.0,23084.75,0.5862068965517241,1.0,20,0
1754458980000,2,1.49375,-1,5.3894990999536504e-05,0.0,1.0,0.7171717,3,0,0,1,23049.0,23194.5,0.21428571428571427,2.142857142857143,2,0
1754459280000,2,1.490625,-1,4.310066159515549e-05,0.0,1.0,0.18,3,0,0,1,23049.0,23202.5,1.146341463414634,1.146341463414634,46,0
1754474280000,2,0.95666665,1,0.0003456619426201175,0.0,1.0,0.5,0,0,1,0,23252.0,23132.0,0.4791666666666667,1.0625,5,0
1754489280000,2,1.2620833,-1,0.00018255425619879083,0.0,1.0,0.8110236,2,1,1,0,23049.0,23285.0,9.0625,1.3958333333333333,48,0
1754493000000,2,1.2508334,-1,0.0003759721565762901,0.0,1.0,0.37341774,0,1,1,0,23049.0,23297.75,0.04040404040404041,1.0505050505050506,4,0
1754502240000,2,1.12875,-1,6.412243109510426e-05,0.0,1.0,0.425,2,1,0,0,23107.5,23396.5,4.739130434782608,1.9565217391304348,22,0
1754503800000,3,1.07375,-1,0.00019222965035562486,0.0,1.0,0.2580645,2,1,0,0,23107.5,23414.0,0.0,1.1594202898550725,3,0
1754505480000,3,1.1722916,-1,4.2671218263281416e-05,0.0,1.0,0.7906977,2,1,0,0,23107.5,23436.0,2.8518518518518516,1.5555555555555556,42,0
1754508900000,3,1.1583333,-1,0.00019197747464297523,0.0,1.0,0.49411765,2,1,0,0,23107.5,23444.75,4.534883720930233,2.7674418604651163,111,0
1754519820000,2,0.981875,-1,9.584562464723486e-05,1.0,0.0,0.2747253,5,0,0,0,23107.5,23480.0,1.2424242424242424,1.2727272727272727,108,0
1754526780000,2,0.9947917,-1,5.320903702284796e-05,0.0,1.0,0.65625,2,0,0,1,23385.25,23493.5,0.18181818181818182,1.4090909090909092,4,0
1754527200000,2,0.9922917,-1,2.1280670766742568e-05,0.0,1.0,0.8947368,0,0,0,1,23385.25,23496.0,2.0,8.0,1,0
1754527740000,2,0.99145836,-1,0.0001489631103497441,0.0,1.0,0.44,8,0,0,1,23385.25,23499.5,0.0,1.4285714285714286,2,0
1754527980000,2,0.9891667,-1,6.383997446401021e-05,0.0,1.0,0.18518518,1,0,0,1,23385.25,23500.0,2.8636363636363638,1.2272727272727273,46,0
1754551020000,2,1.4722917,-1,0.000468030336875472,0.0,1.0,0.0,1,0,1,0,23443.0,23513.75,0.7037037037037037,1.5432098765432098,43,0
1754555400000,2,1.4375,-1,0.00018032734717257328,0.0,1.0,0.850365,1,0,1,0,23443.0,23575.75,2.7560975609756095,1.3658536585365855,59,0
1754574120000,2,0.9791667,-1,0.00034898846222993055,0.0,1.0,0.0877193,1,1,1,0,23575.0,23648.0,1.0128205128205128,0.08974358974358974,4,1
1754574540000,2,0.99041665,1,0.00036050555602680463,0.0,1.0,0.080882356,3,1,1,0,23638.0,23569.5,1.44,0.0,6,1
1754575500000,2,0.9760417,-1,0.000718686916727438,1.0,0.0,0.32061067,5,1,1,0,23575.0,23671.25,1.5393258426966292,0.651685393258427,19,1
1754577120000,2,0.9825,1,0.00015927624872579002,0.0,1.0,0.4522613,1,1,1,0,23611.643,23540.25,0.963302752293578,1.1009174311926606,16,0
1754580000000,2,0.9775,1,8.499787505312367e-05,1.0,1.0,0.32013202,4,1,1,0,23671.25,23503.75,0.05825242718446602,1.0533980582524272,7,0
1754585280000,2,1.3039583,1,5.343878587078502e-05,0.0,1.0,0.5731707,2,1,0,0,23671.25,23390.0,2.7333333333333334,1.0380952380952382,43,0
1754588400000,2,1.2935417,1,0.00013898094891915585,0.0,1.0,0.25786164,3,1,0,0,23671.25,23381.25,0.7711864406779662,1.1016949152542372,28,0
1754591160000,2,1.2608334,1,0.00017142367360932544,1.0,0.0,0.61003864,3,1,0,0,23671.25,23330.0,12.811881188118813,0.297029702970297,1124,1
1754614260000,2,0.99375,-1,9.541580085662186e-05,1.0,1.0,0.07368421,14,0,0,1,23385.25,23583.25,2.6363636363636362,1.0227272727272727,769,0
1754624640000,2,1.4910417,1,4.2450227108715035e-05,0.0,1.0,0.5,1,0,0,1,23583.25,23554.5,1.0,2.0,2,0
1754626320000,2,1.4904166,1,8.496808386349878e-05,1.0,0.0,0.42156863,7,0,0,1,23583.25,23536.25,0.23728813559322035,1.152542372881356,74,0
1754631360000,2,1.4441667,1,0.00013812154696132598,1.0,1.0,0.0882353,8,0,0,1,23583.25,23526.75,0.1935483870967742,1.0,16,0
1754632440000,2,1.4391667,1,0.00011686462826424155,0.0,1.0,0.7419355,1,0,0,1,23583.25,23525.0,0.875,1.0,1,0
1754633100000,2,1.4385417,1,0.00010635695521308616,0.0,1.0,0.2254902,7,0,0,1,23583.25,23503.25,3.0759493670886076,0.46835443037974683,455,1
1754662080000,3,1.4291667,-1,8.454246673782324e-05,0.0,1.0,0.86125654,1,1,1,0,23524.0,23664.75,0.0,1.2264150943396226,1,0
1754662260000,3,1.4229167,-1,0.00024289274701136315,0.0,1.0,0.05,1,1,1,0,23524.0,23678.75,1.2105263157894737,1.3263157894736841,16,0
1754664060000,3,1.419375,-1,8.441044579266685e-05,1.0,1.0,0.4207317,7,1,1,0,23524.0,23702.75,2.8210526315789473,1.168421052631579,96,0
1754676840000,2,0.9875,-1,0.0001475516957905609,1.0,0.0,0.14285715,6,1,0,0,23655.0,23724.5,1.3095238095238095,1.0119047619047619,106,0
1754863200000,1,1.0,-1,0.00011573343433705784,0.0,1.0,0.5641026,0,0,0,0,23655.0,23770.0,7.088235294117647,1.0,259,0
1754878800000,3,0.9710417,-1,0.0001367499789615417,0.0,1.0,0.1875,1,0,0,1,23701.25,23770.0,0.038461538461538464,1.1538461538461537,2,0
1754878920000,3,0.97041667,-1,7.362453590247905e-05,0.0,1.0,0.46153846,0,0,0,1,23701.25,23771.0,11.0,2.4285714285714284,57,0
1754882400000,3,0.9585417,-1,0.00011568839855705015,1.0,0.0,0.07317073,1,0,0,1,23701.25,23773.5,7.052631578947368,0.7368421052631579,274,1
1754899620000,3,0.95125,1,7.393481062126365e-05,0.0,1.0,0.5508982,2,0,1,0,23770.0,23667.75,4.56,0.96,479,1
1754929080000,3,1.29875,-1,7.352091670080138e-05,0.0,1.0,0.43636364,7,1,0,0,23701.25,23804.5,3.924731182795699,0.3548387096774194,82,1
1754934420000,3,1.3291667,1,0.0004219409282700422,0.0,1.0,0.1521739,7,1,0,0,23770.0,23690.0,0.20512820512820512,1.0897435897435896,11,0
1754935200000,3,1.3254167,1,4.2215022215655444e-05,0.0,1.0,0.9285714,0,1,0,0,23770.0,23687.25,3.75,4.25,1,0
1754935920000,3,1.3245833,1,6.33532896195635e-05,1.0,0.0,0.2,7,1,0,0,23770.0,23675.25,0.4444444444444444,2.0555555555555554,32,0
1754938020000,3,1.4158334,1,0.0002429363612358067,0.0,1.0,0.2265625,2,1,0,0,23770.0,23650.75,0.6767676767676768,1.1919191919191918,45,0
1754942040000,3,1.4058334,1,0.00020123920987131282,0.0,1.0,0.90118575,0,1,0,0,23770.0,23597.5,0.08,2.04,1,0
1754943780000,3,1.4010416,1,0.00018011909050454536,0.0,1.0,0.43495935,27,1,0,0,23770.0,23587.0,4.697841726618705,0.7410071942446043,912,1
1754958840000,2,0.99625,-1,6.338541501600482e-05,0.0,1.0,0.7311828,3,0,0,1,23614.25,23666.25,4.56,1.2,106,0
1754973840000,2,0.9795833,-1,5.280834794364293e-05,0.0,1.0,0.6888889,2,0,0,1,23625.25,23671.75,0.7857142857142857,1.0,7,0
1754974500000,2,0.976875,-1,0.00013728865467679084,0.0,1.0,0.7941176,1,0,0,1,23625.25,23676.75,30.857142857142858,0.14285714285714285,7,1
1754975460000,2,1.4495833,1,0.0006033980839464352,1.0,0.0,0.33453238,8,0,0,1,23770.0,23602.0,0.0918918918918919,1.0324324324324323,28,0
1754977920000,3,0.979375,1,0.0002330187580100198,1.0,1.0,0.0,11,0,0,1,23770.0,23596.0,6.485148514851486,0.504950495049505,403,1
1755001680000,2,1.456875,-1,0.00016898671341965737,0.0,1.0,0.16901408,1,1,1,0,23625.25,23679.0,0.4067796610169492,6.389830508474576,2,0
1755002520000,2,1.45625,-1,0.00035693664374573513,0.0,1.0,0.8773292,1,1,1,0,23625.25,23822.25,8.974683544303797,0.3291139240506329,78,1
1755007200000,2,1.3375,1,0.00013754576041644624,0.0,1.0,0.8968254,0,1,1,0,23770.0,23625.25,5.3076923076923075,2.0,1,0
1755007260000,2,1.3372917,1,0.00026436562823847895,0.0,1.0,0.17894737,0,1,1,0,23770.0,23622.0,6.615384615384615,0.6410256410256411,50,1
1755010440000,3,1.514375,-1,0.00015771543929007023,0.0,1.0,0.38793105,1,1,1,0,23625.25,23781.75,1.1408450704225352,1.4507042253521127,7,0
1755011280000,3,1.6122917,-1,0.0002520214218208548,0.0,1.0,0.64935064,1,1,1,0,23625.25,23813.5,0.09259259259259259,2.388888888888889,2,0
1755012480000,3,1.7604166,-1,0.00029352566252935255,1.0,0.0,0.49019608,9,1,1,0,23625.25,23861.0,0.5288461538461539,1.6442307692307692,28,0
1755014400000,3,1.7508334,-1,0.00045041270373318807,0.0,1.0,0.057142857,4,1,0,0,23625.25,23877.75,0.26262626262626265,1.1313131313131313,26,0
1755027540000,2,0.9925,-1,7.309483532777813e-05,0.0,1.0,0.59090906,2,1,0,0,23625.25,23943.25,4.074074074074074,1.8888888888888888,15,0
1755029040000,2,0.98875,-1,0.0003968295408264497,1.0,0.0,0.0,10,1,0,0,23901.0,23949.25,0.07526881720430108,1.096774193548387,52,0
1755042600000,2,0.9897917,-1,0.00044874403848762823,0.0,1.0,0.116883114,1,0,0,1,23901.0,23966.5,0.7058823529411765,1.0735294117647058,18,0
1755044400000,1,1.0,-1,8.345242690088981e-05,1.0,0.0,0.14606741,12,0,0,1,23925.5,23967.75,1.2236842105263157,0.6447368421052632,89,1
1755049800000,2,1.4772917,1,6.269068416433318e-05,0.0,1.0,0.2,1,0,0,1,23967.75,23925.5,0.7,1.3,11,0
1755050880000,2,1.4747916,1,7.31475385853266e-05,0.0,1.0,0.31034482,2,0,0,1,23967.75,23921.0,9.45,0.35,273,1
1755059940000,2,1.4935417,-1,7.30361111400937e-05,0.0,1.0,0.41379312,5,0,0,1,23925.5,23962.5,0.35294117647058826,1.0,11,0
1755060840000,2,1.4895834,-1,4.173492065148211e-05,1.0,0.0,0.13636364,4,0,0,1,23925.5,23962.5,5.157894736842105,1.368421052631579,102,0
1755067800000,2,1.4675,-1,0.00012515514022590503,0.0,1.0,0.15686275,9,0,0,1,23925.5,23973.25,0.6046511627906976,1.1162790697674418,13,0
1755070080000,3,0.961875,-1,3.1267262134303315e-05,0.0,1.0,0.89,1,0,1,0,23925.5,23988.0,4.090909090909091,2.0,29,0
1755072000000,3,0.9504167,-1,3.126302626094206e-05,1.0,1.0,0.09090909,2,0,1,0,23925.5,23990.75,0.04,1.16,2,0
1755088680000,2,0.980625,-1,8.326567996835904e-05,0.0,1.0,0.5869565,1,1,1,0,23984.0,24021.5,0.5263157894736842,1.894736842105263,5,0
1755089100000,2,0.9785417,-1,9.365829292151435e-05,0.0,1.0,0.5185185,2,1,1,0,23984.0,24025.75,0.15384615384615385,1.0,1,0
1755089700000,2,0.97791666,-1,8.322496749024707e-05,0.0,1.0,0.4375,2,1,1,0,23984.0,24033.25,1.2962962962962963,1.4814814814814814,17,0
1755096540000,2,0.97270834,1,8.351602463722727e-05,0.0,1.0,0.63793105,1,1,1,0,24069.0,23932.5,0.42857142857142855,1.0952380952380953,15,0
1755097500000,2,1.3114583,1,0.0004073830340634891,0.0,1.0,0.5063291,0,1,1,0,24069.0,23923.5,1.205128205128205,1.1282051282051282,2,0
1755098220000,2,1.3110417,1,0.0002510644084817926,0.0,1.0,0.66871166,1,1,1,0,24069.0,23892.25,3.888888888888889,1.462962962962963,93,0
1755104460000,3,0.88958335,1,0.00015697108592597244,1.0,0.0,0.032258064,11,1,0,0,24069.0,23886.0,1.6333333333333333,2.1333333333333333,1109,0
1755115500000,2,0.988125,-1,0.0005741906521761826,1.0,0.0,0.11,5,1,0,0,23921.0,23960.5,0.8539325842696629,0.033707865168539325,51,1
1755123120000,3,1.3383334,1,2.090934752381052e-05,0.0,1.0,0.71794873,3,0,0,0,23954.25,23912.25,4.181818181818182,0.5151515151515151,85,1
1755128280000,2,1.4422916,-1,0.00010437323870159691,0.0,1.0,0.05882353,1,0,0,1,23921.0,23955.0,0.0625,1.875,2,0
1755128820000,2,1.4416667,-1,4.1730566596767966e-05,0.0,1.0,0.0,3,0,0,1,23921.0,23964.25,2.52,0.56,109,1
1755136080000,3,1.28,1,4.1808204860203817e-05,0.0,1.0,0.08888889,1,0,0,1,23954.25,23916.5,1.8048780487804879,1.4146341463414633,236,0
1755151020000,3,1.228125,1,0.00018826876412015732,0.0,1.0,0.5955056,7,0,0,1,23954.25,23897.5,5.361111111111111,0.7777777777777778,359,1
1755172980000,2,1.2883333,-1,6.260238097722317e-05,0.0,1.0,0.47826087,1,1,1,0,23921.0,23962.75,2.0416666666666665,1.0,14,0
1755174060000,2,1.3089583,-1,5.2164296668788017e-05,0.0,1.0,0.1923077,2,1,1,0,23921.0,23965.0,9.761904761904763,0.8095238095238095,9,1
1755174600000,2,1.30625,-1,0.0004609598441117618,0.0,1.0,0.10135135,0,1,1,0,23625.25,23963.0,0.7017543859649122,1.0100250626566416,120,0
1755174900000,3,1.2935417,1,0.00037794085225662183,0.0,1.0,0.8811881,0,1,1,0,23960.5,23804.25,0.6388888888888888,2.2222222222222223,1,0
1755174960000,3,1.2925,1,6.303911577133611e-05,0.0,1.0,0.94174755,0,1,1,0,23960.5,23793.25,20.166666666666668,1.0,1,0
1755175020000,3,1.2922916,1,8.396658130064235e-05,0.0,1.0,0.18897638,0,1,1,0,23960.5,23793.25,5.631067961165049,0.7378640776699029,113,1
1755182100000,2,1.28125,-1,0.0002085831986233509,0.0,1.0,0.7008547,3,1,1,0,23921.0,23980.0,0.4857142857142857,1.5142857142857142,4,0
1755183000000,3,1.3666667,-1,0.00016665625065100098,0.0,1.0,0.43410853,3,1,1,0,23921.0,24005.5,3.684931506849315,0.2602739726027397,30,1
1755186360000,3,1.1083333,1,0.0003978974262319114,1.0,0.0,0.44055945,19,1,1,0,23960.5,23862.75,1.48125,0.95625,88,1
1755192300000,2,1.2470833,-1,0.00013557907910517807,0.0,1.0,0.85393256,0,1,0,0,23921.0,23974.5,0.5384615384615384,1.6153846153846154,1,0
1755192360000,3,1.3320833,-1,0.0001459975806115213,0.0,1.0,0.5,0,1,0,0,23921.0,23976.5,0.7142857142857143,1.9285714285714286,2,0
1755192480000,3,1.3316667,-1,5.213003315470109e-05,0.0,1.0,0.83870965,0,1,0,0,23921.0,23979.75,46.4,0.6,44,1
1755195540000,3,1.0725,1,0.00012552038660279075,0.0,1.0,0.37313432,3,1,0,0,23964.25,23897.5,0.35714285714285715,1.0833333333333333,9,0
1755196200000,3,1.0689583,1,0.00019870943451478294,0.0,1.0,0.94285715,1,1,0,0,23964.25,23899.5,6.0,2.5,1,0
1755196560000,3,1.0685416,1,0.000313722209440947,1.0,0.0,0.08219178,2,1,0,0,23964.25,23891.75,3.014925373134328,1.0298507462686568,85,0
1755202500000,3,1.0497917,1,0.0,0.0,1.0,0.77832514,1,1,0,0,23964.25,23870.25,7.222222222222222,1.8888888888888888,975,0
1755218640000,2,1.4914583,-1,5.227719459662917e-05,0.0,1.0,0.0882353,2,0,0,1,23886.0,23914.0,2.129032258064516,1.2903225806451613,84,0
1755224040000,2,1.4733334,-1,3.135123837391577e-05,0.0,1.0,0.6111111,2,0,0,1,23886.0,23923.25,0.47619047619047616,1.0,4,0
1755224700000,2,1.47125,-1,1.0449539175322368e-05,0.0,1.0,0.64285713,0,0,0,1,23886.0,23927.0,6.4,1.8,92,0
1755248220000,3,1.04,1,7.325240686479699e-05,1.0,0.0,0.16176471,7,0,1,0,23964.25,23877.25,0.3684210526315789,1.1578947368421053,63,0
1755252480000,3,1.025,1,0.00014659685863874344,1.0,0.0,0.06153846,3,0,1,0,23964.25,23871.5,2.6557377049180326,1.7377049180327868,202,0
1755266160000,3,0.98125,1,8.413082343043432e-05,1.0,0.0,0.73083776,3,1,1,0,23964.25,23770.5,0.152317880794702,1.119205298013245,4,0
1755266460000,3,0.975,1,0.0012502232541525273,1.0,0.0,0.037931036,1,1,1,0,23964.25,23766.0,0.6810035842293907,1.086021505376344,99,0
1755272940000,3,0.95395833,1,0.0002948392599534575,0.0,1.0,0.032786883,5,1,1,0,23964.25,23734.75,2.327683615819209,1.1299435028248588,1317,0
1755469620000,3,0.88395834,-1,0.00024118368759372082,0.0,1.0,0.7457627,10,0,0,0,23734.75,23849.5,0.7333333333333333,1.1333333333333333,8,0
1755471600000,3,0.8802083,-1,0.00013626263049767306,1.0,0.0,0.07317073,7,0,0,1,23777.75,23854.25,0.5,1.631578947368421,42,0
1755474360000,3,0.86625,-1,3.143401999203672e-05,0.0,1.0,0.13953489,4,0,0,1,23777.75,23860.25,0.8648648648648649,1.1891891891891893,21,0
1755476640000,1,1.0,-1,5.2378508050576685e-05,1.0,0.0,0.051282052,10,0,0,1,23792.0,23866.5,0.3783783783783784,1.837837837837838,61,0
1755498600000,2,0.99833333,1,4.2009305061071026e-05,0.0,1.0,0.740113,1,0,0,1,23882.0,23799.75,1.0869565217391304,1.5434782608695652,12,0
1755499560000,2,0.99125,1,0.00048351833165153046,0.0,1.0,0.34351146,3,0,0,1,23882.0,23772.5,1.0348837209302326,1.2093023255813953,86,0
1755504840000,2,1.385,1,0.00013672696676482961,0.0,1.0,0.7936508,0,0,1,0,23857.75,23766.75,0.9230769230769231,1.1538461538461537,1,0
1755505680000,2,1.384375,1,2.1057951482479785e-05,0.0,1.0,0.44,2,0,1,0,23857.75,23743.5,1.5238095238095237,1.0238095238095237,57,0
1755509700000,2,1.3695834,1,0.00020005475182681575,0.0,1.0,0.0,7,0,1,0,23857.75,23738.75,1.8392857142857142,1.1339285714285714,263,0
1755525600000,2,1.4629166,1,0.00021061499578770007,0.0,1.0,0.4876033,2,1,1,0,23857.75,23735.0,4.774193548387097,1.3870967741935485,46,0
1755528780000,3,1.1654167,1,0.00022129489124936774,1.0,0.0,0.008298756,6,1,1,0,23857.75,23718.75,1.0251046025104602,1.5439330543933054,1299,0
1755586920000,2,0.98791665,-1,5.26066600031564e-05,0.0,1.0,0.11764706,0,0,1,0,23734.75,23768.75,0.06666666666666667,1.0,1,0
1755587400000,2,0.986875,-1,6.310674505926776e-05,1.0,1.0,0.10714286,6,0,1,0,23734.75,23770.75,0.84,1.14,38,0
1755590700000,2,0.9775,-1,4.2058334910520896e-05,1.0,0.0,0.18181819,3,0,1,0,23734.75,23784.25,1.1527777777777777,1.0972222222222223,45,0
1755610620000,3,1.4310417,1,0.0002324058228222518,0.0,1.0,0.601023,2,1,1,0,23783.25,23660.0,0.8205128205128205,1.0,8,0
1755611580000,3,1.428125,1,0.00026427620034250195,0.0,1.0,0.023809524,5,1,1,0,23783.25,23639.25,0.7317073170731707,1.3073170731707318,35,0
1755615600000,3,1.4191667,1,0.00020185922974767597,0.0,1.0,0.96415097,0,1,1,0,23783.25,23526.5,0.3684210526315789,3.6315789473684212,1,0
1755615660000,3,1.4122916,1,0.00023384850868428324,0.0,1.0,0.7105263,0,1,1,0,23783.25,23514.0,12.818181818181818,2.409090909090909,98,0
1755622500000,2,0.9916667,1,7.454262773411709e-05,0.0,1.0,0.73103446,10,1,0,0,23783.25,23474.75,0.23076923076923078,1.5128205128205128,2,0
1755622620000,2,0.988125,1,0.00034074815516819116,0.0,1.0,0.3962264,0,1,0,0,23783.25,23469.75,1.53125,1.46875,4,0
1755629580000,2,0.989375,1,0.00022386389075442132,1.0,0.0,0.051948052,2,1,0,0,23590.0,23444.25,0.4657534246575342,1.8493150684931507,8,0
1755630180000,2,0.9872917,1,4.268077977784654e-05,0.0,1.0,0.8271605,2,1,0,0,23516.0,23428.75,3.357142857142857,2.0,3,0
1755631260000,2,0.98625,1,0.00012805053727871267,1.0,0.0,0.021276595,15,1,0,0,23516.0,23425.25,1.7717391304347827,1.5108695652173914,183,0
1755647640000,2,1.4575,1,0.0003949151999658452,0.0,1.0,0.45,30,0,0,1,23516.0,23413.5,0.0,1.0,6,0
1755660540000,2,0.99791664,1,0.00020333251286880772,1.0,0.0,0.3918919,9,0,0,1,23516.0,23355.25,0.6222222222222222,1.2222222222222223,9,0
1755661080000,2,0.9920833,1,4.281967564095702e-05,0.0,1.0,0.75,0,0,0,1,23516.0,23352.75,4.5,1.0,1,0
1755661140000,2,0.991875,1,4.2812342798428786e-05,0.0,1.0,0.09090909,0,0,0,1,23516.0,23352.75,0.15,1.4,3,0
1755662700000,2,0.99125,1,8.567328492792735e-05,1.0,0.0,0.31343284,14,0,0,1,23395.5,23338.0,1.6304347826086956,1.1304347826086956,62,0
1755666660000,2,0.99833333,1,6.427905681197304e-05,0.0,1.0,0.025,3,0,0,1,23395.5,23334.25,5.538461538461538,0.717948717948718,109,1
1755673320000,2,0.9625,-1,6.411215352723698e-05,0.0,1.0,0.825,2,0,1,0,23338.0,23398.0,6.0,2.4285714285714284,4,0
1755674880000,2,0.96125,-1,4.2681690621765525e-05,0.0,1.0,0.7058824,2,0,1,0,23338.0,23430.25,3.76,1.1,108,0
1755688560000,2,0.9995833,-1,0.00011727453969743169,1.0,0.0,0.14864865,12,0,1,0,23338.0,23452.0,6.333333333333333,0.2698412698412698,145,1
1755696780000,2,1.4933333,1,0.00016027867118296345,0.0,1.0,0.014184397,0,1,1,0,23442.0,23362.0,0.17985611510791366,1.0863309352517985,4,0
1755697320000,2,1.4920833,1,0.00042832972822478746,0.0,1.0,0.47887325,1,1,1,0,23442.0,23336.5,0.21621621621621623,1.5045045045045045,2,0
1755698520000,3,0.92833334,1,0.0014129321037588307,1.0,0.0,0.68614995,6,1,1,0,23442.0,23146.0,0.10931174089068826,1.097165991902834,3,0
1755699660000,3,0.92395836,1,0.0006059556786703601,1.0,0.0,0.32897604,4,1,1,0,23442.0,23063.25,0.21103896103896103,1.077922077922078,20,0
1755702000000,3,0.9164583,1,2.1705392704817513e-05,1.0,0.0,0.31506848,7,1,1,0,23442.0,23035.25,10.5,0.47333333333333333,2700,1
1755717600000,2,1.4975,-1,8.57403140239001e-05,0.0,1.0,0.9126214,2,1,0,0,23035.25,23328.25,1.3333333333333333,1.7777777777777777,1,0
1755717900000,2,1.495625,-1,0.0004926319396847156,0.0,1.0,0.26923078,2,1,0,0,23035.25,23355.5,0.8631578947368421,1.1157894736842104,25,0
1755719400000,2,1.4895834,-1,0.0003535158760766165,0.0,1.0,0.15,0,1,0,0,23035.25,23358.25,0.5058823529411764,1.4823529411764707,5,0
1755719940000,2,1.4885417,-1,0.00074956899782625,1.0,0.0,0.10714286,4,1,0,0,23035.25,23368.5,1.3085714285714285,1.022857142857143,324,0
1755777000000,3,0.90229166,1,0.0001933903476728695,0.0,1.0,0.03529412,1,0,1,0,23368.5,23264.5,0.10975609756097561,1.1097560975609757,13,0
1755778440000,3,0.899375,1,0.00015057811239580532,0.0,1.0,0.7677419,0,1,1,0,23335.0,23234.75,0.1388888888888889,1.4722222222222223,2,0
1755778980000,3,0.89666665,1,0.00020450558084966688,0.0,1.0,0.20930232,5,1,1,0,23335.0,23222.0,0.7205882352941176,1.5441176470588236,7,0
1755779580000,3,0.89375,1,0.001010883124704263,1.0,0.0,0.019417476,3,1,1,0,23335.0,23212.75,0.1188118811881188,1.0297029702970297,27,0
1755781320000,3,0.88729167,1,0.00023693109612940745,0.0,1.0,0.09836066,1,1,1,0,23335.0,23207.5,3.3454545454545452,1.5818181818181818,28,0
1755783000000,3,0.88125,1,4.3102519342255556e-05,1.0,0.0,0.98523986,0,1,1,0,23335.0,23199.5,90.0,7.25,15,0
1755784140000,3,0.878125,1,0.0002690254820936639,0.0,1.0,0.024193548,2,1,1,0,23335.0,23175.0,0.030303030303030304,1.2176308539944904,11,0
1755785160000,3,0.8747917,1,0.0006780390679653447,1.0,0.0,0.17378917,5,1,1,0,23335.0,23201.5,1.0241379310344827,0.18275862068965518,23,1
1755786660000,2,0.9689583,-1,0.00014992664303537198,0.0,1.0,0.03208556,2,1,1,0,23267.5,23348.25,1.011049723756906,0.08287292817679558,8,1
1755787440000,3,0.866875,1,0.00022576518270853716,0.0,1.0,0.024193548,3,1,1,0,23335.0,23249.0,1.1074380165289257,1.3388429752066116,27,0
1755789360000,3,0.86020833,1,0.0003553889894029465,0.0,1.0,0.61538464,1,1,1,0,23335.0,23204.0,3.5875,1.15,38,0
1755792120000,3,0.85125,1,0.00017252347936727014,0.0,1.0,0.43356642,1,1,0,0,23335.0,23181.25,0.5185185185185185,1.1604938271604939,5,0
1755797220000,2,0.97541666,1,0.00014055421608588943,1.0,0.0,0.6940789,2,1,0,0,23335.0,23119.5,4.817204301075269,1.2043010752688172,733,0
1755845700000,3,1.3666667,1,0.00033575946625075814,0.0,1.0,0.118705034,12,0,0,1,23254.75,23074.25,1.9795918367346939,0.17142857142857143,108,1
1755852780000,2,1.3410417,-1,0.00026881142341024923,1.0,0.0,0.11764706,10,0,1,0,23119.5,23256.75,1.3555555555555556,1.2222222222222223,68,0
1755857460000,2,1.3247917,-1,0.00010743677345881949,0.0,1.0,0.8947368,1,0,1,0,23119.5,23272.0,0.5,1.25,1,0
1755858000000,2,1.3222916,-1,1.0741946225817194e-05,0.0,1.0,0.27906978,7,0,1,0,23119.5,23273.5,0.16129032258064516,1.0806451612903225,12,0
1755859080000,2,1.3183334,-1,0.000171889603901894,1.0,0.0,0.18,6,0,1,0,23119.5,23274.75,0.4878048780487805,1.4146341463414633,24,0
1755869400000,2,0.96875,1,0.0001507938217617027,1.0,0.0,0.94736844,0,1,1,0,23335.0,23207.0,7.428571428571429,1.2142857142857142,1,0
1755869460000,2,0.9685417,1,0.00017220595832615808,1.0,0.0,0.28099173,0,1,1,0,23335.0,23206.25,5.022988505747127,0.11494252873563218,14,1
1755870660000,2,1.178125,-1,0.0003965022075528312,0.0,1.0,0.6785714,1,1,1,0,23230.25,23343.0,5.5396825396825395,8.841269841269842,9,0
1755871200000,3,1.025,-1,0.00037301105178459145,0.0,1.0,0.95558375,0,1,1,0,23230.25,23466.5,0.22857142857142856,6.514285714285714,1,0
1755871320000,3,1.0245833,-1,0.0011383220919594034,0.0,1.0,0.44270834,0,1,1,0,23230.25,23526.25,0.0,1.2242990654205608,1,0
1755871380000,3,1.024375,-1,0.00020189140367654873,0.0,1.0,0.85384613,0,1,1,0,23230.25,23532.25,9.842105263157896,1.7894736842105263,1,0
1755871440000,3,1.0241667,-1,0.00038319885891895344,0.0,1.0,0.1040724,0,1,1,0,23230.25,23536.0,0.0707070707070707,1.106060606060606,2,0
1755872220000,3,1.02375,-1,0.00010579323769624646,0.0,1.0,0.8060708,1,1,1,0,23230.25,23633.5,3.9130434782608696,1.2869565217391303,29,0
1755875100000,3,1.0152084,-1,0.0001480134480789969,0.0,1.0,0.87946427,1,1,1,0,23230.25,23650.0,40.2962962962963,1.5185185185185186,4329,0
1756084620000,2,1.9854167,1,9.556777879244803e-05,0.0,1.0,0.85714287,3,0,0,1,23610.0,23541.25,2.5,1.3333333333333333,3,0
1756084980000,2,1.9833333,1,2.1239313970158765e-05,1.0,0.0,0.1,3,0,0,1,23610.0,23540.75,0.3055555555555556,1.0555555555555556,9,0
1756086300000,2,1.9808333,1,0.00010621348911311737,0.0,1.0,0.7058824,8,0,0,1,23610.0,23535.0,0.8,1.3,2,0
1756087980000,2,1.9777083,1,8.498703947647984e-05,0.0,1.0,0.8333333,0,0,0,1,23610.0,23531.0,8.375,7.25,40,0
1756091280000,2,1.32625,1,7.439843550718476e-05,1.0,0.0,0.1904762,3,0,0,1,23610.0,23520.25,4.676470588235294,1.1176470588235294,231,0
1756113240000,3,0.25041667,1,0.00011705240755520085,0.0,1.0,0.82608694,2,0,1,0,23610.0,23491.0,1.25,1.6875,6,0
1756114380000,3,0.24583334,1,0.00014900116008046064,1.0,0.0,0.03773585,3,0,1,0,23610.0,23486.25,0.45098039215686275,1.2745098039215685,47,0
1756117920000,3,0.23333333,1,0.00042593519396023894,0.0,1.0,0.33913043,1,0,1,0,23610.0,23462.0,1.9736842105263157,1.381578947368421,179,0
1756128660000,2,0.99375,-1,0.0009043611486450542,1.0,1.0,0.27058825,1,1,1,0,23462.0,23518.5,0.543010752688172,0.17204301075268819,2,1
1756128780000,2,0.980625,1,6.397065879116779e-05,1.0,0.0,0.9240506,0,1,1,0,23501.0,23446.75,15.666666666666666,2.1666666666666665,1,0
1756128840000,2,0.98041666,1,0.0001278186679164492,1.0,0.0,0.037383176,0,1,1,0,23501.0,23445.0,1.233009708737864,0.0970873786407767,3,1
1756129020000,2,0.9922917,-1,0.00018086453246518358,1.0,0.0,0.8,0,1,1,0,23462.0,23502.5,0.8235294117647058,3.176470588235294,1,0
1756129080000,2,0.9920833,-1,0.00015952016334864726,1.0,0.0,0.7794118,0,1,1,0,23462.0,23511.75,15.866666666666667,0.8,7,1
1756129740000,2,0.978125,1,9.594575866443504e-05,0.0,1.0,0.09375,4,1,1,0,23501.0,23448.5,0.28160919540229884,0.5804597701149425,7,1
1756131360000,2,0.98833334,-1,0.00022296780769557462,0.0,1.0,0.8051948,0,1,1,0,23462.0,23561.0,1.85,1.2166666666666666,20,0
1756138140000,3,1.3020834,-1,0.00019057904265794238,0.0,1.0,0.622807,16,1,0,0,23462.0,23616.75,18.232558139534884,0.6046511627906976,414,1
1756167300000,3,1.499375,1,0.0022057178172983686,1.0,0.0,0.07417583,12,0,0,1,23520.5,23410.0,0.18100890207715134,1.1483679525222552,25,0
1756169400000,3,1.4914583,1,0.00018181429274240123,1.0,0.0,0.35555556,3,0,0,1,23520.5,23371.25,4.370689655172414,0.13793103448275862,800,1
1756204560000,2,1.4622917,-1,4.254911763767299e-05,0.0,1.0,0.9139785,1,0,1,0,23415.25,23503.25,1.0,1.5,1,0
1756204860000,2,1.4547917,-1,8.51018562842402e-05,1.0,0.0,0.23684211,2,0,1,0,23415.25,23505.75,8.275862068965518,1.9310344827586208,171,0
1756218840000,2,1.3229166,-1,0.00014864836168269945,1.0,0.0,0.76865673,3,1,1,0,23415.25,23549.0,1.2258064516129032,1.1612903225806452,11,0
1756220340000,2,1.315625,-1,0.00023368953283337937,1.0,0.0,0.13432837,14,1,1,0,23415.25,23551.5,1.0172413793103448,1.1637931034482758,77,0
1756230960000,2,0.98875,1,0.00018098006025571417,0.0,1.0,0.115384616,2,1,0,0,23610.0,23479.0,6.6231884057971016,0.07246376811594203,137,1
1756240440000,3,0.9472917,-1,5.2945910457876234e-05,1.0,0.0,0.14285715,20,1,0,0,23493.0,23611.0,0.36666666666666664,1.2666666666666666,26,0
1756246320000,3,0.9375,-1,0.0004128688029980627,0.0,1.0,0.62886596,11,0,0,0,23493.0,23625.0,2.388888888888889,1.4166666666666667,221,0
1756259760000,2,1.9764583,-1,8.465339724664826e-05,0.0,1.0,0.3181818,1,0,0,1,23493.0,23629.0,36.46666666666667,0.9333333333333333,713,1
1756268700000,2,1.4985417,1,2.1181055663814286e-05,1.0,1.0,0.0,18,0,0,1,23629.0,23605.5,0.7105263157894737,1.5789473684210527,44,0
1756272300000,2,1.4854167,1,0.00011653406502600828,0.0,1.0,0.6086956,6,0,0,1,23629.0,23595.0,1.2222222222222223,1.6111111111111112,29,0
1756274220000,2,1.47625,1,9.53612070609676e-05,0.0,1.0,0.52,3,0,0,1,23629.0,23592.25,8.166666666666666,1.6666666666666667,84,0
1756279740000,2,1.433125,1,0.00012723455690565557,0.0,1.0,0.68604654,2,0,1,0,23629.0,23575.5,2.6296296296296298,1.2222222222222223,65,0
1756283940000,2,1.4179167,1,7.422724139759292e-05,0.0,1.0,0.1,4,0,1,0,23629.0,23573.25,0.13333333333333333,1.1111111111111112,9,0
1756284720000,2,1.4147917,1,0.00010606703436571913,0.0,1.0,0.1388889,3,0,1,0,23629.0,23567.5,5.903225806451613,1.2580645161290323,229,0
1756299300000,3,0.99145836,1,0.00011669230361215721,1.0,0.0,0.056338027,13,1,1,0,23629.0,23563.5,0.3283582089552239,1.4029850746268657,11,0
1756301400000,3,0.98625,1,3.186912413023849e-05,0.0,1.0,0.9814815,0,1,1,0,23629.0,23533.0,27.333333333333332,13.0,1,0
1756302420000,3,0.98104167,1,0.00034031330093267116,0.0,1.0,0.6145833,1,1,1,0,23629.0,23493.25,0.34234234234234234,1.1711711711711712,2,0
1756302840000,3,0.9770833,1,0.0,1.0,0.0,0.05882353,4,1,1,0,23629.0,23499.5,2.30625,0.6,122,1
1756310340000,3,1.3508333,-1,8.46390672774786e-05,0.0,1.0,0.27272728,3,1,1,0,23567.5,23631.75,7.65625,0.125,25,1
1756312080000,3,0.945,1,7.432023527663053e-05,0.0,1.0,0.5942029,1,1,0,0,23629.0,23545.0,1.0,1.2142857142857142,9,0
1756312740000,3,0.9422917,1,0.0004882501539049398,0.0,1.0,0.04255319,2,1,0,0,23629.0,23542.0,2.8777777777777778,0.25555555555555554,91,1
1756318920000,3,1.3229166,-1,5.2840158520475564e-05,1.0,0.0,0.66923076,6,1,0,0,23567.5,23657.5,7.813953488372093,0.9302325581395349,50,1
1756323180000,3,0.91,1,0.00046653165523310677,1.0,0.0,0.018779343,20,1,0,0,23629.0,23552.5,0.4880382775119617,0.023923444976076555,16,1
1756324320000,3,1.3022916,-1,0.00028560850478658695,0.0,1.0,0.6103896,2,1,0,0,23567.5,23640.5,0.7666666666666667,1.4666666666666666,2,0
1756324740000,3,1.30125,-1,0.00012701100762066046,1.0,0.0,0.027522936,0,1,0,0,23567.5,23646.5,1.4433962264150944,2.452830188679245,21,0
1756326000000,3,1.9958333,-1,0.0026079489435686496,1.0,0.0,0.0,0,1,0,0,23567.5,23685.0,1.4116222760290558,0.0,1,1
1756326540000,3,0.895625,1,0.0005112365534135691,1.0,0.0,0.026755853,7,1,0,0,23629.0,23429.0,0.37800687285223367,0.6030927835051546,575,1
1756364820000,3,1.6616666,-1,0.00013755449274135522,0.0,1.0,0.13846155,2,0,1,0,23493.0,23630.25,0.9285714285714286,1.2678571428571428,52,0
1756368780000,3,1.6502084,-1,7.399107878992875e-05,0.0,1.0,0.9919355,1,0,1,0,23493.0,23653.25,19.0,17.0,1,0
1756369500000,3,0.84708333,-1,0.00014797433702212217,0.0,1.0,0.359375,1,0,1,0,23493.0,23662.0,6.7073170731707314,5.341463414634147,305,0
1756387800000,3,2.28125,-1,5.2730935130403605e-05,0.0,1.0,0.98381877,0,1,1,0,23583.0,23706.5,3.4,23.2,1,0
1756387920000,3,2.2808332,-1,0.00039006082840486203,0.0,1.0,0.31111112,0,1,1,0,23583.0,23729.75,0.25806451612903225,1.7258064516129032,1,0
1756387980000,3,2.280625,-1,5.265430343621984e-05,0.0,1.0,0.9593496,0,1,1,0,23583.0,23741.0,13.6,2.8,1,0
1756388040000,3,2.2804167,-1,0.00016857365615188487,0.0,1.0,0.2804878,0,1,1,0,23583.0,23743.25,10.457627118644067,0.559322033898305,22,1
1756389780000,2,0.97583336,1,0.0002754820936639118,1.0,0.0,0.04048583,6,1,1,0,23650.0,23572.5,0.5443037974683544,0.569620253164557,3,1
1756390740000,3,2.27375,-1,4.223820234210832e-05,1.0,1.0,0.19,11,1,1,0,23583.0,23676.25,0.29012345679012347,1.0308641975308641,15,0
1756391700000,3,2.2677083,-1,5.285412262156448e-05,0.0,1.0,0.33333334,0,1,1,0,23583.0,23663.0,0.36538461538461536,1.8076923076923077,4,0
1756392300000,3,2.266875,-1,0.00033765247119402355,0.0,1.0,0.6235955,2,1,1,0,23583.0,23701.75,0.05970149253731343,1.1044776119402986,1,0
1756392540000,3,2.2654166,-1,0.00016866250632484398,0.0,1.0,0.6944444,1,1,1,0,23583.0,23720.0,1.3181818181818181,1.0454545454545454,5,0
1756394400000,3,2.26375,-1,0.0002315911363755987,0.0,1.0,0.39484978,4,1,1,0,23583.0,23754.25,1.5390070921985815,1.3333333333333333,68,0
1756398600000,2,1.9689584,-1,7.367025195226167e-05,0.0,1.0,0.046511628,1,1,0,0,23583.0,23760.5,0.5121951219512195,1.0365853658536586,21,0
1756400340000,2,1.964375,-1,4.209019929709367e-05,1.0,0.0,0.12592593,7,1,0,0,23583.0,23761.5,0.3305084745762712,1.0,30,0
1756402260000,2,1.9564583,-1,0.00042083999663328003,0.0,1.0,0.25373134,1,1,0,0,23664.75,23772.0,0.38,1.2,21,0
1756404900000,2,1.9516667,-1,0.00015774363504432597,1.0,0.0,0.09090909,8,1,0,0,23664.75,23777.25,0.0,1.1666666666666667,12,0
1756455300000,2,1.31,1,5.283848332417466e-05,0.0,1.0,0.85106385,1,0,1,0,23755.75,23655.75,1.5714285714285714,1.5714285714285714,1,0
1756455900000,2,1.3091667,1,0.00011623360841953992,0.0,1.0,0.171875,9,0,1,0,23755.75,23654.75,0.8301886792452831,1.7358490566037736,26,0
1756457640000,2,1.301875,1,0.0002537722182864031,0.0,1.0,0.76666665,0,0,1,0,23755.75,23636.25,1.0357142857142858,1.75,2,0
1756458000000,2,1.3008333,1,0.00019041574103459218,0.0,1.0,0.6935484,1,0,1,0,23755.75,23624.5,1.0,3.6315789473684212,2,0
1756471320000,2,0.98125,-1,0.00042246232164168857,1.0,0.0,0.36744186,12,1,1,0,23583.0,23680.75,2.3970588235294117,0.6985294117647058,63,1
1756475280000,2,1.178125,1,0.0003715538381511481,0.0,1.0,0.71666664,1,1,1,0,23755.75,23541.0,0.0,1.2058823529411764,1,0
1756475940000,2,1.1772916,1,0.0003933450273746877,0.0,1.0,0.8218182,2,1,1,0,23755.75,23507.0,2.36734693877551,1.5714285714285714,1,0
1756477200000,2,0.9116667,1,0.0002560382350430998,1.0,1.0,0.27181208,5,1,1,0,23755.75,23428.0,0.6175115207373272,1.0829493087557605,30,0
1756479540000,3,1.0645833,1,0.00023485204321277596,0.0,1.0,0.4556962,1,1,1,0,23755.75,23413.5,2.953488372093023,1.4069767441860466,136,0
1756488360000,3,1.034375,1,9.613843935266785e-05,1.0,0.0,0.06666667,9,1,0,0,23755.75,23401.5,3.392857142857143,1.2714285714285714,702,0
1756497000000,2,0.97770834,-1,4.256405890865753e-05,0.0,1.0,0.04040404,3,1,0,0,23429.0,23495.0,0.4368421052631579,0.22631578947368422,4,1
1756497420000,3,1.00125,1,0.00015999488016383475,0.0,1.0,0.12142857,2,1,0,0,23491.5,23425.5,1.4065040650406504,0.6260162601626016,67,1
1756678320000,3,0.38666666,-1,8.50584245053321e-05,0.0,1.0,0.7847222,3,0,0,0,23429.0,23515.25,1.1612903225806452,1.5806451612903225,29,0
1756681440000,3,0.37895834,-1,9.557488292076843e-05,0.0,1.0,0.8244275,2,0,0,1,23429.0,23546.0,2.0,1.5217391304347827,63,0
1756685400000,1,1.0,-1,0.00011679142113924723,0.0,1.0,0.34146342,3,0,0,1,23464.25,23549.0,0.1111111111111111,1.0,1,0
1756695780000,1,1.0,1,0.00018116521201658195,0.0,1.0,0.23943663,1,0,0,1,23755.75,23453.0,1.3518518518518519,1.0925925925925926,19,0
1756701120000,3,0.79375,1,0.00012808060539432815,0.0,1.0,0.2631579,2,0,0,1,23555.25,23419.75,0.0,1.3333333333333333,3,0
1756701900000,3,0.79270834,1,9.611379873770544e-05,1.0,1.0,0.09859155,7,0,0,1,23555.25,23407.5,1.578125,1.21875,78,0
1756708200000,3,0.774375,1,0.0001497326203208556,0.0,1.0,0.5052083,1,0,0,1,23555.25,23371.5,4.873684210526315,1.1789473684210525,1210,0
1756741620000,2,1.4566667,-1,0.00011701256289425256,1.0,0.0,0.08571429,16,1,1,0,23429.0,23507.0,2.15625,1.5,73,0
1756769400000,3,1.0570834,1,0.0001173658828048312,1.0,0.0,0.08108108,4,0,0,1,23511.0,23428.25,2.3088235294117645,1.1470588235294117,165,0
1756780380000,3,1.021875,1,0.00018145333447186406,0.0,1.0,0.7162162,1,0,0,1,23484.5,23416.0,0.3333333333333333,1.0,2,0
1756780920000,3,1.0177083,1,6.405876323881108e-05,0.0,1.0,0.5,1,0,0,1,23484.5,23414.5,5.904761904761905,2.0952380952380953,147,0
1756789920000,3,0.985625,1,7.476236249065471e-05,0.0,1.0,0.2982456,1,0,0,1,23484.5,23404.75,3.75,1.475,121,0
1756797540000,3,1.4595833,1,0.00017101325352714836,0.0,1.0,0.18390805,2,0,1,0,23484.5,23384.25,0.1267605633802817,1.295774647887324,4,0
1756798080000,3,1.4577084,1,0.00024590251568964967,1.0,0.0,0.03448276,3,0,1,0,23484.5,23372.75,0.42142857142857143,1.0,11,0
1756800060000,3,1.454375,1,0.0004723716276423288,1.0,0.0,0.7794118,1,0,1,0,23484.5,23267.5,1.5238095238095237,1.0952380952380953,143,0
1756809840000,2,0.9825,1,0.00031195877841245253,0.0,1.0,0.42372882,1,0,1,0,23333.75,23231.25,0.1568627450980392,1.0,25,0
1756843140000,2,1.43875,-1,0.0002039983680130559,0.0,1.0,0.54867256,2,1,0,0,23026.5,23290.0,0.6078431372549019,3.2745098039215685,8,0
1756844340000,2,1.4360417,-1,0.000503131188781245,0.0,1.0,0.94736844,9,1,0,0,23026.5,23374.5,2.0,2.8,2,0
1756845060000,2,1.433125,-1,8.55267377964036e-05,1.0,0.0,0.04040404,6,1,0,0,23026.5,23386.5,0.22105263157894736,1.0421052631578946,29,0
1756871040000,2,0.9795833,1,0.0003753995323594397,0.0,1.0,0.095744684,4,0,0,1,23340.5,23299.75,0.9529411764705882,0.611764705882353,159,1
1756879980000,2,1.4975,-1,0.00023570502587398352,0.0,1.0,0.2826087,1,0,0,1,23311.75,23339.75,0.5454545454545454,1.1818181818181819,10,0
1756882020000,2,1.4952084,-1,0.00020333251286880772,0.0,1.0,0.5535714,17,0,0,1,23311.75,23365.5,2.66,1.3,59,0
1756886700000,3,1.4491667,-1,0.00016032835246585007,0.0,1.0,0.5681818,1,0,1,0,23311.75,23393.25,0.2631578947368421,1.5789473684210527,2,0
1756886820000,3,1.4485416,-1,5.3430791096292974e-05,0.0,1.0,0.8333333,0,0,1,0,23311.75,23396.0,0.6,4.2,1,0
1756886880000,3,1.4483334,-1,2.1367977948246757e-05,0.0,1.0,0.9166667,0,0,1,0,23311.75,23400.0,4.0,9.0,1,0
1756886940000,3,1.448125,-1,2.1364325848697845e-05,0.0,1.0,0.9230769,0,0,1,0,23311.75,23404.0,9.0,4.0,1,0
1756887840000,3,1.4477084,-1,0.00010670422655441382,0.0,1.0,0.6618705,1,0,1,0,23311.75,23431.75,1.851063829787234,1.148936170212766,73,0
1756892640000,3,1.4297917,-1,7.464994507896898e-05,0.0,1.0,0.76119405,1,0,1,0,23311.75,23444.5,4.5,1.125,46,0
1756895640000,3,1.41875,-1,0.00011730830756105365,0.0,1.0,0.0,1,0,1,0,23311.75,23448.0,0.723404255319149,1.0851063829787233,27,0
1756897620000,3,1.4122916,-1,8.528330046372794e-05,0.0,1.0,0.9019608,1,0,1,0,23311.75,23455.75,9.6,3.2,4,0
1756897980000,3,1.41,-1,3.197612449371136e-05,0.0,1.0,0.41935483,1,0,1,0,23311.75,23457.75,18.555555555555557,1.7222222222222223,174,0
1756911180000,2,1.0422916,-1,0.00011690561465783852,0.0,1.0,0.5535714,2,1,1,0,23311.75,23526.0,7.31,1.26,615,0
1756944060000,2,1.0,1,0.0003093300338129727,1.0,0.0,0.11290322,1,0,0,1,23511.0,23430.5,5.163636363636364,0.10909090909090909,21,1
1756945380000,2,1.3829167,-1,0.0002658556297588158,0.0,1.0,0.125,1,0,0,1,23432.25,23515.25,1.1785714285714286,1.0714285714285714,99,0
1756951860000,2,1.3620833,-1,0.00019126147568854132,0.0,1.0,0.41747573,3,0,0,1,23432.25,23532.5,4.466666666666667,1.2166666666666666,483,0
1756969140000,2,1.4758333,1,0.00011724703951225231,0.0,1.0,0.82,2,0,0,1,23511.0,23452.0,4.0,1.6666666666666667,1,0
1756979820000,2,1.263125,-1,3.189996172004593e-05,0.0,1.0,0.5,0,0,1,0,23432.25,23511.75,1.6666666666666667,2.3333333333333335,1,0
1756979880000,2,1.2629167,-1,3.189860496767608e-05,0.0,1.0,0.75,0,0,1,0,23432.25,23512.75,1.0,8.0,1,0
1756979940000,2,1.2627083,-1,7.441662680061659e-05,0.0,1.0,0.7407407,0,0,1,0,23432.25,23518.0,0.8571428571428571,1.4285714285714286,1,0
1756980600000,2,1.274375,-1,5.313270424211511e-05,0.0,1.0,0.21212122,2,0,1,0,23432.25,23528.75,0.6153846153846154,2.076923076923077,4,0
1756981020000,2,1.2720833,-1,0.00018060897095382785,0.0,1.0,0.15384616,3,0,1,0,23432.25,23535.75,6.136363636363637,1.0454545454545454,197,0
1756992960000,2,1.7304167,-1,0.0005630989566732539,0.0,1.0,0.21875,1,1,1,0,23432.25,23548.25,2.912,0.192,28,1
1756994760000,2,1.3241667,1,0.00044800955753722746,0.0,1.0,0.43119267,1,1,1,0,23526.0,23421.75,2.161290322580645,1.5,9,0
1756995360000,2,1.3216667,1,4.271405078700639e-05,0.0,1.0,0.9583333,0,1,1,0,23526.0,23410.5,15.5,1.5,1,0
1756995420000,2,1.3214583,1,6.403483495021292e-05,0.0,1.0,0.13235295,0,1,1,0,23526.0,23410.0,7.1525423728813555,0.5932203389830508,21,1
1756996740000,2,1.7170833,-1,0.0001912797679138816,0.0,1.0,0.3015873,1,1,1,0,23432.25,23530.25,2.5681818181818183,1.4090909090909092,21,0
1756998660000,2,1.7125,-1,0.00029750520634111096,1.0,0.0,0.03448276,5,1,1,0,23432.25,23541.25,0.17261904761904762,1.2083333333333333,11,0
1756999800000,2,1.7077084,-1,0.00018047475476665675,0.0,1.0,0.25,2,1,1,0,23432.25,23556.0,1.621212121212121,1.5454545454545454,78,0
1757005020000,3,0.94,-1,6.365710041907592e-05,1.0,0.0,0.2948718,7,1,0,0,23432.25,23565.25,1.0909090909090908,1.2545454545454546,7,0
1757005440000,3,0.93666667,-1,5.303914288745094e-05,0.0,1.0,0.9019608,0,1,0,0,23432.25,23568.75,1.4,4.4,1,0
1757005740000,3,0.93645835,-1,0.0002121048222031328,0.0,1.0,0.28,2,1,0,0,23432.25,23578.25,2.138888888888889,1.1944444444444444,18,0
1757007300000,3,0.9316667,-1,4.241916497873739e-05,0.0,1.0,0.49056605,7,1,0,0,23432.25,23579.75,1.037037037037037,1.0,6,0
1757008500000,3,0.92895836,-1,8.473768390725461e-05,0.0,1.0,0.60294116,2,1,0,0,23432.25,23604.25,0.8333333333333334,1.5,21,0
1757010600000,3,0.9216667,-1,0.0003601313420188539,0.0,1.0,0.3043478,14,1,0,0,23432.25,23611.0,0.0,1.25,3,0
1757010780000,3,0.918125,-1,0.00012705942145610098,0.0,1.0,0.47826087,0,1,0,0,23432.25,23614.0,0.25,2.0,2,0
1757011380000,3,0.9175,-1,7.409524414382945e-05,1.0,0.0,0.20512821,2,1,0,0,23432.25,23620.0,0.9032258064516129,1.0,6,0
1757013420000,3,0.91479164,-1,0.00011635040511095598,0.0,1.0,0.8165138,2,1,0,0,23432.25,23638.75,0.5,1.45,3,0
1757014080000,3,0.90833336,-1,0.0,1.0,0.0,0.031746034,6,1,0,0,23432.25,23643.25,0.4098360655737705,1.1147540983606556,23,0
1757015940000,3,0.901875,-1,0.00019010603692281696,0.0,1.0,0.6885246,1,1,0,0,23432.25,23680.5,0.543859649122807,1.894736842105263,12,0
1757031600000,2,0.998125,-1,0.00012645289102922115,0.0,1.0,0.578125,1,0,0,1,23432.25,23727.25,0.5555555555555556,1.2222222222222223,8,0
1757032200000,2,0.9941667,-1,8.42930447701434e-05,0.0,1.0,0.060606062,2,0,0,1,23432.25,23728.75,0.12903225806451613,1.3548387096774193,27,0
1757034360000,2,0.988125,-1,0.00013695599498530356,0.0,1.0,0.4857143,6,0,0,1,23701.75,23733.5,0.2777777777777778,1.0,9,0
1757062860000,2,0.9875,-1,0.00019968680700795593,0.0,1.0,0.0,1,0,1,0,23743.5,23792.0,0.6,1.2222222222222223,130,0
1757071440000,2,1.4852084,-1,2.1008844723628648e-05,0.0,1.0,0.74545455,2,0,1,0,23743.5,23800.0,8.214285714285714,1.0,65,0
1757075400000,2,1.4689584,-1,0.002410703946606592,1.0,0.0,0.19415449,0,1,1,0,23743.5,23844.75,0.02072538860103627,1.0207253886010363,20,0
1757076900000,2,1.464375,-1,0.00011522788933932518,0.0,1.0,0.78846157,1,1,1,0,23743.5,23868.5,1.1363636363636365,1.2272727272727273,1,0
1757078100000,2,1.4633334,-1,8.369338926841516e-05,0.0,1.0,0.77011496,8,1,1,0,23743.5,23898.75,3.625,1.375,15,0
1757082000000,2,1.4341667,1,0.00013715829121870417,0.0,1.0,0.41935483,1,1,1,0,23902.5,23692.0,0.0,1.1388888888888888,2,0
1757083380000,2,1.4329166,1,0.00030724895641302737,0.0,1.0,0.8574074,1,1,1,0,23902.5,23589.25,0.6623376623376623,1.5714285714285714,2,0
1757083980000,2,1.428125,1,0.00012730204531952814,1.0,0.0,0.024590164,3,1,1,0,23902.5,23563.0,0.2605042016806723,1.2100840336134453,5,0
1757085180000,2,1.4254167,1,0.00029772031303164343,1.0,0.0,0.32857144,3,1,1,0,23902.5,23505.0,5.76595744680851,0.09361702127659574,3076,1
1757097120000,2,0.99333334,-1,0.00012679360114959532,0.0,1.0,0.71428573,0,1,0,0,23505.0,23663.5,10.166666666666666,2.0833333333333335,33,0
1757099880000,2,0.98645836,-1,0.00010554535283811454,0.0,1.0,0.6268657,2,1,0,0,23505.0,23689.0,0.86,1.22,6,0
1757100660000,2,0.9825,-1,8.442291660071126e-05,1.0,0.0,0.017857144,6,1,0,0,23505.0,23692.25,0.7636363636363637,1.0545454545454545,28,0
1757102820000,2,0.97520834,-1,0.00022168267708223371,1.0,0.0,0.44827586,7,1,0,0,23505.0,23696.25,1.2875,1.1125,80,0
1757284560000,3,0.38166666,-1,8.434281135675956e-05,0.0,1.0,0.82474226,0,0,0,0,23505.0,23717.0,1.588235294117647,1.0588235294117647,3,0
1757286960000,3,0.379375,-1,7.367955708060544e-05,1.0,0.0,0.7880435,5,0,0,1,23650.5,23754.75,0.02564102564102564,1.358974358974359,8,0
1757287980000,3,0.37,-1,0.00013666228646517739,0.0,1.0,0.729927,2,0,0,1,23650.5,23784.5,1.054054054054054,1.5405405405405406,33,0
1757291640000,1,1.0,-1,0.00011559843206490326,1.0,0.0,0.24615385,26,0,0,1,23650.5,23792.0,4.36734693877551,1.1224489795918366,767,0
1757298180000,2,0.99916667,1,0.00014743204962141556,0.0,1.0,0.7924528,2,0,0,1,23792.0,23735.75,3.9545454545454546,1.2727272727272727,113,0
1757305500000,2,1.4966667,1,0.00012638363753172756,1.0,0.0,0.02173913,9,0,0,1,23779.5,23734.25,0.4888888888888889,1.3333333333333333,17,0
1757307660000,2,1.49125,1,0.00014748174913354473,1.0,1.0,0.18644068,5,0,0,1,23779.5,23726.25,3.4583333333333335,0.75,136,1
1757316120000,2,1.4464583,-1,7.359280052145756e-05,0.0,1.0,0.11111111,4,0,1,0,23729.25,23781.25,1.8125,1.09375,22,0
1757317560000,2,1.440625,-1,8.410871050833202e-05,0.0,1.0,0.05882353,1,0,1,0,23729.25,23781.25,4.0625,1.28125,127,0
1757325420000,2,1.4139583,-1,5.255634039690548e-05,0.0,1.0,0.19354838,3,0,1,0,23729.25,23785.25,0.76,1.4,16,0
1757337780000,3,1.383125,-1,8.406363617258264e-05,0.0,1.0,0.37209302,2,1,1,0,23744.0,23793.5,1.3703703703703705,1.5555555555555556,5,0
1757338200000,3,1.3816667,-1,0.000977383554733479,0.0,1.0,0.3211679,0,1,1,0,23744.0,23811.25,0.7204301075268817,1.4301075268817205,4,0
1757338440000,3,1.3804166,-1,4.198108752007221e-05,0.0,1.0,0.95789474,0,1,1,0,23744.0,23821.25,8.25,6.25,1,0
1757338680000,3,1.3802084,-1,0.00031460721289470095,0.0,1.0,0.012658228,1,1,1,0,23744.0,23846.75,0.28205128205128205,1.1346153846153846,11,0
1757340960000,3,1.3770833,-1,5.235547271756317e-05,1.0,0.0,0.1969697,20,1,1,0,23744.0,23876.5,0.7672955974842768,1.0880503144654088,16,0
1757341980000,3,1.3683333,-1,0.00039806415118057446,0.0,1.0,0.28318584,1,1,1,0,23744.0,23880.0,0.345679012345679,1.3333333333333333,9,0
1757342640000,3,1.36625,-1,5.2333005379832954e-05,0.0,1.0,0.45,2,1,1,0,23744.0,23886.75,1.2727272727272727,1.2272727272727273,2,0
1757343000000,3,1.3654166,-1,0.00024076458457641134,1.0,0.0,0.23232323,4,1,1,0,23744.0,23888.0,6.631578947368421,0.8552631578947368,1365,1
1757417400000,2,1.485,1,0.0001364671796432958,1.0,0.0,0.3883495,10,0,1,0,23884.75,23811.0,1.9682539682539681,1.6666666666666667,94,0
1757424240000,2,1.4616667,1,0.00021003770176746727,0.0,1.0,0.47368422,18,1,1,0,23884.75,23800.25,2.2857142857142856,1.8,36,0
1757429100000,2,1.1802083,1,0.0001790925276276561,1.0,1.0,0.04,2,1,1,0,23884.75,23726.5,3.4791666666666665,0.6041666666666666,310,1
1757448300000,2,1.6635417,-1,9.419940968369932e-05,0.0,1.0,0.2125,10,1,0,0,23744.0,23887.75,0.0873015873015873,1.1031746031746033,14,0
1757451240000,3,1.1960417,-1,0.00016726603663126202,1.0,0.0,0.2112676,11,1,0,0,23744.0,23918.0,0.5714285714285714,1.0625,349,0
1757475840000,3,1.1035416,-1,9.407337723424271e-05,0.0,1.0,0.0,1,0,0,1,23874.0,23919.75,0.2857142857142857,1.2857142857142858,19,0
1757477700000,2,0.93666667,-1,4.180296173983927e-05,0.0,1.0,0.3809524,9,0,0,1,23874.0,23922.75,1.0,1.5384615384615385,16,0
1757478720000,2,0.93104166,-1,2.0899515131248954e-05,0.0,1.0,0.125,1,0,0,1,23874.0,23924.5,1.4761904761904763,2.0476190476190474,58,0
1757486700000,2,0.99583334,-1,8.35203841937673e-05,0.0,1.0,0.73493975,1,0,0,1,23874.0,23948.25,2.1363636363636362,1.0,25,0
1757493780000,2,1.483125,1,0.0001883357398455647,0.0,1.0,0.87401575,6,0,1,0,23953.75,23888.5,0.3125,1.0,2,0
1757494080000,2,1.478125,1,6.27917198652071e-05,1.0,0.0,0.09836066,1,0,1,0,23953.75,23887.0,0.2909090909090909,1.1272727272727272,22,0
1757505600000,2,0.95375,-1,5.217953935902654e-05,1.0,0.0,0.016129032,14,1,1,0,23874.0,23957.5,0.0,1.1475409836065573,3,0
1757506440000,2,0.949375,-1,9.390357146583475e-05,1.0,0.0,0.071428575,9,1,1,0,23874.0,23964.75,1.1384615384615384,5.6923076923076925,16,0
1757508600000,2,0.94375,-1,0.0021049998957920844,1.0,0.0,0.5968468,20,1,1,0,23874.0,24041.0,2.82122905027933,0.41899441340782123,328,1
1757529180000,2,1.28375,1,0.00035633436740169363,1.0,0.0,0.24305555,7,1,0,0,23990.75,23845.5,0.26605504587155965,1.18348623853211,15,0
1757530560000,2,1.2772917,1,0.00017825311942959,0.0,1.0,0.086538464,3,1,0,0,23990.75,23835.75,0.3473684210526316,1.1578947368421053,10,0
1757545200000,2,0.9775,-1,0.00011503508570113885,0.0,1.0,0.30136988,4,0,0,1,23785.0,23908.5,0.29411764705882354,1.0980392156862746,9,0
1757562960000,2,0.9920833,-1,6.271558482282847e-05,0.0,1.0,0.41935483,3,0,0,1,23785.0,23919.0,9.555555555555555,1.6666666666666667,156,0
1757565360000,2,0.99645835,1,0.00011514466356822845,0.0,1.0,0.7604167,2,0,0,1,23916.75,23880.25,0.08695652173913043,1.0,2,0
1757566260000,2,0.9920833,1,7.328154770628756e-05,0.0,1.0,0.16,1,0,0,1,23916.75,23878.75,0.23809523809523808,1.0,2,0
1757566500000,2,0.98895836,1,5.234560663323527e-05,0.0,1.0,0.46153846,1,0,0,1,23916.75,23878.0,0.8571428571428571,1.0,8,0
1757572740000,2,1.4808333,-1,6.270640859495841e-05,0.0,1.0,0.6226415,1,0,0,1,23871.5,23923.25,2.4,1.3,45,0
1757576280000,2,1.47,-1,9.40537151217473e-05,0.0,1.0,0.73015875,14,0,1,0,23871.5,23924.75,0.29411764705882354,1.5294117647058822,2,0
1757576580000,2,1.4666667,-1,6.26893741510814e-05,0.0,1.0,0.071428575,1,0,1,0,23871.5,23929.0,0.6538461538461539,1.1538461538461537,5,0
1757577240000,2,1.465,-1,5.22296852639166e-05,0.0,1.0,0.8717949,0,0,1,0,23871.5,23934.0,0.2,2.0,1,0
1757577360000,2,1.4633334,-1,0.0,0.0,1.0,0.1,0,0,1,0,23871.5,23934.0,1.3333333333333333,1.1111111111111112,3,0
1757577900000,2,1.4627084,-1,5.222859411070373e-05,0.0,1.0,0.2888889,1,0,1,0,23871.5,23938.25,0.1875,1.0625,8,0
1757593800000,2,1.48125,1,0.004735184296710403,1.0,0.0,0.034883723,0,1,1,0,23990.75,23845.0,0.21686746987951808,0.7088353413654619,60,1
1757597760000,2,1.23125,-1,0.0004065676309616888,1.0,1.0,0.17117117,4,1,1,0,23907.75,23997.75,0.9130434782608695,1.1032608695652173,30,0
1757599740000,2,1.2235416,-1,7.295922621529226e-05,0.0,1.0,0.103896104,0,1,1,0,23907.75,24003.25,2.2753623188405796,1.2173913043478262,26,0
1757601660000,2,1.2177083,-1,0.00019783217584156765,0.0,1.0,0.6436782,0,1,1,0,23907.75,24018.0,1.3870967741935485,1.5161290322580645,4,0
1757602200000,2,1.215625,-1,0.00032288975918673445,1.0,1.0,0.11111111,5,1,1,0,23907.75,24022.0,0.7980769230769231,1.3269230769230769,26,0
1757604420000,3,0.75875,-1,0.00027035739167507203,1.0,1.0,0.030927835,9,1,1,0,23907.75,24048.75,2.404255319148936,1.2127659574468086,1236,0
1757642940000,2,1.478125,1,4.1664930627890504e-05,0.0,1.0,0.6,2,0,0,1,24041.0,23999.5,0.2857142857142857,2.0,5,0
1757644500000,2,1.4720833,1,2.083984578514119e-05,1.0,0.0,0.47619048,11,0,0,1,24041.0,23992.0,7.636363636363637,1.3181818181818181,338,0
1757665140000,3,1.4972917,1,0.00016685437784173864,0.0,1.0,0.6695652,1,0,1,0,24041.0,23968.75,6.657894736842105,0.5263157894736842,218,1
1757678460000,3,1.000625,-1,0.00014556343446526233,0.0,1.0,0.09756097,2,1,1,0,24001.0,24048.0,2.5945945945945947,1.6216216216216217,62,0
1757682300000,3,1.2864584,-1,0.00016634956281255523,0.0,1.0,0.3846154,0,1,1,0,24001.0,24049.75,0.75,1.0,3,0
1757682480000,3,1.2858334,-1,2.079066914768652e-05,0.0,1.0,0.88235295,0,1,1,0,24001.0,24049.75,2.0,3.5,1,0
1757682540000,3,1.285625,-1,1.0394686236395954e-05,0.0,1.0,0.90909094,0,1,1,0,24001.0,24051.0,4.0,4.0,1,0
1757682840000,3,1.2854167,-1,4.1579177148084236e-05,0.0,1.0,0.36363637,4,1,1,0,24001.0,24051.75,3.0,4.357142857142857,16,0
1757684100000,3,1.2810416,-1,0.00019754215965565283,1.0,0.0,0.12230216,4,1,1,0,24001.0,24052.5,0.6557377049180327,1.0901639344262295,28,0
1757685960000,3,1.2741667,-1,0.0002494906233107406,0.0,1.0,0.37142858,2,1,1,0,24001.0,24055.0,0.22727272727272727,1.3181818181818181,1,0
1757686320000,3,1.2735417,-1,0.0001454938476887263,1.0,0.0,0.07865169,2,1,1,0,24001.0,24061.0,0.6829268292682927,1.5365853658536586,9,0
1757688300000,3,1.270625,-1,0.00013493035517821186,0.0,1.0,0.90909094,0,1,1,0,24001.0,24089.75,0.9230769230769231,2.230769230769231,1,0
1757688360000,3,1.2654166,-1,0.00010377211643231463,0.0,1.0,0.75609756,0,1,1,0,24001.0,24093.75,1.2,1.5,1,0
1757688480000,3,1.265,-1,8.301941616595581e-05,0.0,1.0,0.47368422,0,1,1,0,24001.0,24093.25,0.7,2.3,1,0
1757688540000,3,1.2647916,-1,6.22535795808259e-05,0.0,1.0,0.8,0,1,1,0,24001.0,24096.5,1.1666666666666667,2.0,1,0
1757688960000,3,1.2645833,-1,0.00035259102552136803,0.0,1.0,0.5050505,1,1,1,0,24001.0,24115.75,2.63265306122449,1.7346938775510203,121,0
1757696520000,2,0.988125,-1,0.00015546619128560177,1.0,0.0,0.05263158,5,1,0,0,24071.25,24124.75,0.8472222222222222,1.0694444444444444,55,0
1757700300000,2,0.97541666,-1,8.289468230613006e-05,0.0,1.0,0.09375,7,1,0,0,24071.25,24129.0,0.034482758620689655,1.5862068965517242,28,0
1757895480000,1,1.0,1,0.00015560973079516572,0.0,1.0,0.114754096,2,0,0,1,24129.75,24095.0,0.037037037037037035,1.2592592592592593,10,0
1757906220000,3,0.9589583,-1,0.00016577905796050314,0.0,1.0,0.3846154,0,0,0,1,24091.5,24132.5,2.9375,1.875,79,0
1757911200000,3,0.9425,-1,0.0001553937158781299,1.0,0.0,0.0,4,0,0,1,24091.5,24136.0,0.7096774193548387,1.2580645161290323,55,0
1757915340000,3,0.9302083,-1,1.0354325001553149e-05,0.0,1.0,0.40350878,6,0,0,1,24091.5,24144.75,0.20588235294117646,1.0294117647058822,20,0
1757917260000,3,0.923125,-1,7.248102550296655e-05,1.0,0.0,0.17948718,10,0,0,1,24091.5,24146.0,0.8125,1.0,11,0
1757920500000,3,0.9160417,-1,5.175876275853502e-05,1.0,1.0,0.06382979,13,0,1,0,24091.5,24153.0,0.3181818181818182,1.1136363636363635,9,0
1757921160000,3,0.9075,-1,0.00014493053686411727,0.0,1.0,0.08108108,2,0,1,0,24091.5,24154.25,0.6176470588235294,1.088235294117647,9,0
1757921940000,3,0.90520835,-1,0.0002070029083908629,0.0,1.0,0.33333334,3,0,1,0,24091.5,24159.25,9.46875,0.46875,25,1
1757923500000,3,1.9491667,1,0.0004048120737795954,0.0,1.0,0.0,1,0,1,0,24159.0,24075.5,1.5661764705882353,0.8676470588235294,250,1
1757939160000,2,1.446875,-1,3.102795618852586e-05,0.0,1.0,0.5726496,3,1,1,0,24091.5,24172.5,1.58,1.2,33,0
1757941440000,2,1.4377084,-1,6.204115396546376e-05,0.0,1.0,0.22727273,2,1,1,0,24091.5,24179.0,0.9705882352941176,1.5,24,0
1757961900000,2,0.99104166,1,0.0001340289090046807,0.0,1.0,0.3392857,2,1,0,0,24294.25,24245.25,5.243243243243243,0.2702702702702703,72,1
1757965800000,2,1.49,-1,0.00011322114147496269,1.0,0.0,0.14457831,2,1,0,0,24248.75,24293.0,0.5492957746478874,1.0,6,0
1757966700000,2,1.4879167,-1,0.0001748143882524731,1.0,0.0,0.031578947,6,1,0,0,24248.75,24315.75,0.3695652173913043,1.1195652173913044,275,0
1757987460000,3,0.9791667,-1,5.1399611418937676e-05,1.0,0.0,0.5365854,5,0,0,1,24248.75,24320.5,0.8421052631578947,1.4210526315789473,24,0
1757990100000,3,0.971875,-1,0.0004212256639441105,0.0,1.0,0.69902915,4,0,0,1,24248.75,24344.0,1.2580645161290323,1.2903225806451613,59,0
1757993700000,3,0.9554167,-1,0.00014377997555740417,0.0,1.0,0.054054055,1,0,0,1,24248.75,24346.25,0.42857142857142855,1.2,96,0
1758000000000,2,0.9975,-1,9.240910537718316e-05,0.0,1.0,0.23404256,6,0,0,1,24284.25,24352.0,0.25,1.0555555555555556,29,0
1758002220000,2,0.9897917,-1,3.078849331376553e-05,0.0,1.0,0.39534885,4,0,0,1,24284.25,24360.5,0.38461538461538464,1.0384615384615385,4,0
1758007260000,2,0.9975,-1,0.00017440727175730715,0.0,1.0,0.8111111,0,0,1,0,24333.75,24372.5,1.8823529411764706,1.2352941176470589,14,0
1758008100000,2,0.9927083,-1,5.1292046655245635e-05,0.0,1.0,0.45833334,0,0,1,0,24333.75,24373.5,1.1538461538461537,1.6923076923076923,2,0
1758008460000,2,0.9922917,-1,0.00015387456145749985,1.0,0.0,0.07317073,4,0,1,0,24333.75,24375.75,1.3157894736842106,1.236842105263158,21,0
1758009900000,2,0.9870833,-1,0.00011278465308466027,0.0,1.0,0.8358209,0,0,1,0,24340.25,24385.5,0.0,2.6363636363636362,1,0
1758010800000,2,0.98604167,-1,8.200250107628282e-05,0.0,1.0,0.09615385,4,0,1,0,24340.25,24395.75,0.14893617021276595,1.3404255319148937,27,0
1758012960000,2,0.97770834,-1,4.0980247520695025e-05,1.0,1.0,0.07317073,6,0,1,0,24340.25,24403.75,5.684210526315789,0.8157894736842105,214,1
1758026220000,2,1.44375,1,0.00015404206375287544,1.0,0.0,0.0,7,1,1,0,24403.75,24340.25,0.37662337662337664,1.2337662337662338,53,0
1758031680000,2,1.43125,1,0.00029848902795504137,1.0,0.0,0.6312292,11,1,1,0,24403.75,24280.5,0.08108108108108109,1.063063063063063,4,0
1758032040000,3,0.8722917,1,0.00016464462486751253,0.0,1.0,0.3604651,1,1,1,0,24403.75,24280.75,1.7272727272727273,1.309090909090909,47,0
1758035040000,3,0.8622917,1,0.0001442020476690769,0.0,1.0,0.69135803,1,1,1,0,24403.75,24268.0,4.28,1.48,37,0
1758037920000,3,0.8539583,1,0.00018544656563263036,0.0,1.0,0.20689656,10,1,1,0,24403.75,24261.25,0.3188405797101449,1.0,6,0
1758038460000,3,0.85041666,1,6.182316513997795e-05,0.0,1.0,0.06666667,3,1,0,0,24318.25,24261.25,0.2619047619047619,1.2619047619047619,2,0
1758049800000,2,0.96125,-1,0.00013365410318096765,1.0,0.0,0.11111111,4,1,0,0,24248.75,24319.75,1.8,1.3,40,0
1758052380000,2,0.95208335,-1,0.00013363761590493226,0.0,1.0,0.12345679,3,1,0,0,24248.75,24322.75,3.6619718309859155,0.4507042253521127,701,1
1758098340000,3,1.4929167,1,0.00041250721887633036,0.0,1.0,0.66494846,3,0,1,0,24312.75,24231.75,0.2153846153846154,1.6615384615384616,3,0
1758098640000,3,1.49125,1,0.00023728219042411613,0.0,1.0,0.025423728,1,0,1,0,24312.75,24217.75,1.8956521739130434,1.1217391304347826,317,0
1758117780000,3,1.4247917,1,0.0005366744759683363,0.0,1.0,0.125,1,1,1,0,24312.75,24206.25,0.2857142857142857,1.0761904761904761,24,0
1758120240000,3,1.419375,1,0.00025836588743515014,0.0,1.0,0.9574468,1,1,1,0,24312.75,24184.25,3.1666666666666665,6.166666666666667,1,0
1758120780000,3,1.4154167,1,9.306365554038963e-05,0.0,1.0,0.49484536,2,1,1,0,24312.75,24170.75,1.0816326530612246,1.0408163265306123,11,0
1758121620000,3,1.4116666,1,0.00012410540685889215,0.0,1.0,0.54901963,1,1,1,0,24312.75,24164.25,5.782608695652174,1.5217391304347827,35,0
1758123720000,3,1.40375,1,0.00028963619624921123,0.0,1.0,0.2,0,1,1,0,24312.75,24161.25,2.25,1.3214285714285714,12,0
1758124560000,3,1.40125,1,0.00019657544876105736,0.0,1.0,0.03448276,2,1,1,0,24312.75,24159.0,0.125,1.0357142857142858,11,0
1758132960000,3,1.2220833,1,0.0013277044198035412,0.0,1.0,0.16666667,1,1,0,0,24312.75,24052.5,1.675,1.0291666666666666,27,0
1758134820000,3,1.2160417,1,0.0006446313644350638,0.0,1.0,0.24060151,1,1,0,0,24312.75,24027.0,0.8960396039603961,1.3564356435643565,6,0
1758135300000,3,1.2139584,1,0.00035373187124159886,0.0,1.0,0.24013157,1,1,0,0,24312.75,24003.5,4.3852813852813854,0.1038961038961039,173,1
1758151140000,3,1.2647916,-1,4.109518672625469e-05,0.0,1.0,0.8686131,1,0,0,1,24091.5,24335.5,0.3888888888888889,1.0555555555555556,11,0
1758152040000,3,1.2558334,-1,7.189811010682005e-05,0.0,1.0,0.22580644,2,0,0,1,24091.5,24341.75,1.7083333333333333,1.2916666666666667,15,0
1758153420000,3,1.2520833,-1,5.134788189987163e-05,0.0,1.0,0.5555556,1,0,0,1,24091.5,24345.0,6.0,1.625,71,0
1758158040000,2,1.4983333,-1,8.21422704123542e-05,0.0,1.0,0.4893617,2,0,0,1,24091.5,24350.0,3.3333333333333335,1.4166666666666667,41,0
1758160620000,2,1.4885417,-1,2.0533459271883533e-05,0.0,1.0,0.36363637,0,0,0,1,24091.5,24354.0,2.142857142857143,1.2857142857142858,17,0
1758169380000,3,1.045625,-1,0.00011270260855310342,0.0,1.0,0.02631579,2,0,0,1,24317.0,24404.0,0.0,1.864864864864865,9,0
1758170220000,3,1.0433333,-1,0.00033806279772575934,1.0,0.0,0.026666667,5,0,0,1,24317.0,24412.0,2.712328767123288,1.2602739726027397,193,0
1758182400000,3,1.0020833,-1,1.0234681240852753e-05,0.0,1.0,0.5588235,3,0,1,0,24344.25,24428.25,0.4,1.8333333333333333,3,0
1758194220000,2,0.9875,-1,8.161016862701093e-05,1.0,0.0,0.7990654,1,0,1,0,24344.25,24508.75,0.27906976744186046,1.1162790697674418,3,0
1758194640000,2,0.98333335,-1,4.0800505926273486e-05,0.0,1.0,0.12,2,0,1,0,24344.25,24512.75,2.6136363636363638,1.2727272727272727,62,0
1758201360000,2,0.98770833,1,0.00023552783836646083,1.0,0.0,0.21359223,10,1,1,0,24520.5,24407.5,0.5185185185185185,1.3148148148148149,24,0
1758205320000,2,0.98375,-1,0.00013251243578243498,0.0,1.0,0.1965812,1,1,1,0,24344.25,24535.5,0.18085106382978725,1.0425531914893618,3,0
1758205980000,2,0.98229164,-1,0.00023417057799407447,0.0,1.0,0.425,2,1,1,0,24344.25,24563.0,2.3369565217391304,1.0217391304347827,46,0
1758208920000,2,0.9710417,-1,0.000254471056462038,0.0,1.0,0.28,2,1,1,0,24344.25,24569.25,10.722222222222221,4.87037037037037,1251,0
1758223680000,2,0.9945833,1,7.151102802210712e-05,0.0,1.0,0.44444445,1,1,0,0,24551.5,24470.0,1.4,2.08,5,0
1758224880000,2,0.993125,1,1.022369443422075e-05,0.0,1.0,0.9915254,0,1,0,0,24551.5,24452.75,39.0,8.0,1,0
1758225000000,2,0.9897917,1,8.175695700606024e-05,1.0,0.0,0.058252428,1,1,0,0,24551.5,24451.0,0.32989690721649484,1.288659793814433,10,0
1758255360000,2,1.4722917,1,0.00014314050262765064,0.0,1.0,0.25,0,0,0,1,24504.75,24442.5,0.3888888888888889,1.5277777777777777,5,0
1758255960000,3,0.945625,1,0.00022501099485543045,1.0,0.0,0.0,5,0,0,1,24504.75,24437.75,1.024390243902439,1.146341463414634,116,0
1758263220000,3,0.92020833,1,0.0002148469471271894,0.0,1.0,0.13793103,1,0,0,1,24504.75,24430.75,1.36,1.06,32,0
1758265740000,3,0.91270834,1,0.00018429593832229265,0.0,1.0,0.66101694,1,0,1,0,24504.75,24411.0,8.85,0.0,315,1
1758285000000,3,1.3941667,-1,4.080466805402538e-05,0.0,1.0,0.9444444,1,1,1,0,24438.0,24510.25,38.0,43.5,40,0
1758287460000,3,1.3854166,-1,0.0007751147373788883,0.0,1.0,0.23076923,1,1,1,0,24438.0,24531.5,0.0375,1.9125,14,0
1758288420000,3,1.3822917,-1,0.0027077649741438985,0.0,1.0,0.3196931,0,1,1,0,24438.0,24625.5,0.06015037593984962,4.518796992481203,3,0
1758492720000,3,1.23125,-1,0.0002715751357875679,1.0,0.0,0.055172414,10,0,0,0,24438.0,24867.5,0.1897810218978102,1.102189781021898,118,0
1758500100000,3,0.9977083,-1,7.036095168212933e-05,0.0,1.0,0.754717,2,0,0,1,24826.75,24874.0,0.46153846153846156,1.6153846153846154,2,0
1758500760000,3,0.99645835,-1,8.04052424218059e-05,0.0,1.0,0.075,9,0,0,1,24826.75,24876.0,4.837837837837838,0.2702702702702703,344,1
1758521520000,3,0.97291666,1,0.00012084592145015106,0.0,1.0,0.4117647,2,0,0,1,24867.5,24822.0,2.05,2.1,28,0
1758524220000,3,0.96666664,1,0.00011080109189439648,1.0,1.0,0.26923078,17,0,0,1,24867.5,24816.5,0.15789473684210525,1.131578947368421,2,0
1758524580000,3,0.9625,1,0.0001712397759780813,1.0,0.0,0.04477612,3,0,1,0,24867.5,24814.25,0.046875,1.1875,5,0
1758526740000,3,0.9608333,1,0.00021208907741251324,1.0,0.0,0.5992908,13,0,1,0,24867.5,24748.5,3.2123893805309733,0.584070796460177,372,1
1758550080000,3,1.326875,-1,0.00011050278768396202,0.0,1.0,0.7007874,2,1,1,0,24768.0,24889.0,2.6052631578947367,1.736842105263158,13,0
1758551460000,3,1.420625,-1,9.034874616017829e-05,0.0,1.0,0.5471698,2,1,1,0,24768.0,24905.75,0.16666666666666666,1.25,5,0
1758551820000,3,1.4172916,-1,0.0001003995903696713,0.0,1.0,0.18181819,0,1,1,0,24768.0,24907.25,0.2222222222222222,1.2592592592592593,2,0
1758553320000,3,1.416875,-1,6.0152788081727585e-05,0.0,1.0,0.67105263,1,1,1,0,24768.0,24938.0,2.24,1.42,67,0
1758557580000,2,0.998125,-1,0.00014028337241227278,0.0,1.0,0.8235294,1,1,0,0,24768.0,24953.0,1.2666666666666666,2.3333333333333335,1,0
1758558180000,2,0.9970833,-1,8.010253123998718e-05,0.0,1.0,0.42156863,2,1,0,0,24768.0,24970.0,0.3220338983050847,1.2542372881355932,5,0
1758558780000,2,0.99395835,-1,0.00010008807750820722,0.0,1.0,0.59090906,2,1,0,0,24768.0,24980.5,0.0,2.0,1,0
1758560520000,2,0.99291664,-1,0.00024010564648445316,1.0,0.0,0.41975307,8,1,0,0,24897.5,24995.75,0.9148936170212766,1.1914893617021276,30,0
1758592260000,2,1.4927083,-1,0.00011997720433117708,1.0,0.0,0.104166664,13,0,0,1,24974.5,25008.75,1.9069767441860466,1.1162790697674418,221,0
1758601680000,2,1.4695834,1,1.0005803365952252e-05,0.0,1.0,0.21052632,2,0,0,1,25005.5,24985.25,0.4666666666666667,1.2666666666666666,3,0
1758602160000,2,1.4685416,1,6.005044237159214e-05,0.0,1.0,0.67346936,3,0,0,1,25005.5,24977.5,7.125,0.125,56,1
1758605640000,2,1.4433334,-1,3.998560518213443e-05,0.0,1.0,0.13636364,2,0,0,1,24985.5,25010.0,0.47368421052631576,1.6842105263157894,6,0
1758606360000,2,1.4416667,-1,1.9988406724100023e-05,0.0,1.0,0.35135135,2,0,0,1,24985.5,25015.0,3.9166666666666665,0.9166666666666666,82,1
1758611400000,2,1.4358333,1,5.0037528146109585e-05,0.0,1.0,0.02631579,1,0,1,0,25027.25,24980.0,4.0,1.2702702702702702,243,0
1758614940000,3,1.4985417,-1,6.995662689132737e-05,0.0,1.0,0.6315789,2,0,1,0,24985.5,25017.25,3.142857142857143,1.1428571428571428,5,0
1758615300000,3,1.4970833,-1,8.995232526760817e-05,0.0,1.0,0.7916667,1,0,1,0,24985.5,25017.5,1.4,1.0,1,0
1758615660000,3,1.4966667,-1,7.993205775091173e-05,0.0,1.0,0.7714286,2,0,1,0,24985.5,25023.25,0.5,1.0,1,0
1758615960000,3,1.4954166,-1,6.993426179391372e-05,0.0,1.0,0.5416667,0,0,1,0,24985.5,25026.25,14.0,0.9090909090909091,160,1
1758625680000,2,1.38625,1,7.005043631414618e-05,0.0,1.0,0.29411766,1,0,1,0,25015.0,24980.25,0.875,1.4583333333333333,5,0
1758626160000,2,1.3847916,1,0.00017015484090522376,0.0,1.0,0.093023255,1,0,1,0,25015.0,24973.0,2.8974358974358974,1.1282051282051282,140,0
1758635040000,3,1.48,1,0.00023047477804276811,0.0,1.0,0.7539267,1,1,1,0,25015.0,24942.75,1.446808510638298,1.4042553191489362,11,0
1758636300000,3,1.4760417,1,0.00014037620823807804,1.0,0.0,0.072072074,5,1,1,0,25015.0,24929.5,0.7669902912621359,1.1359223300970873,123,0
1758644040000,2,1.485625,1,6.0201071579074104e-05,1.0,0.0,0.016129032,2,1,0,0,25015.0,24915.0,1.6229508196721312,1.0,48,0
1758649680000,2,1.1958333,1,0.00020174102504614825,1.0,0.0,0.6200378,7,1,0,0,24970.0,24779.25,1.6666666666666667,1.0398009950248757,1223,0
1758693720000,3,0.975,-1,0.00015083107924664904,0.0,1.0,0.3846154,2,0,0,1,24779.25,24866.0,0.5625,1.125,8,0
1758694980000,3,0.97291666,-1,7.03425683076583e-05,0.0,1.0,0.265625,6,0,0,1,24779.25,24880.0,0.48936170212765956,1.0851063829787233,23,0
1758696720000,3,0.96541667,-1,7.030441813050508e-05,0.0,1.0,0.47692308,2,0,0,1,24779.25,24893.5,4.5588235294117645,1.5294117647058822,66,0
1758700800000,3,0.9504167,-1,2.0082740892477006e-05,0.0,1.0,0.7714286,0,0,1,0,24779.25,24899.0,1.5,1.375,1,0
1758705300000,2,0.99875,-1,2.007387184840212e-05,0.0,1.0,0.3255814,9,0,1,0,24779.25,24908.5,0.0,1.3103448275862069,16,0
1758706440000,2,0.99354166,-1,0.00010037540401100114,1.0,0.0,0.027027028,3,0,1,0,24779.25,24910.75,0.6388888888888888,1.2777777777777777,28,0
1758708300000,2,0.9870833,-1,0.00033126210863389515,1.0,1.0,0.08163265,3,0,1,0,24884.0,24913.25,1.6444444444444444,0.5333333333333333,36,1
1758710460000,2,0.99145836,1,0.00015067956483741675,0.0,1.0,0.42307693,0,0,1,0,24906.25,24883.5,5.133333333333334,0.4,12,1
1758712860000,2,0.9764583,-1,0.0001505479947007106,1.0,0.0,0.3773585,11,0,1,0,24884.0,24912.75,3.1818181818181817,0.21212121212121213,20,1
1758714960000,2,0.9789583,1,4.0197773043373395e-05,1.0,0.0,0.056603774,13,0,1,0,24906.25,24876.0,0.64,1.18,43,0
1758717780000,2,0.96666664,1,9.045226130653267e-05,0.0,1.0,0.75,2,1,1,0,24906.25,24872.75,0.0,1.2727272727272727,1,0
1758718500000,2,0.9658333,1,9.045953443492944e-05,1.0,0.0,0.3030303,5,1,1,0,24906.25,24869.25,4.217391304347826,2.1739130434782608,35,0
1758726960000,3,1.3102083,1,5.044746905047774e-05,0.0,1.0,0.6933333,2,1,1,0,24906.25,24777.0,4.695652173913044,2.130434782608696,17,0
1758728400000,3,1.305625,1,0.00014129140342732577,0.0,1.0,0.5568182,1,1,1,0,24906.25,24763.0,0.1282051282051282,1.3076923076923077,1,0
1758729180000,3,1.3039583,1,6.066550054093405e-05,0.0,1.0,0.7689243,0,1,1,0,24906.25,24711.25,0.25862068965517243,1.1551724137931034,2,0
1758730680000,3,1.3010417,1,0.00012179773456213715,1.0,0.0,0.64524424,6,1,0,0,24906.25,24628.0,3.7681159420289854,1.036231884057971,1083,0
1758800760000,3,0.8041667,1,9.140582153521156e-05,0.0,1.0,0.4903846,1,0,1,0,24762.25,24607.5,0.2641509433962264,1.2830188679245282,2,0
1758800940000,3,0.8025,1,0.00027427317608337906,0.0,1.0,0.09090909,1,0,1,0,24762.25,24603.75,0.6571428571428571,1.8714285714285714,9,0
1758801480000,3,0.80041665,1,7.116641758420512e-05,0.0,1.0,0.9247312,0,0,1,0,24762.25,24588.5,4.571428571428571,2.0,1,0
1758801540000,3,0.80020833,1,0.00013214202217953018,0.0,1.0,0.3043478,0,0,1,0,24762.25,24586.75,4.5,1.09375,36,0
1758849180000,2,0.9977083,1,0.00012192024384048768,0.0,1.0,0.17142858,1,0,0,1,24697.0,24601.25,0.3793103448275862,1.4137931034482758,4,0
1758850020000,2,0.99645835,1,2.0328095460736283e-05,0.0,1.0,0.5,1,0,0,1,24697.0,24596.0,0.4117647058823529,1.0588235294117647,3,0
1758850320000,2,0.99375,1,5.081920559417815e-05,1.0,0.0,0.0,2,0,0,1,24697.0,24595.75,1.6285714285714286,1.2857142857142858,19,0
1758851580000,2,0.989375,1,4.065991034489769e-05,0.0,1.0,0.22916667,2,0,0,1,24697.0,24593.25,2.2432432432432434,1.5405405405405406,79,0
1758858600000,2,0.9972917,1,3.051230154290538e-05,0.0,1.0,0.55737704,3,0,0,1,24633.0,24579.5,1.4444444444444444,1.6296296296296295,10,0
1758859620000,2,0.9875,1,0.0003254248319485829,1.0,0.0,0.14102565,7,0,0,1,24623.25,24575.25,1.9402985074626866,0.8507462686567164,114,1
1758867720000,2,1.4747916,-1,0.00011147707119331138,0.0,1.0,0.8465116,1,0,0,1,24575.25,24671.5,11.06060606060606,0.9696969696969697,160,1
1758877800000,3,1.4870833,1,0.0001526127299365131,0.0,1.0,0.12605043,6,0,1,0,24671.5,24568.25,3.3076923076923075,0.3942307692307692,200,1
1758885360000,2,1.4975,-1,0.00010151872005197758,0.0,1.0,0.0,4,0,1,0,24575.25,24628.5,1.3692307692307693,1.3846153846153846,25,0
1758887040000,2,1.4914583,-1,0.00012178908160883377,0.0,1.0,0.32608697,2,0,1,0,24575.25,24636.25,0.3548387096774194,1.096774193548387,2,0
1758887700000,2,1.4904166,-1,2.028726771078471e-05,0.0,1.0,0.7009346,0,0,1,0,24575.25,24654.0,2.25,4.28125,35,0
1758889800000,2,1.44375,-1,4.051986993121752e-05,0.0,1.0,0.9746835,0,1,1,0,24575.25,24680.25,3.25,19.0,1,0
1758889980000,3,1.2933333,-1,0.00031385095117086653,0.0,1.0,0.25490198,1,1,1,0,24575.25,24703.0,0.09210526315789473,1.1973684210526316,1,0
1758890700000,3,1.2929167,-1,3.0307316186127332e-05,1.0,0.0,0.4576923,7,1,1,0,24575.25,24747.25,4.141843971631205,0.6028368794326241,99,1
1758896880000,3,1.42,1,0.00044839850397953673,0.0,1.0,0.6548043,1,1,1,0,24697.0,24520.0,6.319587628865979,0.21649484536082475,150,1
1758906900000,3,1.2379167,-1,0.0002023574644609703,0.0,1.0,0.5785124,2,1,0,0,24575.25,24714.0,0.8627450980392157,1.0588235294117647,11,0
1758907680000,3,1.231875,-1,0.0002225977153379944,0.0,1.0,0.22727273,0,1,0,0,24575.25,24716.75,5.088235294117647,1.3823529411764706,56,0
1758911220000,3,1.22,-1,0.0001921385015219392,0.0,1.0,0.26923078,1,1,0,0,24575.25,24729.75,0.5263157894736842,1.0175438596491229,9,0
1758912360000,3,1.2175,-1,0.00038418764533414216,1.0,0.0,0.19858156,6,1,0,0,24575.25,24737.0,0.3274336283185841,1.0176991150442478,73,0
1758916740000,3,1.2002083,-1,0.0002831085316778225,0.0,1.0,0.23809524,0,1,0,0,24575.25,24737.5,0.3958333333333333,1.0625,8,0
1759098300000,1,1.0,-1,8.079257516234258e-05,0.0,1.0,0.6025641,5,0,0,0,24575.25,24756.75,1.1290322580645162,1.8064516129032258,13,0
1759099560000,2,0.42958334,-1,0.00014135131860587214,0.0,1.0,0.3409091,5,0,0,0,24575.25,24765.0,0.10344827586206896,1.3103448275862069,2,0
1759099920000,2,0.4275,-1,0.0001413213546661283,0.0,1.0,0.18181819,2,0,0,0,24575.25,24769.75,1.2592592592592593,1.6666666666666667,36,0
1759102680000,2,0.41916665,-1,0.0001211081394762073,1.0,0.0,0.125,10,0,0,1,24575.25,24774.25,0.14285714285714285,1.1607142857142858,12,0
1759103580000,2,0.414375,-1,0.00010091733860794623,0.0,1.0,0.75,1,0,0,1,24575.25,24777.75,1.0,1.1666666666666667,1,0
1759103820000,2,0.41375,-1,6.054429319583052e-05,1.0,0.0,0.03125,3,0,0,1,24575.25,24778.0,0.7419354838709677,1.4516129032258065,5,0
1759105560000,1,1.0,-1,0.00013107877834578582,0.0,1.0,0.79464287,2,0,0,1,24723.75,24797.5,0.782608695652174,1.0434782608695652,16,0
1759107120000,3,0.39125,-1,1.0079019512981777e-05,0.0,1.0,0.44680852,5,0,0,1,24723.75,24807.0,4.0,1.3076923076923077,102,0
1759114500000,3,0.36770833,-1,6.0455837011063415e-05,0.0,1.0,0.84615386,0,0,0,1,24723.75,24813.5,0.25,1.375,1,0
1759115100000,3,0.36333334,-1,2.0150118381945494e-05,1.0,0.0,0.06451613,9,0,0,1,24723.75,24814.25,0.3103448275862069,1.1724137931034482,23,0
1759117200000,3,0.35666665,-1,8.059397761502271e-05,0.0,1.0,0.33333334,3,0,0,1,24723.75,24818.0,0.9375,1.375,24,0
1759127040000,2,0.99541664,-1,8.052178114179885e-05,0.0,1.0,0.1875,1,0,0,1,24723.75,24840.75,0.6538461538461539,1.1538461538461537,8,0
1759127760000,2,0.99333334,-1,2.0128824476650564e-05,0.0,1.0,0.19354838,0,0,0,1,24723.75,24846.25,0.0,1.28,1,0
1759128480000,2,0.9922917,-1,8.047480132783422e-05,0.0,1.0,0.6666667,2,0,0,1,24723.75,24854.5,0.05263157894736842,1.0,3,0
1759128900000,2,0.989375,-1,7.04168678577177e-05,1.0,0.0,0.035714287,1,0,0,1,24723.75,24855.25,3.740740740740741,1.1111111111111112,31,0
1759141500000,2,0.9952083,-1,9.036326030643186e-05,0.0,1.0,0.25,1,0,1,0,24812.5,24901.75,9.61111111111111,1.9444444444444444,141,0
1759144500000,2,1.4975,1,0.0001306834745720116,0.0,1.0,0.04347826,0,0,1,0,24899.0,24858.25,0.9545454545454546,1.0,15,0
1759146540000,2,1.49375,1,5.029118596674747e-05,1.0,0.0,0.16071428,8,0,1,0,24899.0,24854.0,3.021276595744681,0.2127659574468085,56,1
1759150620000,2,1.465625,-1,3.0121086768810617e-05,1.0,0.0,0.31746033,1,1,1,0,24865.5,24909.5,3.116279069767442,0.9302325581395349,30,1
1759152600000,2,1.469375,1,0.00022131683516925707,0.0,1.0,0.7076923,1,1,1,0,24901.75,24845.75,6.394736842105263,0.2894736842105263,13,1
1759154100000,2,1.4785416,-1,0.00013025138517338463,0.0,1.0,0.7110266,1,1,1,0,24865.5,24955.0,0.2236842105263158,1.2763157894736843,5,0
1759159320000,2,1.4464583,1,0.0002312092242427898,0.0,1.0,0.3652174,5,1,1,0,24975.0,24863.5,0.7123287671232876,1.1095890410958904,6,0
1759160640000,2,1.4441667,1,0.000452757291907718,1.0,0.0,0.19333333,8,1,1,0,24975.0,24836.5,0.10743801652892562,1.1900826446280992,6,0
1759161240000,2,1.4395833,1,0.0004930966469428008,0.0,1.0,0.3655914,4,1,1,0,24975.0,24830.75,0.7796610169491526,1.3898305084745763,9,0
1759166280000,2,1.374375,1,0.00022165800185386692,1.0,0.0,0.02,14,1,0,0,24975.0,24800.0,0.8843537414965986,1.530612244897959,117,0
1759173600000,2,1.346875,1,0.00033281226362765365,0.0,1.0,0.10084034,5,1,0,0,24869.25,24780.5,1.8504672897196262,1.1775700934579438,674,0
1759201200000,2,1.46375,-1,0.00010060260963169385,0.0,1.0,0.5416667,2,0,0,1,24805.5,24853.25,1.5909090909090908,1.1363636363636365,35,0
1759216560000,3,0.961875,1,0.0001613618943886401,0.0,1.0,0.48181817,1,0,1,0,24869.25,24785.0,0.7719298245614035,1.6491228070175439,18,0
1759217640000,3,0.9554167,1,0.00023202792405625165,0.0,1.0,0.64615387,0,0,1,0,24869.25,24775.75,1.565217391304348,1.1304347826086956,2,0
1759217760000,3,0.955,1,0.0001008633906237392,0.0,1.0,0.29032257,0,0,1,0,24869.25,24775.0,0.6136363636363636,1.0,4,0
1759218300000,3,0.95416665,1,0.00019184942849064988,0.0,1.0,0.5694444,4,0,1,0,24869.25,24754.25,4.854838709677419,1.6290322580645162,352,0
1759239780000,3,0.9795833,1,0.0004140995859004141,1.0,1.0,0.02027027,4,1,1,0,24856.75,24741.25,0.8,1.303448275862069,11,0
1759240560000,3,0.97625,1,0.0004748913812266343,0.0,1.0,0.22485207,1,1,1,0,24856.75,24722.5,3.16793893129771,0.2748091603053435,64,1
1759244640000,3,1.4125,-1,0.00029173582817765704,0.0,1.0,0.7446808,2,1,1,0,24774.25,24862.75,1.25,1.2083333333333333,1,0
1759245000000,3,1.4114584,-1,0.0003017319413433106,0.0,1.0,0.4,5,1,1,0,24774.25,24864.0,5.888888888888889,0.23809523809523808,17,1
1759246140000,2,1.944375,1,0.000605559031912961,0.0,1.0,0.2195122,2,1,1,0,24856.75,24755.5,2.6770833333333335,1.1041666666666667,102,0
1759253700000,3,0.9352083,1,0.00016170926695167925,1.0,0.0,0.5297619,4,1,0,0,24856.75,24731.75,0.012658227848101266,1.0253164556962024,1,0
1759253880000,3,0.93,1,0.00025265285497726126,0.0,1.0,0.5487805,2,1,0,0,24856.75,24731.25,12.594594594594595,0.13513513513513514,107,1
1759260540000,3,1.3572917,-1,7.037934466775922e-05,0.0,1.0,0.7222222,2,1,0,0,24754.25,24867.0,0.35,1.3,1,0
1759260780000,3,1.3560417,-1,7.035105174822363e-05,0.0,1.0,0.38235295,1,1,0,0,24754.25,24878.5,3.0952380952380953,1.4047619047619047,16,0
1759261740000,3,1.3522917,-1,7.033479361761987e-05,0.0,1.0,0.8888889,0,1,0,0,24754.25,24882.75,8.428571428571429,4.428571428571429,1,0
1759262700000,3,1.3520833,-1,0.00022083032201076046,0.0,1.0,0.15263158,11,1,0,0,24754.25,24913.75,3.0062111801242235,0.11801242236024845,551,1
1759299480000,3,0.77166665,1,0.00011109876680368848,0.0,1.0,0.59375,1,0,0,1,24782.5,24750.0,0.07692307692307693,1.0,1,0
1759301940000,3,0.770625,1,0.00039564185282123075,0.0,1.0,0.84188914,1,0,0,1,24782.5,24633.75,6.740259740259741,0.8441558441558441,272,1
1759318980000,2,1.4310417,-1,0.00010085118399290007,0.0,1.0,0.2,8,0,1,0,24633.75,24791.5,0.16666666666666666,1.0625,3,0
1759319460000,2,1.4279166,-1,0.00032270100743220757,0.0,1.0,0.07462686,1,0,1,0,24633.75,24800.0,0.016129032258064516,1.0,4,0
1759319880000,2,1.4260417,-1,5.0404242021008486e-05,0.0,1.0,0.9736842,1,0,1,0,24633.75,24802.75,16.0,4.0,1,0
1759325520000,2,1.3683333,-1,2.0145450150083605e-05,1.0,0.0,0.97979796,0,1,1,0,24721.0,24820.0,21.5,20.0,1,0
1759325580000,2,1.368125,-1,9.062622723016041e-05,1.0,0.0,0.8915663,0,1,1,0,24721.0,24829.5,7.555555555555555,4.0,1,0
1759325640000,2,1.3679167,-1,0.0003626765529608511,1.0,0.0,0.20192307,0,1,1,0,24721.0,24836.25,0.4819277108433735,1.1325301204819278,2,0
1759326300000,2,1.3675,-1,0.0003826479236315302,0.0,1.0,0.1418919,8,1,1,0,24721.0,24841.5,2.6377952755905514,1.141732283464567,33,0
1759328580000,2,1.3585416,-1,0.00026134855856218083,0.0,1.0,0.6319444,1,1,1,0,24726.0,24881.5,0.2830188679245283,1.2830188679245282,2,0
1759328940000,2,1.3572917,-1,6.0279697797781705e-05,0.0,1.0,0.5862069,0,1,1,0,24726.0,24893.0,0.0,1.0555555555555556,1,0
1759329420000,2,1.35625,-1,0.00023087733386870107,0.0,1.0,0.70469797,1,1,1,0,24726.0,24912.0,2.0454545454545454,1.7954545454545454,24,0
1759330980000,2,1.2747917,-1,0.00010032807279804962,0.0,1.0,0.3,2,1,1,0,24726.0,24920.75,2.6530612244897958,1.5714285714285714,34,0
1759333980000,2,1.2670833,-1,0.00018049274519438066,0.0,1.0,0.6,8,1,1,0,24726.0,24936.25,0.38461538461538464,1.1923076923076923,2,0
1759334580000,2,1.2635417,-1,0.00012032487716835456,0.0,1.0,0.2631579,0,1,0,0,24726.0,24943.0,0.19047619047619047,1.3333333333333333,4,0
1759338600000,3,0.88645834,-1,6.00552508307643e-05,0.0,1.0,0.2413793,2,1,0,0,24726.0,24981.0,0.2727272727272727,1.3181818181818181,7,0
1759339260000,3,0.88395834,-1,0.0001300975731798849,0.0,1.0,0.3043478,4,1,0,0,24726.0,24984.5,0.6875,1.0625,5,0
1759339800000,3,0.88208336,-1,6.002761270184285e-05,1.0,0.0,0.20588236,2,1,0,0,24726.0,24990.0,0.9259259259259259,2.4814814814814814,30,0
1759341720000,3,0.875,-1,0.00031997440204783615,0.0,1.0,0.034782607,2,1,0,0,24726.0,25010.0,0.17117117117117117,1.072072072072072,7,0
1759342800000,3,0.87291664,-1,0.00012993243513373045,0.0,1.0,0.575,0,1,0,0,24726.0,25021.5,0.6470588235294118,1.2352941176470589,6,0
1759343220000,3,0.8695833,-1,0.00011990168062189005,0.0,1.0,0.078947365,1,1,0,0,24726.0,25023.5,0.7142857142857143,1.0,8,0
1759343760000,3,0.8677083,-1,9.991906555689892e-05,0.0,1.0,0.2857143,1,1,0,0,24726.0,25023.5,0.8,2.066666666666667,3,0
1759344000000,3,0.866875,-1,0.00010989120770437267,0.0,1.0,0.53846157,1,1,0,0,24726.0,25027.5,1.0,2.8333333333333335,2,0
1759344840000,3,0.86604166,-1,0.0002696736948292566,0.0,1.0,0.15517241,2,1,0,0,24726.0,25037.0,2.6122448979591835,1.4489795918367347,265,0
1759365060000,2,0.94604164,-1,6.987213399478953e-05,0.0,1.0,0.6,7,0,0,1,24992.75,25047.5,0.35714285714285715,1.0714285714285714,12,0
1759366920000,2,0.94104165,-1,6.982682946293192e-05,1.0,0.0,0.5925926,5,0,0,1,24992.75,25063.75,1.0909090909090908,1.3333333333333333,12,0
1759388820000,2,1.4989583,-1,0.00010965896063243314,0.0,1.0,0.083333336,2,0,1,0,25043.25,25080.5,0.29545454545454547,1.3181818181818181,4,0
1759389180000,2,1.4977083,-1,5.979549939207909e-05,0.0,1.0,0.5952381,1,0,1,0,25043.25,25087.0,4.588235294117647,1.1764705882352942,24,0
1759391460000,2,1.4922917,-1,7.972653797474662e-05,1.0,0.0,0.037037037,14,0,1,0,25043.25,25087.75,0.09615384615384616,1.0961538461538463,11,0
1759399500000,2,0.9997917,-1,2.9866794098321488e-05,0.0,1.0,0.38636363,3,0,1,0,25043.25,25124.0,0.6666666666666666,1.0925925925925926,64,0
1759403760000,2,0.985625,-1,6.963026330186708e-05,0.0,1.0,0.75,2,0,1,0,25043.25,25135.75,0.9375,1.5,16,0
1759405440000,2,0.98083335,-1,5.966705781737903e-05,0.0,1.0,0.6511628,1,0,1,0,25043.25,25141.0,1.1333333333333333,1.7333333333333334,4,0
1759405740000,2,0.9775,-1,0.0002685284640171858,1.0,0.0,0.13953489,1,0,1,0,25043.25,25143.75,0.1891891891891892,1.4054054054054055,3,0
1759406580000,2,0.9764583,-1,0.00015903940201184843,0.0,1.0,0.86206895,2,1,1,0,25043.25,25155.0,2.25,2.375,4,0
1759413540000,2,1.37875,1,0.0004593614875323301,1.0,0.0,0.13596492,7,1,1,0,25101.09,25014.25,0.5736040609137056,1.0812182741116751,61,0
1759426500000,2,0.99645835,-1,6.973153359565673e-05,0.0,1.0,0.787037,2,1,0,0,24992.75,25098.0,1.608695652173913,1.2608695652173914,6,0
1759428480000,2,0.99145836,-1,0.00014938007269830206,0.0,1.0,0.472,26,1,0,0,24992.75,25107.5,0.15151515151515152,1.0757575757575757,4,0
1759450380000,2,1.4485416,-1,8.952551477170994e-05,0.0,1.0,0.4680851,1,0,0,1,25073.0,25134.75,0.8,1.24,9,0
1759452300000,2,1.4454167,-1,4.970277739120062e-05,0.0,1.0,0.7848101,2,0,0,1,25073.0,25150.75,0.17647058823529413,1.3529411764705883,3,0
1759452720000,2,1.44,-1,6.957282286759298e-05,0.0,1.0,0.20833333,1,0,0,1,25073.0,25155.25,0.10526315789473684,1.368421052631579,5,0
1759453260000,2,1.438125,-1,0.00014909202954010078,1.0,1.0,0.041666668,4,0,0,1,25073.0,25157.0,0.6956521739130435,1.1521739130434783,43,0
1759468800000,3,0.83458334,-1,9.92812040824431e-06,0.0,1.0,0.82608694,6,0,0,1,25146.0,25181.25,0.5,2.0,1,0
1759468860000,3,0.833125,-1,6.949891283843489e-05,0.0,1.0,0.2,0,0,0,1,25146.0,25182.25,0.125,1.625,2,0
1759468980000,3,0.83270836,-1,2.9782291449504125e-05,0.0,1.0,0.5714286,0,0,0,1,25146.0,25183.5,0.6666666666666666,1.3333333333333333,1,0
1759469040000,3,0.8325,-1,9.927134830345266e-06,0.0,1.0,0.8333333,0,0,0,1,25146.0,25183.75,0.0,6.0,1,0
1759469460000,3,0.83208334,-1,9.925459796925093e-06,0.0,1.0,0.64705884,1,0,0,1,25146.0,25188.0,0.3333333333333333,1.5,2,0
1759469700000,3,0.830625,-1,1.9850722566301414e-05,0.0,1.0,0.72727275,1,0,0,1,25146.0,25189.0,2.0,2.3333333333333335,3,0
1759470120000,3,0.82958335,-1,4.96208963518717e-05,0.0,1.0,0.35,2,0,0,1,25146.0,25192.25,10.23076923076923,1.5384615384615385,84,0
1759475160000,3,0.81125,-1,3.9693565673004404e-05,0.0,1.0,0.8974359,0,0,1,0,25155.75,25194.0,21.5,2.25,174,0
1759486500000,2,1.4745834,-1,7.938870695643544e-05,0.0,1.0,0.29090908,8,0,1,0,25155.75,25197.0,3.4358974358974357,0.02564102564102564,58,1
1759491600000,2,1.4472916,1,0.00011935785474149078,1.0,1.0,0.36153847,5,0,1,0,25194.0,25131.5,0.5662650602409639,1.0481927710843373,18,0
1759493100000,2,1.4379166,1,0.00012929148267494132,1.0,0.0,0.057971016,6,1,1,0,25194.0,25128.75,0.18461538461538463,1.0769230769230769,20,0
1759500960000,2,0.82479167,1,0.00042873095636914734,1.0,0.0,0.055,7,1,1,0,25194.0,25051.0,1.2222222222222223,1.1058201058201058,167,0
1759511820000,3,1.486875,1,0.00034953511829267074,0.0,1.0,0.37762237,11,1,0,0,25194.0,25022.75,0.12921348314606743,1.0112359550561798,11,0
1759514100000,3,1.4816667,1,0.00014021031547320983,0.0,1.0,0.7106227,0,1,0,0,25194.0,24923.0,6.031645569620253,0.9240506329113924,1027,1
1759704600000,2,0.37083334,-1,7.983075879136232e-05,0.0,1.0,0.72727275,4,0,0,0,24923.0,25055.0,0.14285714285714285,1.0,2,0
1759704840000,2,0.36416668,-1,0.00010976291210984274,0.0,1.0,0.5555556,0,0,0,0,24923.0,25057.0,0.9166666666666666,1.0,2,0
1759705080000,2,0.36333334,-1,7.981801492596879e-05,0.0,1.0,0.4,1,0,0,0,24923.0,25059.0,0.8666666666666667,1.0,2,0
1759720800000,2,0.97479165,-1,3.9849766380744596e-05,0.0,1.0,0.6603774,8,0,0,1,25050.75,25095.25,1.4444444444444444,1.2222222222222223,25,0
1759722600000,2,0.965625,-1,2.9885836106074793e-05,0.0,1.0,0.73333335,0,0,0,1,25050.75,25096.5,0.75,1.25,1,0
1759723200000,2,0.964375,-1,0.0,1.0,1.0,0.029411765,7,0,0,1,25050.75,25098.75,0.8636363636363636,1.0757575757575757,30,0
1759735800000,2,1.4941666,1,0.00015946420028703555,0.0,1.0,0.35714287,2,0,1,0,25109.25,25080.0,0.7222222222222222,2.2222222222222223,6,0
1759736640000,2,1.4925,1,0.00014963041288018595,0.0,1.0,0.23026316,2,0,1,0,25109.25,25045.0,1.393162393162393,0.26495726495726496,22,1
1759738620000,3,1.99875,-1,0.0001294189090981493,1.0,0.0,0.14473684,9,0,1,0,25080.25,25115.5,0.3384615384615385,1.0153846153846153,62,0
1759742700000,3,1.9833333,-1,7.960911922460717e-05,0.0,1.0,0.4893617,1,0,1,0,25080.25,25125.5,0.125,1.0833333333333333,3,0
1759743000000,3,1.9816667,-1,2.9848370278982768e-05,0.0,1.0,0.875,0,0,1,0,25080.25,25127.75,1.0,3.3333333333333335,1,0
1759743840000,3,1.9810417,-1,8.950770760815514e-05,0.0,1.0,0.6052632,2,0,1,0,25080.25,25139.75,0.8666666666666667,1.4,22,0
1759745520000,3,1.97375,-1,3.977447870573846e-05,1.0,0.0,0.0,6,0,1,0,25080.25,25142.75,0.37735849056603776,1.1132075471698113,29,0
1759747380000,3,1.96625,-1,0.00010937764122144995,0.0,1.0,0.18181819,1,0,1,0,25080.25,25145.0,0.2222222222222222,1.1111111111111112,2,0
1759747860000,3,1.965625,-1,0.0005764204291350712,0.0,1.0,0.5555556,1,0,1,0,25080.25,25169.75,0.0,1.5625,2,0
1759748100000,3,1.9639584,-1,0.0003377036154151768,0.0,1.0,0.4625,1,0,1,0,25080.25,25184.0,0.13953488372093023,1.069767441860465,1,0
1759748400000,3,1.9633334,-1,0.00033761978054714265,1.0,0.0,0.03539823,4,0,1,0,25080.25,25184.75,1.0642201834862386,1.0091743119266054,58,0
1759752000000,3,1.9502083,-1,0.00012906940955709337,0.0,1.0,0.0,0,1,1,0,25080.25,25188.0,0.1935483870967742,1.4193548387096775,1,0
1759752480000,3,1.0995834,-1,1.9829269985425485e-05,0.0,1.0,0.86725664,1,1,1,0,25080.25,25215.75,0.26666666666666666,1.8666666666666667,1,0
1759752840000,3,1.098125,-1,0.0001486016583945077,0.0,1.0,0.59016395,1,1,1,0,25080.25,25241.5,9.5,1.54,377,0
1759775940000,2,1.9435416,-1,9.901382232959721e-05,1.0,0.0,0.046153847,2,1,0,0,25182.25,25253.0,3.693548387096774,0.6612903225806451,80,1
1759780920000,2,0.97520834,1,0.0002283490364663483,0.0,1.0,0.42553192,2,1,0,0,25241.5,25175.0,0.07407407407407407,1.0,10,0
1759782060000,2,0.9714583,1,0.00010922450600734784,0.0,1.0,0.44444445,1,1,0,0,25241.5,25174.75,4.866666666666666,2.066666666666667,78,0
1759790700000,2,0.941875,1,0.0002980685160162149,0.0,1.0,0.49462366,4,0,0,0,25241.5,25154.5,0.23404255319148937,1.6170212765957446,10,0
1759791960000,2,0.93854165,1,8.950058672606853e-05,0.0,1.0,0.6944444,0,0,0,1,25241.5,25131.25,1.606060606060606,1.1515151515151516,64,0
1759842720000,2,2.214375,-1,4.945891942152848e-05,1.0,0.0,0.557047,5,1,1,0,25170.0,25274.75,5.363636363636363,0.4393939393939394,110,1
1759851180000,2,0.96208334,1,0.00014971404617181183,0.0,1.0,0.89169675,1,1,1,0,25253.0,25044.0,0.7333333333333333,2.066666666666667,3,0
1759852560000,3,1.155,1,0.0002900522093976916,0.0,1.0,0.6151515,5,1,1,0,25253.0,24985.25,7.574803149606299,0.8188976377952756,1374,1
1759874580000,2,0.974375,-1,5.9828889376383544e-05,0.0,1.0,0.79310346,0,0,0,0,24991.0,25073.0,3.8333333333333335,2.0,3,0
1759874940000,2,0.97375,-1,9.972475966332921e-05,1.0,0.0,0.036363635,3,0,0,0,24991.0,25074.5,0.5660377358490566,1.0754716981132075,20,0
1759876440000,2,0.9689583,-1,4.9841007187073235e-05,0.0,1.0,0.5641026,1,0,0,0,24991.0,25081.0,1.1176470588235294,1.411764705882353,14,0
1759877700000,2,0.965,-1,9.968002711296737e-05,0.0,1.0,0.7222222,7,0,0,0,24991.0,25082.75,43.4,2.0,129,0
1759887300000,2,0.980625,-1,9.967108541812021e-06,0.0,1.0,0.44444445,1,0,0,1,24991.0,25084.75,5.2,1.7,46,0
1759890240000,2,0.970625,-1,0.00011959099878415817,0.0,1.0,0.2,1,0,0,1,24991.0,25088.75,0.1,1.0,3,0
1759890600000,2,0.969375,-1,1.9927464030927423e-05,0.0,1.0,0.9230769,0,0,0,1,24991.0,25091.5,3.5,1.5,1,0
1759890900000,2,0.9685417,-1,4.982014926116719e-05,1.0,1.0,0.12244898,4,0,0,1,24991.0,25091.75,0.627906976744186,1.0,88,0
1759896600000,3,0.94895834,-1,1.9927861142663556e-05,1.0,1.0,0.037037037,5,0,0,1,24991.0,25093.5,0.07692307692307693,1.0384615384615385,15,0
1759898220000,3,0.9447917,-1,3.9853339709867684e-05,0.0,1.0,0.125,1,0,0,1,24991.0,25094.5,12.0,1.2380952380952381,223,0
1759899960000,2,0.999375,1,8.9721862227096e-05,0.0,1.0,0.1,1,0,0,1,25091.75,25075.25,0.18518518518518517,1.8518518518518519,4,0
1759900320000,2,0.9977083,1,1.993998065821876e-05,0.0,1.0,0.52380955,1,0,0,1,25091.75,25072.0,0.3,1.8,1,0
1759901100000,2,0.9972917,1,0.00014956625785222854,0.0,1.0,0.4888889,6,0,0,1,25091.75,25067.0,0.2608695652173913,1.2173913043478262,2,0
1759901220000,2,0.994375,1,4.9866358160130846e-05,0.0,1.0,0.54545456,0,0,0,1,25091.75,25065.75,1.6,4.0,1,0
1759901280000,2,0.9941667,1,5.984798611526722e-05,0.0,1.0,0.78571427,0,0,0,1,25091.75,25062.0,4.666666666666667,1.0,2,0
1759903200000,2,0.99333334,1,2.9933248855053232e-05,0.0,1.0,0.95384616,0,0,0,1,25091.75,25055.0,5.0,5.0,1,0
1759911300000,2,1.4516667,-1,6.974890394579514e-05,0.0,1.0,0.5208333,23,0,1,0,24991.0,25091.75,0.13043478260869565,1.3043478260869565,4,0
1759911960000,3,1.3960416,-1,2.9886431560071728e-05,1.0,0.0,0.029411765,6,0,1,0,24991.0,25095.75,0.18181818181818182,1.2424242424242424,4,0
1759912740000,3,1.49375,-1,4.979137414234358e-05,0.0,1.0,0.7916667,2,0,1,0,24991.0,25106.0,0.1,1.0,1,0
1759913160000,3,1.4916667,-1,6.970237087635795e-05,0.0,1.0,0.5263158,0,0,1,0,24991.0,25111.25,14.222222222222221,1.9444444444444444,285,0
1759930440000,3,1.4308333,-1,0.00016911552580006566,0.0,1.0,0.54901963,1,1,1,0,24991.0,25135.0,1.0434782608695652,2.217391304347826,5,0
1759930740000,3,1.429375,-1,1.9881901505059945e-05,0.0,1.0,0.978022,0,1,1,0,24991.0,25149.0,23.5,8.5,1,0
1759930860000,3,1.4291667,-1,0.00016906843293453073,0.0,1.0,0.14563107,1,1,1,0,24991.0,25152.75,0.7159090909090909,1.3409090909090908,6,0
1759931460000,3,1.4277084,-1,0.00036769455513927673,0.0,1.0,0.7368421,3,1,1,0,24991.0,25166.0,2.72,1.48,2,0
1759931940000,3,1.42625,-1,0.00013899920571882446,0.0,1.0,0.6448598,1,1,1,0,24991.0,25183.5,0.0,2.736842105263158,1,0
1759933260000,3,1.425,-1,0.00019822980781620132,1.0,0.0,0.48245615,10,1,1,0,24991.0,25231.0,0.9745762711864406,1.4406779661016949,64,0
1759937880000,3,1.4072917,-1,0.00014855750661080906,0.0,1.0,0.61616164,11,1,1,0,24991.0,25246.5,0.18421052631578946,1.1578947368421053,3,0
1759938120000,3,1.4039583,-1,0.00013864406108261205,0.0,1.0,0.09836066,1,1,1,0,24991.0,25248.0,0.01818181818181818,1.1090909090909091,7,0
1759939260000,3,1.4020833,-1,3.9588281868566906e-05,0.0,1.0,0.2923077,5,1,0,0,24991.0,25261.0,0.2608695652173913,1.3043478260869565,9,0
1759940340000,3,1.1960417,-1,0.00027703571781933313,0.0,1.0,0.05263158,0,1,0,0,24991.0,25276.5,3.7777777777777777,1.7777777777777777,89,0
1759945920000,3,1.1775,-1,9.889925133266741e-05,0.0,1.0,0.11111111,3,1,0,0,24991.0,25284.25,0.39285714285714285,1.6607142857142858,8,0
1759947000000,3,1.175,-1,0.0007914992975443735,0.0,1.0,0.67826086,10,1,0,0,25233.5,25293.5,0.10810810810810811,1.135135135135135,3,0
1759947300000,3,1.1722916,-1,8.896445375825392e-05,0.0,1.0,0.28301886,1,1,0,0,25233.5,25297.0,0.18421052631578946,1.105263157894737,4,0
1759947600000,3,1.1708333,-1,5.9300256967780196e-05,0.0,1.0,0.7777778,0,1,0,0,25233.5,25296.5,6.5,1.5,4,0
1759948080000,3,1.17,-1,0.00013837820740916459,1.0,0.0,0.125,4,1,0,0,25233.5,25297.25,1.2678571428571428,1.4107142857142858,47,0
1759951260000,3,1.159375,-1,0.00011854310523664167,0.0,1.0,0.72307694,1,1,0,0,25233.5,25310.25,1.1111111111111112,1.2777777777777777,4,0
1759952220000,3,1.1572917,-1,0.0002074074074074074,1.0,0.0,0.2264151,5,1,0,0,25233.5,25319.0,0.6097560975609756,1.024390243902439,13,0
1759953240000,3,1.151875,-1,7.895464055899886e-05,0.0,1.0,0.8873239,0,1,0,0,25233.5,25333.0,2.375,1.625,1,0
1759953480000,3,1.1510416,-1,0.00016772233074843624,0.0,1.0,0.6857143,1,1,0,0,25233.5,25343.75,3.1818181818181817,1.5,23,0
1759999620000,3,0.99145836,1,5.928853754940711e-05,0.0,1.0,0.21818182,4,0,1,0,25368.0,25298.5,0.5348837209302325,1.069767441860465,3,0
1759999920000,3,0.9895833,1,3.9527644646474625e-05,0.0,1.0,0.36842105,2,0,1,0,25368.0,25297.75,0.2916666666666667,1.5833333333333333,2,0
1760000760000,3,0.98875,1,1.9766947686772945e-05,1.0,0.0,0.04761905,12,0,1,0,25368.0,25294.25,2.15,1.0833333333333333,269,0
1760017140000,3,0.9302083,1,0.0002668326958996709,0.0,1.0,0.59,1,1,1,0,25368.0,25290.0,0.24390243902439024,1.6097560975609757,1,0
1760017680000,3,0.92895836,1,0.00034636318654131617,1.0,0.0,0.018181818,3,1,1,0,25368.0,25253.75,0.5617283950617284,1.0925925925925926,7,0
1760018100000,3,0.92604166,1,0.00028704629363846023,0.0,1.0,0.6847826,0,1,1,0,25368.0,25250.0,5.068965517241379,1.6551724137931034,26,0
1760020080000,3,0.920625,1,0.0005740357683666703,0.0,1.0,0.6269841,7,1,1,0,25368.0,25245.25,0.3617021276595745,1.702127659574468,2,0
1760021160000,3,0.91875,1,0.0002083436678406667,0.0,1.0,0.6554622,1,1,1,0,25368.0,25193.5,2.9634146341463414,1.0,137,0
1760038800000,2,0.96708333,-1,0.00018790114421907297,0.0,1.0,0.07692308,2,1,0,0,25160.75,25284.0,0.3125,1.4583333333333333,10,0
1760039820000,2,0.96458334,-1,0.00017798872738059924,1.0,0.0,0.13333334,2,1,0,0,25160.75,25289.75,0.18461538461538463,1.353846153846154,2,0
1760040240000,2,0.96270835,-1,0.00021748156349473102,0.0,1.0,0.76363635,4,1,0,0,25160.75,25300.0,3.576923076923077,1.8076923076923077,57,0
1760079840000,2,1.489375,1,0.00034576097050164977,1.0,1.0,0.026785715,13,0,1,0,25368.0,25294.5,0.7614678899082569,1.165137614678899,117,0
1760087040000,3,0.9872917,1,0.000928358385841547,0.0,1.0,0.20779221,3,0,1,0,25368.0,25290.0,0.2786885245901639,1.0,35,0
1760090100000,3,0.979375,1,5.9383598250163307e-05,0.0,1.0,0.7986577,1,0,1,0,25368.0,25258.0,0.0,1.2666666666666666,1,0
1760090280000,3,0.97583336,1,4.95000495000495e-05,0.0,1.0,0.6909091,1,0,1,0,25368.0,25251.25,27.529411764705884,0.5882352941176471,219,1
1760104080000,3,1.1797917,-1,8.863240203657564e-05,0.0,1.0,0.8131868,1,1,1,0,25294.5,25388.0,14.029411764705882,0.058823529411764705,69,1
1760109960000,3,0.913125,1,0.0004126575143926889,0.0,1.0,0.93317974,0,1,1,0,25368.0,24802.75,1.703448275862069,2.5172413793103448,4,0
1760111040000,3,0.90625,1,0.0015065265967665288,1.0,0.0,0.022698613,10,1,1,0,25368.0,24667.25,0.24645161290322581,1.007741935483871,68,0
1760122500000,2,0.9895833,1,0.00022378646702201244,0.0,1.0,0.52970296,1,1,0,0,25368.0,24571.5,1.694736842105263,1.1789473684210525,16,0
1760307840000,2,0.36229166,-1,0.001516576177621402,0.0,1.0,0.69491524,23,0,0,0,24157.75,24774.0,1.4747474747474747,1.0252525252525253,89,0
1760313900000,2,0.33895832,-1,0.0002924831822170225,0.0,1.0,0.16666667,5,0,0,1,24482.0,24795.0,0.2,1.0384615384615385,13,0
1760338980000,3,0.9625,-1,0.0005028815110583644,0.0,1.0,0.054263566,2,0,1,0,24763.25,24869.25,0.19672131147540983,1.0655737704918034,4,0
1760339220000,3,0.9610417,-1,0.00013069004342930674,0.0,1.0,0.7234042,0,0,1,0,24763.25,24871.25,1.3846153846153846,1.4615384615384615,1,0
1760339280000,3,0.9608333,-1,0.00019101812661485718,0.0,1.0,0.35135135,0,0,1,0,24763.25,24872.75,0.4166666666666667,1.4583333333333333,1,0
1760339340000,3,0.960625,-1,0.00023120457584012706,0.0,1.0,0.4888889,0,0,1,0,24763.25,24875.5,0.391304347826087,1.9130434782608696,1,0
1760339700000,3,0.96020836,-1,0.00015064324666325208,0.0,1.0,0.85294116,0,0,1,0,24763.25,24897.0,0.8666666666666667,1.2666666666666666,1,0
1760340600000,3,0.95916665,-1,9.02346099859635e-05,0.0,1.0,0.9526316,0,0,1,0,24763.25,24937.25,1.0,4.444444444444445,1,0
1760341200000,3,0.9560417,-1,0.00014032836838201391,0.0,1.0,0.23893805,9,0,1,0,24763.25,24945.0,7.8023255813953485,0.2441860465116279,208,1
1760353320000,2,1.4997916,1,0.00016105166738804392,0.0,1.0,0.34761906,0,0,1,0,24945.0,24802.5,0.8759124087591241,1.7372262773722629,3,0
1760353500000,2,1.4989583,1,7.062431897978126e-05,0.0,1.0,0.96744186,0,0,1,0,24945.0,24777.25,10.142857142857142,8.714285714285714,1,0
1760353560000,2,1.49875,1,0.00038347814679139797,0.0,1.0,0.7121212,0,0,1,0,24945.0,24763.75,2.3684210526315788,1.8421052631578947,2,0
1760353680000,3,0.9608333,1,0.0005046783684757703,0.0,1.0,0.6875,0,0,1,0,24945.0,24755.75,1.54,1.04,2,0
1760354700000,3,0.96020836,1,0.00064647117647653,0.0,1.0,0.26086956,14,0,1,0,24945.0,24733.75,2.0441176470588234,1.1323529411764706,130,0
1760361060000,2,1.4866667,-1,0.0005026236956915097,1.0,0.0,0.025,6,1,1,0,24763.25,24889.0,2.3525641025641026,0.5705128205128205,23,1
1760362620000,2,1.3929167,1,0.00022232103156958648,0.0,1.0,0.60383385,1,1,1,0,24877.25,24724.5,4.024193548387097,0.8145161290322581,20,1
1760365140000,2,1.475625,-1,0.0003315050328491351,1.0,0.0,0.02739726,7,1,1,0,24763.25,24913.75,1.8826291079812207,0.5258215962441315,36,1
1760367480000,2,1.3760417,1,0.0004241738708895532,0.0,1.0,0.65030676,1,1,1,0,24945.0,24743.5,13.140350877192983,0.8421052631578947,118,1
1760374800000,3,0.93833333,-1,0.00018037518037518038,0.0,1.0,0.1780822,1,1,0,0,24756.0,24956.25,0.23333333333333334,1.15,3,0
1760375460000,3,0.936875,-1,0.0002304355231387322,1.0,0.0,0.07608695,8,1,0,0,24756.0,24958.5,2.2941176470588234,1.3058823529411765,79,0
1760380380000,3,0.91875,-1,0.0002704516542626186,0.0,1.0,0.04761905,3,1,0,0,24756.0,24965.0,4.5,1.6666666666666667,284,0
1760401380000,3,1.4964583,-1,0.00014010367672077337,0.0,1.0,0.73913044,0,0,0,1,24882.5,24987.5,1.125,1.625,2,0
1760402520000,3,1.4945834,-1,0.000349500214692989,1.0,0.0,0.47345132,9,0,0,1,24882.5,25044.5,4.907563025210084,0.2184873949579832,201,1
1760414700000,2,1.399375,1,0.00011056832117081801,0.0,1.0,0.31756756,2,0,0,1,24945.0,24868.75,0.0891089108910891,1.5841584158415842,4,0
1760415720000,2,1.398125,1,0.0003329633740288568,0.0,1.0,0.63863635,2,0,0,1,24945.0,24769.25,0.2641509433962264,1.4088050314465408,9,0
1760416380000,3,1.2435417,1,0.00035341041046094813,0.0,1.0,0.11851852,1,0,0,1,24945.0,24750.0,1.1764705882352942,1.3277310924369747,62,0
1760420940000,3,1.23,1,0.00040517817710338124,1.0,0.0,0.526178,1,0,0,1,24945.0,24651.25,1.171270718232044,1.4972375690607735,77,0
1760425740000,3,1.31125,1,0.00015221472423765793,0.0,1.0,0.4198895,2,0,1,0,24945.0,24628.0,2.723809523809524,1.7714285714285714,28,0
1760428200000,3,1.3047917,1,0.0009528057087252676,0.0,1.0,0.52592593,12,0,1,0,24945.0,24598.25,0.2760416666666667,1.125,14,0
1760438160000,2,0.9816667,1,0.0004174302586031358,0.0,1.0,0.4238683,2,0,1,0,24713.0,24539.0,0.12142857142857143,1.0714285714285714,7,0
1760439420000,2,0.9785417,1,0.00014279157529705747,1.0,0.0,0.275,7,0,1,0,24713.0,24502.5,3.496551724137931,1.4827586206896552,160,0
1760449140000,3,0.97979164,1,0.0007448447559868172,0.0,1.0,0.33613446,1,1,1,0,24665.5,24470.0,0.25316455696202533,1.2911392405063291,3,0
1760449500000,3,0.97875,1,0.0012053361662138144,0.0,1.0,0.25724638,0,1,1,0,24665.5,24423.25,3.726829268292683,0.32195121951219513,36,1
1760453220000,2,1.483125,-1,0.0004548670777317295,0.0,1.0,0.5470297,1,1,1,0,24502.5,24744.5,0.6174863387978142,1.530054644808743,18,0
1760454420000,2,1.4364583,-1,0.0002826940745302735,0.0,1.0,0.20833333,2,1,1,0,24502.5,24768.75,2.557894736842105,1.7894736842105263,37,0
1760457420000,2,1.4283333,-1,0.00030204484359111185,0.0,1.0,0.69018406,4,1,1,0,24502.5,24838.25,2.0,2.0495049504950495,23,0
1760460900000,3,1.1391667,-1,0.00016040421863095,1.0,0.0,0.10606061,3,1,0,0,24502.5,24947.25,7.8559322033898304,1.5423728813559323,908,0
1760519880000,3,0.936875,-1,0.0001600896502041143,0.0,1.0,0.6,3,0,1,0,24876.5,24991.0,1.6625,1.2875,170,0
1760530800000,3,1.0483333,-1,5.994844433786943e-05,0.0,1.0,0.4463277,1,1,1,0,24876.5,25024.75,0.6938775510204082,1.0204081632653061,39,0
1760533500000,3,1.0377083,-1,0.00014987111084467357,1.0,0.0,0.116883114,6,1,1,0,24937.75,25025.25,4.470588235294118,0.6029411764705882,33,1
1760536200000,2,1.4902084,1,0.0004314150413355807,0.0,1.0,0.4331984,1,1,1,0,24965.0,24897.0,0.9857142857142858,0.09285714285714286,1,1
1760536920000,3,1.026875,-1,0.00031960369142263595,0.0,1.0,0.9617978,1,1,1,0,24937.75,25040.0,2.0,1.7058823529411764,2,0
1760538300000,3,1.0241667,-1,0.000278845579301691,0.0,1.0,0.90759075,15,1,1,0,24937.75,25110.5,1.2142857142857142,2.0357142857142856,1,0
1760539260000,3,1.0195833,-1,0.0002688064991438015,1.0,0.0,0.11811024,15,1,1,0,24937.75,25117.75,5.571428571428571,0.8303571428571429,63,1
1760544000000,2,1.4658333,1,0.0003916134474033016,0.0,1.0,0.06784661,9,1,0,0,24965.0,24876.5,0.1518987341772152,0.17088607594936708,2,1
1760544300000,3,1.4995834,-1,0.0003405141764063736,1.0,1.0,0.068292685,2,1,0,0,24876.5,24973.0,0.0,1.1518324607329844,3,0
1760544600000,3,1.498125,-1,0.00010013317712557702,0.0,1.0,0.33088234,1,1,0,0,24876.5,24980.5,1.4175824175824177,1.3186813186813187,15,0
1760545920000,3,1.4947916,-1,0.00026020035427279007,1.0,1.0,0.04368932,6,1,0,0,24876.5,24993.5,2.253807106598985,0.4720812182741117,28,1
1760548560000,2,1.4,1,0.00012139728272415503,0.0,1.0,0.79708636,0,1,0,0,24965.0,24663.5,5.410256410256411,0.1282051282051282,228,1
1760559120000,2,0.9997917,-1,0.0003405994550408719,0.0,1.0,0.2992126,11,1,0,0,24876.5,24964.5,1.3370786516853932,1.5168539325842696,52,0
1760566140000,3,1.4233333,-1,0.00015016518169986987,0.0,1.0,0.32307693,1,0,0,0,24876.5,24985.25,0.06818181818181818,1.1818181818181819,2,0
1760566620000,3,1.4227084,-1,0.00014006302836276323,1.0,0.0,0.17272727,2,0,0,0,24876.5,24992.25,4.175824175824176,0.5274725274725275,143,1
1760575260000,2,1.3041667,1,0.0003516245052140891,0.0,1.0,0.016129032,1,0,0,1,24965.0,24874.5,5.540983606557377,0.3114754098360656,289,1
1760593620000,3,1.33125,-1,0.00018023610930318717,0.0,1.0,0.565,16,0,0,1,24876.5,24977.75,1.0114942528735633,1.5632183908045978,19,0
1760596560000,3,1.3235416,-1,0.00010994612639806494,0.0,1.0,0.9039548,1,0,0,1,24876.5,25015.0,0.6470588235294118,1.4705882352941178,3,0
1760597220000,3,1.316875,-1,0.00011992324912056284,0.0,1.0,0.3902439,1,0,0,1,24876.5,25019.0,0.16,1.0,1,0
1760598180000,3,1.315,-1,0.00017973399368933978,0.0,1.0,0.7251908,1,0,1,0,24876.5,25042.0,6.638888888888889,2.0555555555555554,53,0
1760602200000,3,1.3008333,-1,0.00020966872341700115,0.0,1.0,0.4516129,11,0,1,0,24876.5,25056.0,0.17647058823529413,1.0705882352941176,4,0
1760622420000,3,1.228125,-1,9.955796264585242e-05,0.0,1.0,0.06719368,1,1,1,0,25005.25,25125.5,0.8983050847457628,1.1864406779661016,49,0
1760625960000,3,1.2172917,-1,0.000407255100621809,0.0,1.0,0.49173555,1,1,1,0,25005.25,25179.75,4.780487804878049,0.1951219512195122,44,1
1760628840000,2,1.49375,1,0.0002598103384529294,0.0,1.0,0.012244898,3,1,1,0,25117.75,24999.0,0.2190082644628099,1.21900826446281,7,0
1760629380000,2,1.49125,1,0.00045994480662320524,0.0,1.0,0.20437956,0,1,1,0,25117.75,24975.75,0.3944954128440367,1.2477064220183487,2,0
1760630280000,2,1.490625,1,0.0002602863149464411,0.0,1.0,0.8896552,1,1,1,0,25117.75,24946.5,2.5625,1.78125,2,0
1760632500000,2,1.1070833,1,0.0005248919933782856,0.0,1.0,0.8139905,1,1,0,0,25117.75,24754.0,1.0598290598290598,1.1196581196581197,5,0
1760633220000,2,1.1041666,1,0.0003738771055849156,0.0,1.0,0.5743073,1,1,0,0,25117.75,24731.5,4.502958579881657,1.8106508875739644,85,0
1760638620000,2,0.985,1,0.0010223603364678969,0.0,1.0,0.3043478,1,1,0,0,25117.75,24661.0,0.30416666666666664,1.1625,15,0
1760640120000,3,0.9683333,1,0.0004765767592780369,1.0,1.0,0.042735044,8,1,0,0,25117.75,24643.25,1.5625,1.0178571428571428,595,0
1760652660000,2,0.98541665,-1,0.00042260748820220764,0.0,1.0,0.24528302,1,0,0,0,24740.5,24858.5,4.9,0.225,48,1
1760655720000,2,1.4252083,1,0.0002122648661215166,0.0,1.0,0.28448275,2,0,0,1,24854.75,24728.0,0.26506024096385544,1.2289156626506024,5,0
1760656740000,2,1.4235417,1,0.0005861486998615476,1.0,0.0,0.030303031,12,0,0,1,24854.75,24723.25,0.15,1.06875,11,0
1760657940000,2,1.41875,1,0.0002022203797698732,0.0,1.0,0.64761907,9,0,0,1,24854.75,24720.5,11.45945945945946,1.6216216216216217,253,0
1760673240000,2,1.3639584,1,0.00044502432462501646,0.0,1.0,0.05263158,1,0,0,1,24835.75,24705.75,0.5444444444444444,1.1222222222222222,52,0
1760677800000,2,1.32375,1,0.00010128120727199068,0.0,1.0,0.65254235,1,0,0,1,24835.75,24681.25,0.04878048780487805,1.2195121951219512,1,0
1760678460000,3,0.83520836,1,7.098887502915614e-05,0.0,1.0,0.5416667,1,0,0,1,24835.75,24650.0,0.7402597402597403,1.103896103896104,11,0
1760680320000,3,0.8308333,1,0.00014215074070689533,1.0,0.0,0.45303866,9,0,0,1,24835.75,24616.0,2.0303030303030303,1.7878787878787878,44,0
1760683380000,3,0.8175,1,0.0005690941241031686,0.0,1.0,0.40939596,5,0,0,1,24835.75,24586.0,0.38636363636363635,1.3522727272727273,5,0
1760684640000,3,0.8147917,1,0.0001526872964169381,0.0,1.0,0.74871796,0,0,1,0,24835.75,24547.75,0.14285714285714285,1.2857142857142858,1,0
1760685780000,3,0.81145835,1,0.00013289851664809494,0.0,1.0,0.589011,3,0,1,0,24835.75,24451.5,0.6363636363636364,1.4598930481283423,10,0
1760686800000,3,0.805625,1,0.0012978651650945806,1.0,0.0,0.047826085,7,0,1,0,24835.75,24430.0,0.5753424657534246,1.0,25,0
1760688420000,2,0.68625,1,0.0007464136358523942,0.0,1.0,0.0042918455,1,0,1,0,24835.75,24417.75,0.07327586206896551,1.0474137931034482,12,0
1760689260000,2,0.68354166,1,0.00047089172561343883,0.0,1.0,0.062937066,1,0,1,0,24835.75,24410.25,12.126865671641792,0.14925373134328357,332,1
1760709900000,2,1.3514583,-1,0.00015083866296609146,0.0,1.0,0.810989,8,1,1,0,24423.25,24890.0,2.6744186046511627,1.2093023255813953,7,0
1760710620000,2,1.3475,-1,0.0002203945061660372,0.0,1.0,0.3715084,2,1,1,0,24423.25,24960.75,4.088888888888889,1.2133333333333334,133,0
1760718720000,2,1.2560416,-1,0.000170277552410429,0.0,1.0,0.24,1,1,0,0,24674.5,24973.0,2.4526315789473685,1.2947368421052632,18,0
1760719920000,2,1.2520833,-1,0.0010218597848083513,0.0,1.0,0.096345514,2,1,0,0,24674.5,24980.0,1.224264705882353,1.0294117647058822,80,0
1760912220000,1,1.0,-1,0.0008373539614817178,1.0,0.0,0.28780487,17,0,0,0,24976.0,25100.0,2.404109589041096,0.3082191780821918,121,1
1760919900000,1,1.0,1,0.0001902987690674359,0.0,1.0,0.35632184,2,0,0,1,25100.0,24956.0,4.142857142857143,0.6964285714285714,214,1
1760933220000,3,1.9502083,-1,4.97740259223127e-05,0.0,1.0,0.50574714,1,0,0,1,24976.0,25114.75,0.9302325581395349,1.2325581395348837,20,0
1760934840000,3,1.944375,-1,5.971694169635926e-05,1.0,0.0,0.0,6,0,0,1,24976.0,25120.0,1.35,1.0666666666666667,48,0
1760937720000,3,1.9329166,-1,0.0001194362608487937,0.0,1.0,0.61290324,0,0,0,1,24976.0,25121.0,1.3333333333333333,1.1666666666666667,3,0
1760938380000,3,1.9320834,-1,4.9760156047849364e-05,1.0,0.0,0.36507937,7,0,0,1,24976.0,25122.25,1.1,1.075,11,0
1760939220000,3,1.9283333,-1,7.963209969938883e-05,0.0,1.0,0.101123594,1,0,0,1,24976.0,25127.0,0.0375,1.0375,5,0
1760940000000,3,1.9266666,-1,7.959961394187238e-05,1.0,0.0,0.0,8,0,0,1,24976.0,25127.75,0.6039603960396039,1.0594059405940595,71,0
1760944440000,3,1.9102083,-1,0.00013930764102411018,0.0,1.0,0.25974026,2,0,1,0,24976.0,25132.25,0.08771929824561403,1.0526315789473684,8,0
1760946780000,3,1.9077083,-1,0.0002385994213964031,1.0,0.0,0.21830986,14,0,1,0,24976.0,25152.75,3.1621621621621623,1.8198198198198199,337,0
1760950260000,2,1.4908333,1,3.987598568452114e-05,0.0,1.0,0.65648854,0,0,1,0,25125.5,25066.5,0.37777777777777777,1.4444444444444444,9,0
1760964840000,2,1.3141667,-1,0.00014927006936082555,0.0,1.0,0.18367347,2,1,1,0,24976.0,25126.0,0.125,1.4,3,0
1760965800000,2,1.313125,-1,0.00010938743038981702,0.0,1.0,0.6701031,5,1,1,0,24976.0,25145.25,1.1875,1.59375,11,0
1760969700000,3,1.48125,-1,0.00015844251012546667,1.0,0.0,0.81735986,7,1,1,0,24976.0,25253.0,0.49504950495049505,1.3465346534653466,10,0
1760970660000,3,1.4697917,-1,0.00012858555885262118,0.0,1.0,0.84810126,1,1,1,0,24976.0,25285.0,2.3333333333333335,1.7083333333333333,8,0
1760972100000,3,1.466875,-1,4.9367113603601824e-05,0.0,1.0,0.9736842,0,1,1,0,24976.0,25321.75,15.6,4.2,16,0
1760973120000,3,1.4602083,-1,0.0003654176625120983,1.0,0.0,0.2125,1,1,1,0,24976.0,25325.75,1.3174603174603174,1.4603174603174602,13,0
1760975520000,3,1.4570833,-1,0.0002565392850447464,0.0,1.0,0.58563536,1,1,1,0,24976.0,25345.5,1.96,1.2666666666666666,87,0
1760981640000,2,0.99604166,-1,0.00015781271575957234,0.0,1.0,0.31506848,15,1,0,0,25037.25,25350.5,0.08,1.36,8,0
1760982600000,2,0.99125,-1,0.00018737487795978343,0.0,1.0,0.42553192,8,1,0,0,25037.25,25355.0,8.74074074074074,1.3333333333333333,390,0
1760990460000,2,0.975,1,0.0004347611284027469,0.0,1.0,0.10666667,1,1,0,0,25345.5,25289.25,2.373134328358209,0.26865671641791045,129,1
1761002100000,2,1.4229167,-1,0.0002071782324737081,0.0,1.0,0.0,5,0,0,1,25290.0,25345.75,0.8289473684210527,1.0789473684210527,105,0
1761009960000,2,1.4,-1,5.9175682739439604e-05,1.0,0.0,0.15068494,5,0,0,1,25290.0,25358.25,0.8225806451612904,1.064516129032258,51,0
1761013920000,3,0.9214583,-1,3.942129538376631e-05,0.0,1.0,0.6981132,2,0,0,1,25290.0,25368.0,18.625,0.0625,195,1
1761026100000,2,1.3527083,1,0.0001878714168471221,0.0,1.0,0.22666667,4,0,0,1,25355.0,25275.75,0.5689655172413793,1.4310344827586208,10,0
1761027600000,3,0.92395836,1,0.00021760633036597429,1.0,1.0,0.032258064,5,0,0,1,25355.0,25265.25,0.3,1.0555555555555556,46,0
1761030480000,3,0.91125,1,0.0001484208026597008,0.0,1.0,0.16666667,1,0,1,0,25355.0,25262.0,0.26666666666666666,1.1333333333333333,5,0
1761030900000,3,0.90979165,1,0.00022757631227427892,0.0,1.0,0.15,2,0,1,0,25355.0,25260.5,2.588235294117647,1.4705882352941178,62,0
1761053640000,2,1.4808333,1,0.00011870023245462189,0.0,1.0,0.2265625,1,1,1,0,25355.0,25256.0,0.5353535353535354,1.1919191919191918,7,0
1761054900000,3,0.9789583,1,0.0002476179156514332,0.0,1.0,0.8599222,6,1,1,0,25355.0,25219.25,0.8055555555555556,1.6111111111111112,2,0
1761055020000,3,0.975625,1,0.0002973682906279427,0.0,1.0,0.5833333,0,1,1,0,25355.0,25213.75,2.8,1.2333333333333334,5,0
1761055320000,3,0.9745833,1,0.00039647926413448575,0.0,1.0,0.46666667,0,1,1,0,25355.0,25212.0,6.4,1.575,26,0
1761057000000,3,0.9689583,1,0.00015859799373537924,0.0,1.0,0.3153153,1,1,1,0,25355.0,25204.75,0.32894736842105265,1.0921052631578947,2,0
1761057600000,3,0.9683333,1,0.00011901928112354201,0.0,1.0,0.09803922,8,1,1,0,25355.0,25203.0,1.5130434782608695,1.1652173913043478,1313,0
1761140160000,2,1.218125,1,0.0004565620874812661,0.0,1.0,0.7298578,1,1,1,0,25355.0,25172.75,7.192982456140351,2.9298245614035086,51,0
1761143580000,2,1.206875,1,0.000527751777428156,0.0,1.0,0.7356948,1,1,1,0,25355.0,25088.75,0.38144329896907214,1.0721649484536082,2,0
1761143760000,2,1.205,1,0.00018901899143445518,1.0,0.0,0.045161292,0,1,1,0,25355.0,25092.75,0.04054054054054054,1.0675675675675675,3,0
1761144540000,2,1.204375,1,0.00015965195872996867,1.0,0.0,0.15328467,3,1,1,0,25355.0,25050.5,1.4353448275862069,1.3491379310344827,34,0
1761147120000,3,0.90770835,1,0.0003996962308645429,0.0,1.0,0.4595588,1,1,1,0,25355.0,25003.0,2.489795918367347,3.5170068027210886,58,0
1761151500000,3,0.89375,1,0.0005609423832037823,0.0,1.0,0.2141901,12,1,0,0,25355.0,24866.25,0.1635434412265758,1.0885860306643953,54,0
1761155820000,3,0.87916666,1,0.0002317520454637056,0.0,1.0,0.35793358,3,1,0,0,25355.0,24805.25,11.683908045977011,0.4885057471264368,2047,1
1761182340000,2,1.4847916,-1,5.981994197465629e-05,0.0,1.0,0.5714286,1,0,0,1,24956.0,25076.75,0.2222222222222222,1.3333333333333333,1,0
1761183420000,2,1.4833333,-1,0.00010957157514119792,0.0,1.0,0.7094595,1,0,0,1,24956.0,25105.25,0.8837209302325582,1.186046511627907,23,0
1761189900000,2,0.996875,-1,0.00012944339340834412,1.0,1.0,0.10843374,10,0,0,1,24956.0,25113.5,2.2567567567567566,1.2027027027027026,216,0
1761203640000,2,0.94979167,-1,0.00015920873259898306,0.0,1.0,0.67,2,0,1,0,25053.25,25128.25,9.06060606060606,0.24242424242424243,117,1
1761210780000,2,1.4602083,1,0.0001596854197231454,0.0,1.0,0.08791209,2,0,1,0,25112.0,25045.25,0.03614457831325301,1.4819277108433735,7,0
1761211680000,2,1.4583334,1,6.991400577289934e-05,0.0,1.0,0.36,5,0,1,0,25112.0,25029.0,0.59375,1.0625,17,0
1761213060000,2,1.4529166,1,0.0002096812844476396,1.0,1.0,0.032520324,5,0,1,0,25112.0,25025.0,0.453781512605042,1.3109243697478992,73,0
1761222120000,3,0.99875,1,8.019165806277003e-05,0.0,1.0,0.29655173,2,1,1,0,25112.0,24938.25,0.43137254901960786,1.196078431372549,10,0
1761223020000,3,1.3933333,1,0.0005109298924041756,0.0,1.0,0.60169494,5,1,1,0,25112.0,24933.25,15.042553191489361,0.5957446808510638,68,1
1761227820000,2,1.365625,-1,0.0002582106005382698,0.0,1.0,0.720339,1,1,1,0,24956.0,25179.75,2.878787878787879,1.1717171717171717,39,0
1761230580000,3,0.9675,-1,0.00010918330884980347,0.0,1.0,0.18110237,4,1,1,0,24956.0,25190.5,0.8557692307692307,1.0865384615384615,4,0
1761231060000,3,0.965,-1,0.00016868426275054574,0.0,1.0,0.22857143,2,1,1,0,24956.0,25199.25,1.9135802469135803,1.5061728395061729,40,0
1761233700000,3,0.9560417,-1,0.000386908600283733,0.0,1.0,0.18348624,4,1,1,0,24956.0,25209.5,3.044943820224719,1.3146067415730338,21,0
1761235020000,3,0.9508333,-1,0.00013881727680164994,0.0,1.0,0.015151516,1,1,1,0,24956.0,25216.5,0.8615384615384616,1.2615384615384615,9,0
1761264360000,1,1.0,-1,3.9526472855194765e-05,1.0,0.0,0.1,3,0,0,1,25230.75,25305.0,0.5370370370370371,1.0925925925925926,56,0
1761277500000,2,1.995625,-1,5.922182521665318e-05,1.0,0.0,0.47368422,11,0,0,1,25230.75,25330.0,0.25,1.55,15,0
1761285960000,3,0.47416666,-1,0.00014789253142716294,0.0,1.0,0.43589744,1,0,0,1,25303.0,25360.0,0.18181818181818182,1.5,2,0
1761287400000,3,0.47333333,-1,2.9551700700375305e-05,0.0,1.0,0.51111114,2,0,0,1,25303.0,25381.25,4.25,1.1136363636363635,180,0
1761298320000,3,0.58125,-1,5.9095833743721065e-05,0.0,1.0,0.32,1,0,1,0,25303.0,25384.0,0.23529411764705882,1.3529411764705883,3,0
1761298620000,3,0.58020836,-1,0.0001674398447734145,0.0,1.0,0.07317073,0,0,1,0,25303.0,25391.75,0.02631578947368421,1.0263157894736843,2,0
1761299220000,3,0.57916665,-1,3.9380931752845275e-05,1.0,0.0,0.12903225,7,0,1,0,25303.0,25394.0,4.0,10.333333333333334,163,0
1761309600000,2,1.94375,-1,0.0006176531142462181,1.0,0.0,0.7091837,9,1,1,0,25303.0,25522.5,0.6228070175438597,1.1271929824561404,57,0
1761323700000,2,0.98333335,-1,0.0004501242734407108,1.0,0.0,0.015503876,15,1,0,0,25432.5,25560.0,0.25196850393700787,1.2834645669291338,16,0
1761324840000,2,0.976875,-1,0.0005772034006085093,0.0,1.0,0.116883114,3,1,0,0,25432.5,25569.0,3.2058823529411766,13.882352941176471,246,0
1761516720000,3,0.9875,-1,0.002439237713919204,1.0,0.0,0.16759777,12,0,0,0,25497.5,25788.0,0.18456375838926176,1.0033557046979866,469,0
1761545280000,2,1.4247917,-1,0.00013569310097505185,0.0,1.0,0.67241377,1,0,0,1,25711.0,25797.0,1.7894736842105263,1.3157894736842106,16,0
1761546420000,2,1.4197917,-1,5.813897152159378e-05,0.0,1.0,0.0,1,0,0,1,25711.0,25801.75,0.43333333333333335,1.1333333333333333,3,0
1761546600000,2,1.41875,-1,0.00013566285841642682,0.0,1.0,0.36363637,0,0,0,1,25711.0,25802.75,5.714285714285714,1.8571428571428572,46,0
1761550080000,2,1.4091667,-1,8.718818115766529e-05,0.0,1.0,0.3970588,0,0,1,0,25711.0,25816.5,3.682926829268293,1.3414634146341464,128,0
1761572280000,2,0.9927083,1,0.0004940137161455306,0.0,1.0,0.086021505,3,1,1,0,25852.5,25796.25,0.38235294117647056,0.7176470588235294,20,1
1761573900000,2,0.9629167,-1,0.00039626543985463826,0.0,1.0,0.70289856,0,1,1,0,25811.25,25876.75,4.341463414634147,1.1219512195121952,28,0
1761576360000,2,0.955625,-1,9.661275674840106e-05,1.0,0.0,0.4245283,0,1,1,0,25811.25,25891.75,1.7377049180327868,1.278688524590164,26,0
1761628980000,2,0.97625,1,9.634282631315273e-05,0.0,1.0,0.6619718,9,0,0,1,25989.0,25946.5,0.625,1.3333333333333333,17,0
1761639300000,2,0.97270834,1,0.0001156281014829304,0.0,1.0,0.5714286,4,0,1,0,25989.0,25942.25,11.866666666666667,0.6666666666666666,130,1
1761647160000,2,1.4322916,-1,3.847707728120972e-05,0.0,1.0,0.3043478,1,0,1,0,25944.5,25990.5,4.25,2.0,43,0
1761650100000,2,1.423125,-1,0.00016352285953386366,0.0,1.0,0.6969697,6,0,1,0,25944.5,25994.5,1.0,1.9,7,0
1761650520000,2,1.4204167,-1,4.808108393995634e-05,0.0,1.0,0.8148148,0,0,1,0,25944.5,25999.0,2.4,1.8,1,0
1761650640000,2,1.42,-1,0.00013462703503187775,0.0,1.0,0.22222222,0,0,1,0,25944.5,26001.25,1.2857142857142858,1.7857142857142858,3,0
1761651060000,2,1.419375,-1,0.00015384615384615385,1.0,1.0,0.0,4,0,1,0,25944.5,26004.0,0.16666666666666666,1.0416666666666667,39,0
1761654120000,3,0.8960417,-1,0.0005476714355717401,0.0,1.0,0.24390244,3,1,1,0,25944.5,26033.5,1.096774193548387,1.032258064516129,40,0
1761657420000,3,0.88708335,-1,0.0001247181848707248,1.0,1.0,0.6956522,5,1,1,0,25944.5,26062.0,0.9821428571428571,2.232142857142857,13,0
1761659280000,3,0.88125,-1,5.751423477310634e-05,1.0,1.0,0.065789476,15,1,1,0,25944.5,26094.0,0.6525821596244131,1.107981220657277,159,0
1761669600000,2,0.981875,-1,0.0011678440832423947,0.0,1.0,0.29496402,10,1,0,0,26006.0,26147.0,0.02040816326530612,1.0612244897959184,55,0
1761695340000,2,1.4902084,-1,0.00020047541312254776,0.0,1.0,0.18604651,2,0,0,1,26150.5,26193.0,2.085714285714286,1.1428571428571428,42,0
1761697980000,2,1.4810417,-1,9.544990311834834e-05,0.0,1.0,0.12195122,2,0,0,1,26164.75,26194.25,2.0555555555555554,1.0833333333333333,54,0
1761701400000,2,1.469375,-1,0.000124063558715465,0.0,1.0,0.5588235,2,0,0,1,26164.75,26199.5,0.06666666666666667,1.0,3,0
1761702240000,2,1.468125,-1,0.0001811991569470803,0.0,1.0,0.18681319,4,0,0,1,26164.75,26219.0,0.581081081081081,1.0135135135135136,12,0
1761703080000,2,1.463125,-1,0.00017165581102602493,0.0,1.0,0.25,1,0,0,1,26164.75,26223.0,0.1388888888888889,2.25,4,0
1761704100000,2,1.4245833,-1,9.528346831824679e-05,0.0,1.0,0.6962025,3,0,0,1,26164.75,26240.0,0.25,1.125,2,0
1761704220000,2,1.4214584,-1,8.575185319282733e-05,0.0,1.0,0.59090906,0,0,0,1,26164.75,26240.75,1.6666666666666667,1.5555555555555556,2,0
1761704340000,2,1.4210416,-1,0.00013339558460614953,0.0,1.0,0.15,0,0,0,1,26164.75,26242.0,0.5294117647058824,1.1176470588235294,2,0
1761705300000,2,1.4204167,-1,0.0001905034052483688,0.0,1.0,0.3469388,6,0,0,1,26164.75,26252.75,3.0,1.3125,156,0
1761746580000,2,1.4891666,-1,0.00027546377651338846,1.0,0.0,0.4770115,2,1,1,0,26243.5,26326.5,2.6483516483516483,0.2087912087912088,47,1
1761749460000,2,1.4895834,1,0.00035234404014817497,0.0,1.0,0.047244094,1,1,1,0,26310.0,26243.5,0.2975206611570248,1.0991735537190082,19,0
1761750780000,2,1.4852084,1,0.0003047967386748962,0.0,1.0,0.044444446,1,1,1,0,26310.0,26237.0,0.8372093023255814,1.127906976744186,22,0
1761752100000,2,1.4802083,1,0.00022861061896325085,0.0,1.0,0.1,0,1,1,0,26310.0,26234.25,0.3111111111111111,1.4,2,0
1761752760000,2,1.4797916,1,2.8592668839709498e-05,0.0,1.0,0.46575344,9,1,1,0,26310.0,26229.75,0.3076923076923077,1.4615384615384615,1,0
1761753420000,2,1.4777083,1,0.00037168344007319304,0.0,1.0,0.2,9,1,1,0,26310.0,26218.25,0.08,1.23,7,0
1761754800000,2,1.4364583,1,0.00020031478036915153,1.0,0.0,0.06428572,10,1,0,0,26310.0,26203.5,1.6412213740458015,2.618320610687023,135,0
1761760800000,2,1.5,-1,0.0009518370454978108,0.0,1.0,0.45355192,0,1,0,0,26226.25,26290.0,1.96,0.29,3,1
1761761760000,2,1.411875,1,0.0008864487718395242,0.0,1.0,0.42201835,11,1,0,0,26268.75,26205.0,1.3571428571428572,0.5079365079365079,17,1
1761762900000,2,1.493125,-1,0.0002284039323543687,1.0,1.0,0.015065913,1,1,0,0,26150.5,26283.25,0.2695984703632887,0.19694072657743786,1,1
1761763800000,2,1.405,1,0.0008726421879345231,1.0,0.0,0.18285714,9,1,0,0,26268.75,26047.5,1.167832167832168,0.4195804195804196,60,1
1761768180000,2,1.4770833,-1,0.0021945658369751093,0.0,1.0,0.3317152,1,1,0,0,26164.75,26378.5,1.1210653753026634,0.7046004842615012,5,1
1761768540000,2,1.2483333,1,0.0009441879983214436,0.0,1.0,0.35276967,1,1,0,0,26310.0,26159.5,1.0945945945945945,1.1441441441441442,51,0
1761775680000,2,1.2375,1,0.0003436951042541816,0.0,1.0,0.06081081,8,0,0,0,26310.0,26151.5,1.2877697841726619,0.7841726618705036,137,1
1761784500000,3,1.3447917,-1,0.0004371543154733621,1.0,0.0,0.10185185,4,0,0,1,26164.75,26318.0,1.3917525773195876,1.1855670103092784,92,0
1761791820000,3,1.3235416,-1,0.0001232706549464721,1.0,0.0,0.5507246,19,0,0,1,26164.75,26368.0,0.07526881720430108,1.1612903225806452,5,0
1761793680000,3,1.31625,-1,0.000189623786407767,0.0,1.0,0.7457627,4,0,0,1,26164.75,26375.0,0.3,1.2666666666666666,3,0
1761794460000,3,1.3102083,-1,0.0001421100500227376,0.0,1.0,0.6171875,5,0,0,1,26164.75,26392.5,0.6938775510204082,1.1224489795918366,15,0
1761795480000,3,1.4547917,-1,2.8422548555187114e-05,0.0,1.0,0.0,1,0,0,1,26164.75,26392.0,1.2647058823529411,1.1764705882352942,10,0
1761796080000,3,1.4525,-1,4.736238857998087e-05,0.0,1.0,0.8333333,0,0,0,1,26164.75,26393.5,0.8,5.8,1,0
1761796140000,3,1.4522916,-1,0.00018943340468658242,0.0,1.0,0.3939394,0,0,0,1,26164.75,26399.5,51.05,0.5,35,1
1761798360000,2,1.145,1,0.00021036728215033612,0.0,1.0,0.03846154,2,0,0,1,26378.5,26139.25,2.36,1.0622222222222222,485,0
1761827580000,2,1.0433333,1,0.00039196191277413435,0.0,1.0,0.008064516,1,1,1,0,26378.5,26137.0,0.2601626016260163,1.1300813008130082,7,0
1761828240000,2,1.0416666,1,9.571301409852698e-05,0.0,1.0,0.8305085,1,1,1,0,26378.5,26110.75,2.533333333333333,2.033333333333333,6,0
1761828780000,2,1.0395833,1,8.620111678335744e-05,0.0,1.0,0.627907,2,1,1,0,26378.5,26099.5,1.5625,1.4375,2,0
1761829680000,2,1.0385417,1,0.00016294137944254878,1.0,0.0,0.2060606,4,1,1,0,26378.5,26078.75,0.6335877862595419,1.2595419847328244,22,0
1761832200000,3,1.2804166,1,0.0005008765339343851,0.0,1.0,0.043010753,10,1,1,0,26378.5,25941.5,0.5280898876404494,1.0561797752808988,326,0
1761852600000,3,0.80916667,1,0.00019314713949086413,1.0,1.0,0.113970585,8,1,0,0,26097.0,25882.0,0.31950207468879666,1.066390041493776,27,0
1761854460000,3,0.800625,1,0.0007335836526674453,1.0,1.0,0.15187714,1,1,0,0,26097.0,25853.0,0.971830985915493,0.3963782696177062,39,1
1761857520000,2,1.4666667,-1,0.00020094732309458877,0.0,1.0,0.956,5,1,0,0,25711.0,26147.75,5.363636363636363,1.4545454545454546,7,0
1761862620000,2,1.4627084,-1,0.0002769395316857023,1.0,0.0,0.34042552,17,0,0,0,25853.0,26186.25,0.9032258064516129,1.314516129032258,131,0
1761871200000,2,1.3816667,-1,6.680090467510903e-05,0.0,1.0,0.5212766,9,0,0,1,26127.25,26199.0,0.8222222222222222,1.2444444444444445,21,0
1761890040000,2,1.4764583,1,5.7336161917321254e-05,0.0,1.0,0.14285715,1,0,0,1,26214.0,26160.0,0.75,1.375,6,0
1761890460000,2,1.475,1,0.00015289497071105718,0.0,1.0,0.023809524,1,0,0,1,26210.25,26157.75,2.3902439024390243,1.0975609756097562,51,0
1761893940000,2,1.4641666,1,4.7790181985013e-05,1.0,0.0,0.3611111,5,0,0,1,26210.25,26154.75,0.5217391304347826,1.3043478260869565,3,0
1761896700000,2,1.4785416,-1,0.00020033197870757255,0.0,1.0,0.24390244,2,0,1,0,26127.25,26211.75,0.2903225806451613,1.032258064516129,2,0
1761897600000,2,1.4777083,-1,5.7212602029140285e-05,0.0,1.0,0.46875,1,0,1,0,26127.25,26219.5,6.323529411764706,1.8235294117647058,230,0
1761912540000,2,0.96458334,-1,7.62289536623248e-05,0.0,1.0,0.93203884,1,1,1,0,26127.25,26238.75,1.0,1.2857142857142858,1,0
1761918300000,2,1.32875,1,9.57992048665996e-06,0.0,1.0,0.99333334,0,1,1,0,26378.5,26096.0,66.0,33.0,1,0
1761920280000,2,1.3279166,1,8.632348286478865e-05,1.0,1.0,0.31407943,14,1,1,0,26378.5,26062.5,0.12105263157894737,1.1157894736842104,4,0
1761927960000,2,0.98833334,1,0.0002599628349428563,1.0,0.0,0.44444445,6,1,0,0,26183.0,25955.5,0.25,1.0615384615384615,28,0
1762128480000,1,1.0,-1,3.831931485065047e-05,0.0,1.0,0.5217391,1,0,0,1,26012.5,26097.5,0.2727272727272727,1.0909090909090908,2,0
1762131840000,2,0.83770835,-1,0.000277623542476402,1.0,0.0,0.0952381,3,0,0,1,26012.5,26121.75,1.1842105263157894,1.131578947368421,13,0
1762132980000,2,0.8339583,-1,0.0001244376375993108,1.0,0.0,0.06666667,6,0,0,1,26012.5,26123.0,5.071428571428571,1.0571428571428572,472,0
1762151340000,2,0.98270833,1,0.0001728259930293516,0.0,1.0,0.5903614,1,0,0,1,26118.25,26033.25,2.2058823529411766,1.2058823529411764,17,0
1762152420000,2,0.97791666,1,5.76191756616602e-05,0.0,1.0,0.1875,1,0,0,1,26118.25,26031.5,1.9743589743589745,1.1538461538461537,17,0
1762160940000,2,1.235625,-1,4.786108797825192e-05,0.0,1.0,0.7916667,0,0,1,0,26016.75,26118.5,4.8,1.2,2,0
1762161600000,2,1.2352084,-1,0.00014351457629713257,0.0,1.0,0.68292683,1,0,1,0,26016.75,26133.5,0.038461538461538464,1.3076923076923077,2,0
1762162380000,3,0.93291664,-1,8.603795229673534e-05,0.0,1.0,0.6442308,1,0,1,0,26016.75,26155.75,2.4594594594594597,1.3243243243243243,76,0
1762167240000,3,0.91479164,-1,5.733561401664644e-05,0.0,1.0,0.04347826,2,0,1,0,26016.75,26163.25,1.8181818181818181,1.3863636363636365,15,0
1762168920000,3,0.91041666,-1,0.00012416902269427675,0.0,1.0,0.56790125,2,0,1,0,26016.75,26178.75,2.2857142857142856,1.0857142857142856,48,0
1762179180000,2,1.1258334,-1,0.0008768669163831146,0.0,1.0,0.45423728,13,1,1,0,26016.75,26252.75,0.11180124223602485,1.062111801242236,17,0
1762184700000,3,1.455,1,0.0004129413911323237,0.0,1.0,0.2562674,9,1,1,0,26265.75,26012.75,1.4756554307116105,1.0936329588014981,453,0
1762204260000,2,1.4739584,-1,0.0010707456978967496,0.0,1.0,0.038647342,6,1,0,0,26016.75,26178.0,2.4472361809045227,0.11557788944723618,127,1
1762216500000,3,1.34625,1,0.00011539793053044582,1.0,0.0,0.51111114,5,0,0,1,26166.0,25982.0,1.2159090909090908,1.1704545454545454,107,0
1762224540000,3,1.3204167,1,0.0003274015869347508,0.0,1.0,0.8380282,1,0,0,1,26166.0,25952.25,0.2608695652173913,1.391304347826087,2,0
1762224720000,3,1.314375,1,0.00015408023728356542,0.0,1.0,0.094339624,0,0,0,1,26166.0,25948.5,0.16666666666666666,1.2291666666666667,4,0
1762225560000,3,1.313125,1,0.00013491245145560898,1.0,0.0,0.1322314,6,0,0,1,26166.0,25938.0,0.45714285714285713,1.1428571428571428,31,0
1762228080000,3,1.3047917,1,0.0002313877480187424,0.0,1.0,0.6,7,0,0,1,26166.0,25924.5,0.5588235294117647,1.0294117647058822,12,0
1762237080000,2,0.69166666,1,0.0003687351414293339,1.0,1.0,0.6789366,6,0,0,1,26166.0,25754.25,0.03821656050955414,1.2547770700636942,12,0
1762244160000,2,0.99895835,1,0.00025256940801616443,0.0,1.0,0.39814815,1,0,1,0,26166.0,25729.0,2.7846153846153845,1.0307692307692307,53,0
1762247340000,2,0.985625,1,0.00022335084533439505,0.0,1.0,0.0,0,0,1,0,25803.5,25728.5,1.7619047619047619,1.4126984126984128,14,0
1762248660000,2,0.98270833,1,2.9157352512391875e-05,1.0,0.0,0.041322313,6,0,1,0,25803.5,25721.75,0.04310344827586207,1.3017241379310345,5,0
1762248960000,2,0.98,1,0.00015553913753548235,0.0,1.0,0.65957445,0,0,1,0,25803.5,25713.0,2.0625,1.4375,1,0
1762249080000,2,0.9795833,1,6.801399144966965e-05,0.0,1.0,0.23255815,0,0,1,0,25803.5,25721.75,2.727272727272727,1.7272727272727273,6,0
1762249620000,2,0.97833335,1,0.00014581652392849158,0.0,1.0,0.46296296,2,0,1,0,25803.5,25713.5,1.4137931034482758,2.8620689655172415,4,0
1762250520000,2,0.976875,1,0.0004090457546894174,0.0,1.0,0.8164794,2,0,1,0,25803.5,25659.0,0.673469387755102,1.9795918367346939,2,0
1762267800000,2,1.4770833,-1,0.00013569310097505185,0.0,1.0,0.88709676,0,1,1,0,25644.75,25797.0,0.14285714285714285,8.357142857142858,1,0
1762268520000,2,1.476875,-1,0.00031886522629768485,0.0,1.0,0.86021507,0,1,1,0,25663.0,25886.0,3.6538461538461537,1.5961538461538463,24,0
1762276980000,2,1.4710417,1,0.0004967951840090397,0.0,1.0,0.05905512,3,1,0,0,25893.75,25642.25,0.5271966527196653,1.0292887029288702,48,0
1762280460000,3,0.97270834,1,0.0001170880209197264,0.0,1.0,0.36097562,1,1,0,0,25893.75,25618.75,0.42748091603053434,1.2290076335877862,6,0
1762281000000,3,0.969375,1,0.00019518860098570242,0.0,1.0,0.09558824,3,1,0,0,25893.75,25611.25,0.1951219512195122,1.1300813008130082,9,0
1762281780000,3,0.966875,1,0.0002244866088857656,1.0,0.0,0.059210528,3,1,0,0,25893.75,25603.0,1.3916083916083917,1.3986013986013985,55,0
1762285200000,3,0.954375,1,6.836538367629968e-05,0.0,1.0,0.6744186,1,1,0,0,25893.75,25592.25,0.2857142857142857,1.5714285714285714,1,0
1762285440000,3,0.95395833,1,0.0004592355194246854,0.0,1.0,0.3148148,1,1,0,0,25893.75,25574.25,2.7162162162162162,1.3918918918918919,67,0
1762301100000,1,1.0,1,0.00017667497693410022,0.0,1.0,0.74509805,1,0,0,1,25893.75,25466.0,0.5128205128205128,2.0256410256410255,1,0
1762320300000,2,0.9975,-1,3.9166536111546294e-05,1.0,0.0,0.010416667,5,0,0,1,25282.75,25533.0,0.16842105263157894,1.1263157894736842,6,0
1762320660000,2,0.99354166,-1,0.0001272875033045794,0.0,1.0,0.6486486,0,0,0,1,25282.75,25536.0,23.692307692307693,6.153846153846154,47,0
1762323780000,2,0.98375,-1,3.913549687405219e-05,0.0,1.0,0.13513513,4,0,0,1,25443.75,25553.25,3.8854166666666665,0.9479166666666666,271,1
1762340580000,2,1.47625,1,0.00025564382915126247,0.0,1.0,0.4906542,2,0,1,0,25552.0,25403.75,4.678899082568807,0.6146788990825688,145,1
1762350000000,3,0.9316667,-1,3.909533397189046e-05,0.0,1.0,0.96363634,2,1,1,0,25403.75,25579.5,0.6666666666666666,7.166666666666667,1,0
1762351200000,3,0.92895836,-1,0.0001172413119302805,1.0,0.0,0.1734694,17,1,1,0,25403.75,25595.75,4.333333333333333,1.2839506172839505,47,0
1762354680000,3,0.91520834,-1,0.0004186340846030278,0.0,1.0,0.9049505,0,1,1,0,25403.75,25690.75,1.7916666666666667,1.3541666666666667,2,0
1762355220000,3,0.9125,-1,0.0004863009035470788,0.0,1.0,0.48986486,1,1,1,0,25403.75,25716.75,1.6026490066225165,1.033112582781457,21,0
1762356540000,3,0.9064583,-1,0.00011678377484088211,0.0,1.0,0.24,0,1,1,0,25403.75,25717.0,0.4824561403508772,1.456140350877193,12,0
1762357320000,3,0.9039583,-1,0.0008363643436484936,0.0,1.0,0.46923077,1,1,1,0,25403.75,25730.0,0.9420289855072463,1.3768115942028984,6,0
1762357800000,3,0.9025,-1,0.00047632008709853023,1.0,0.0,0.06779661,2,1,1,0,25403.75,25736.5,0.896969696969697,1.0909090909090908,36,0
1762388880000,2,0.995,1,0.0003312419625112038,0.0,1.0,0.6635945,1,0,0,1,25878.5,25652.25,2.26027397260274,1.4931506849315068,58,0
1762392600000,2,0.9820833,1,0.00015612345462174214,0.0,1.0,0.58125,2,0,0,1,25878.5,25616.75,11.35820895522388,2.8507462686567164,791,0
1762422360000,2,0.9529167,-1,5.826883297239029e-05,0.0,1.0,0.8125,0,0,1,0,25628.25,25744.25,1.8333333333333333,1.3333333333333333,1,0
1762422420000,2,0.9527083,-1,9.710812018100953e-06,0.0,1.0,0.94736844,0,0,1,0,25628.25,25744.75,15.0,3.0,1,0
1762422480000,2,0.9525,-1,3.884852958315528e-05,0.0,1.0,0.055555556,0,0,1,0,25628.25,25745.25,1.9411764705882353,1.1176470588235294,3,0
1762423020000,2,0.951875,-1,4.8556889251446995e-05,1.0,0.0,0.057971016,4,0,1,0,25628.25,25747.5,0.47692307692307695,1.1384615384615384,20,0
1762425420000,2,0.94625,-1,0.00010669770599932101,0.0,1.0,0.5043478,3,0,1,0,25628.25,25777.25,1.4736842105263157,1.4035087719298245,89,0
1762438740000,2,0.98645836,1,0.00027237884005525397,0.0,1.0,0.5294118,10,1,1,0,25878.5,25692.5,0.0673076923076923,1.3365384615384615,5,0
1762439520000,2,0.9825,1,0.00017533947670907285,0.0,1.0,0.56271183,0,1,1,0,25878.5,25632.25,0.10077519379844961,1.0077519379844961,1,0
1762440480000,2,0.980625,1,0.0004883146308829705,1.0,0.0,0.051575933,7,1,1,0,25878.5,25585.75,0.021148036253776436,1.2537764350453173,3,0
1762441500000,2,1.426875,1,9.836517086030179e-05,0.0,1.0,0.79766536,1,1,1,0,25878.5,25413.0,0.9743589743589743,1.2243589743589745,10,0
1762444860000,3,1.155,1,0.0004940125676797218,0.0,1.0,0.8067227,2,1,1,0,25878.5,25290.5,1.7826086956521738,1.2260869565217392,21,0
1762446540000,3,1.0447917,1,0.0003658150755358696,1.0,0.0,0.1,4,1,1,0,25878.5,25276.75,0.0,1.6222222222222222,6,0
1762447920000,3,1.0427083,1,0.0008219774996038663,1.0,0.0,0.31347963,9,1,1,0,25878.5,25223.25,0.1232876712328767,1.3972602739726028,4,0
1762448400000,3,1.0383333,1,0.00018844532606000495,0.0,1.0,0.072289154,4,1,0,0,25878.5,25201.5,0.8744588744588745,1.0735930735930737,26,0
1762450680000,3,1.0320834,1,0.0006544048386297159,1.0,0.0,0.011560693,12,1,0,0,25878.5,25197.25,1.8245614035087718,1.412280701754386,564,0
1762456140000,2,0.99895835,-1,0.00033461602810774636,0.0,1.0,0.22105263,3,1,0,0,25282.75,25410.75,0.2905405405405405,1.1824324324324325,17,0
1762457640000,2,0.9945833,-1,0.00022609977881543378,0.0,1.0,0.6293706,5,1,0,0,25282.75,25437.0,0.18867924528301888,1.1320754716981132,2,0
1762458300000,2,0.9925,-1,0.00036375076191037966,0.0,1.0,0.43629342,9,1,0,0,25282.75,25438.75,3.6164383561643834,0.6506849315068494,61,1
1762462560000,3,1.4904166,1,0.0003958749826804695,0.0,1.0,0.76061773,1,1,0,0,25878.5,25238.0,0.45161290322580644,1.7580645161290323,3,0
1762463280000,3,1.4875,1,0.0006532454421283924,1.0,0.0,0.13013698,8,1,0,0,25438.75,25241.5,2.4173228346456694,1.0551181102362204,205,0
1762479540000,3,1.430625,1,0.00033717782163293235,0.0,1.0,0.12669684,3,0,0,1,25438.75,25200.75,0.6632124352331606,1.8031088082901554,143,0
1762488900000,3,1.3995833,1,0.0005461604917430464,1.0,0.0,0.021929825,13,0,0,1,25350.0,25162.0,2.408071748878924,0.04035874439461883,230,1
1762503180000,2,1.4239583,-1,0.0002564912003788178,1.0,0.0,0.0,8,0,1,0,25197.25,25352.0,0.047619047619047616,1.1746031746031746,2,0
1762503540000,2,1.4216666,-1,8.874864411793709e-05,1.0,1.0,0.09090909,2,0,1,0,25197.25,25354.75,5.43,0.04,124,1
1762511400000,3,1.8202083,1,0.0002480921712034455,0.0,1.0,0.024539877,6,0,1,0,25350.0,25186.0,0.5471698113207547,1.0062893081761006,37,0
1762514280000,3,1.8110417,1,3.9819617134381256e-05,0.0,1.0,0.72357726,1,0,1,0,25350.0,25102.75,1.2058823529411764,1.1372549019607843,10,0
1762515180000,3,1.8066666,1,0.0002490982642832945,0.0,1.0,0.8121827,1,0,1,0,25350.0,25084.25,11.054054054054054,3.1621621621621623,76,0
1762520220000,3,1.4395833,1,0.00015957871219979256,1.0,0.0,0.075187966,4,0,1,0,25350.0,25062.0,1.7642276422764227,1.5365853658536586,93,0
1762525800000,3,1.41875,1,2.9944602485402005e-05,0.0,1.0,0.9886364,0,1,1,0,25350.0,25045.5,58.0,1.3333333333333333,4,0
1762526040000,3,1.4179167,1,0.00025938784468653976,0.0,1.0,0.53781515,0,1,1,0,25350.0,25045.25,0.16363636363636364,2.109090909090909,1,0
1762526880000,3,1.4177083,1,0.00032065092137038186,0.0,1.0,0.51304346,8,1,1,0,25350.0,24917.5,0.8285714285714286,1.4214285714285715,18,0
1762528080000,3,1.4110416,1,0.0005020836471356127,0.0,1.0,0.11504425,1,1,1,0,25147.0,24881.75,2.265,1.13,33,0
1762530180000,3,1.4039583,1,0.0002612540192926045,0.0,1.0,0.8239437,1,1,1,0,25147.0,24873.5,1.08,3.0,1,0
1762530420000,3,1.4033333,1,0.0008043596291902109,0.0,1.0,0.21022727,1,1,1,0,25147.0,24843.25,0.4892086330935252,1.143884892086331,6,0
1762531980000,3,1.4014584,1,0.0002118302130406714,0.0,1.0,0.8299712,1,1,1,0,25147.0,24778.75,0.1016949152542373,1.0677966101694916,1,0
1762550400000,2,0.92583334,-1,0.00022806147744174515,0.0,1.0,0.8078078,3,1,0,0,24709.0,25219.5,0.53125,1.0,16,0
1762730340000,3,1.375,-1,0.0013409451691464291,1.0,1.0,0.06666667,19,0,0,0,24709.0,25389.25,0.6394557823129252,1.1462585034013606,127,0
1762733220000,1,1.0,1,0.0003856536829926726,0.0,1.0,0.39259258,1,0,0,1,25350.0,25268.75,3.1341463414634148,0.6341463414634146,54,1
1762737120000,2,1.1122917,-1,0.0001477861632741532,0.0,1.0,0.9030303,1,0,0,1,24709.0,25379.5,0.0,1.8125,1,0
1762737300000,3,0.7347917,-1,5.909874415168678e-05,0.0,1.0,0.7741935,2,0,0,1,24709.0,25382.75,3.5714285714285716,1.0,1,0
1762738140000,3,0.7341667,-1,6.889221321155814e-05,0.0,1.0,0.46875,2,0,0,1,24709.0,25403.75,0.7205882352941176,1.4705882352941178,20,0
1762740420000,3,0.7270833,-1,0.000147441883324323,1.0,0.0,0.10619469,14,0,0,1,25268.75,25437.5,0.10891089108910891,1.0198019801980198,32,0
1762743480000,3,0.716875,-1,0.0001178967224711153,1.0,0.0,0.16216215,8,0,0,1,25268.75,25449.0,0.16129032258064516,1.064516129032258,2,0
1762744740000,3,0.7125,-1,9.813927926513308e-06,0.0,1.0,0.8313953,1,0,0,1,25268.75,25474.25,0.896551724137931,1.206896551724138,7,0
1762745880000,3,0.70708334,-1,4.90441299080913e-05,0.0,1.0,0.20987654,3,0,0,1,25268.75,25488.5,1.046875,1.125,94,0
1762762980000,2,0.9975,1,0.00010801787204792066,1.0,0.0,0.16304348,7,0,1,0,25502.75,25456.0,2.038961038961039,0.14285714285714285,11,1
1762766880000,2,0.98041666,-1,0.00035212989680637744,1.0,0.0,0.5723473,8,0,1,0,25463.25,25569.5,0.9473684210526315,1.4661654135338347,303,0
1762786200000,2,1.4560417,-1,0.00024385247900430155,1.0,0.0,0.41569766,3,1,1,0,25504.75,25647.5,0.17412935323383086,1.1044776119402986,8,0
1762786680000,2,1.4504167,-1,6.822346107364235e-05,0.0,1.0,0.88709676,0,1,1,0,25504.75,25652.75,9.0,3.857142857142857,1,0
1762786740000,2,1.4502083,-1,0.00025352744434585045,0.0,1.0,0.13333334,0,1,1,0,25504.75,25657.75,0.8974358974358975,1.1153846153846154,11,0
1762790820000,2,1.45,1,0.0007257748136524127,0.0,1.0,0.2883721,2,1,1,0,25666.5,25471.5,0.7254901960784313,1.5032679738562091,33,0
1762793760000,2,1.4416667,1,0.0007263233316647527,1.0,0.0,0.038647342,16,1,1,0,25666.5,25452.25,3.457286432160804,0.10552763819095477,100,1
1762799940000,3,0.9675,-1,0.00014608350132935987,0.0,1.0,0.62711865,3,1,0,0,25504.75,25674.0,0.22727272727272727,1.0,1,0
1762800900000,3,0.96666664,-1,9.736434712337037e-05,1.0,0.0,0.077586204,5,1,0,0,25504.75,25683.0,0.514018691588785,1.439252336448598,31,0
1762803180000,3,0.956875,-1,0.00011675877636802366,0.0,1.0,0.13432837,5,1,0,0,25504.75,25697.0,0.39655172413793105,1.1379310344827587,8,0
1762803780000,3,0.95395833,-1,7.782782539327373e-05,0.0,1.0,0.7209302,1,1,0,0,25504.75,25699.75,0.5833333333333334,1.8333333333333333,1,0
1762804620000,3,0.9533333,-1,0.0001944655115415281,0.0,1.0,0.5,1,1,0,0,25504.75,25718.0,0.5833333333333334,1.1666666666666667,11,0
1762819560000,1,1.0,-1,2.9105867742936977e-05,0.0,1.0,0.18604651,2,0,0,1,25504.75,25768.75,14.342857142857143,0.9571428571428572,930,1
1762826640000,2,0.9995833,1,0.00015547716914944272,0.0,1.0,0.5576923,2,0,0,1,25768.75,25723.25,0.391304347826087,1.2173913043478262,2,0
1762827000000,2,0.99875,1,7.7752940033045e-05,1.0,0.0,0.054263566,2,0,0,1,25768.75,25720.5,0.11475409836065574,1.1065573770491803,85,0
1762832220000,2,0.98,1,6.802456658633289e-05,0.0,1.0,0.33333334,1,0,0,1,25768.0,25722.25,0.85,1.05,6,0
1762833300000,2,0.9785417,1,0.00013605177741929215,1.0,0.0,0.0877193,12,0,0,1,25768.0,25722.0,0.5769230769230769,1.3269230769230769,11,0
1762834020000,2,1.47375,1,0.00021381227282446012,0.0,1.0,0.3137255,1,0,0,1,25768.0,25717.75,0.17142857142857143,1.4285714285714286,4,0
1762834380000,2,1.4977083,1,7.777259293824856e-05,0.0,1.0,0.29310346,1,0,0,1,25768.0,25712.5,0.36585365853658536,1.2439024390243902,7,0
1762834860000,2,1.495625,1,4.861448711716091e-05,0.0,1.0,0.8,0,0,0,1,25768.0,25711.25,2.8,1.4,1,0
1762835520000,2,1.4954166,1,0.00012639397975751802,1.0,0.0,0.016666668,4,0,0,1,25768.0,25708.25,0.15254237288135594,1.0338983050847457,6,0
1762835940000,2,1.4920833,1,8.751458576429405e-05,0.0,1.0,0.041666668,1,0,0,1,25768.0,25707.75,1.3043478260869565,1.173913043478261,11,0
1762837260000,2,1.4895834,1,0.00023357664233576643,0.0,1.0,0.54545456,1,0,0,1,25768.0,25681.5,0.05454545454545454,1.0909090909090908,2,0
1762848240000,2,0.989375,1,6.823277122526562e-05,1.0,0.0,0.078431375,10,0,1,0,25768.0,25645.75,0.5638297872340425,1.446808510638298,21,0
1762865460000,2,0.9795833,1,0.0001172390210541742,0.0,1.0,0.62068963,8,0,1,0,25768.0,25582.75,4.242424242424242,1.4545454545454546,34,0
1762872420000,2,0.97979164,-1,0.0006149401165457935,0.0,1.0,0.37349397,10,1,1,0,25504.75,25646.0,2.7371794871794872,0.7307692307692307,49,1
1762875600000,2,1.155,1,0.00029401387745501585,1.0,0.0,0.094827585,4,1,1,0,25645.25,25500.25,0.9523809523809523,1.1904761904761905,11,0
1762877940000,2,1.151875,1,0.0001568812017100051,1.0,0.0,0.02027027,23,1,1,0,25645.25,25486.0,0.45517241379310347,1.103448275862069,11,0
1762878780000,2,1.1435417,1,0.00019602077820248947,0.0,1.0,0.13178295,2,1,1,0,25645.25,25491.0,4.669642857142857,0.6339285714285714,105,1
1762885320000,2,1.47125,-1,0.00014611196072510495,0.0,1.0,0.6884058,1,1,0,0,25504.75,25671.75,5.0,1.186046511627907,27,0
1762887600000,2,1.4647917,-1,3.891845610484632e-05,0.0,1.0,0.3197279,2,1,0,0,25504.75,25695.75,2.06,1.17,290,0
1762908840000,3,1.4895834,-1,0.0004087750374710451,1.0,0.0,0.035714287,4,0,0,1,25619.25,25700.0,0.1111111111111111,1.691358024691358,12,0
1762909920000,3,1.4860417,-1,0.00012639643756502125,0.0,1.0,0.6282051,2,0,0,1,25629.25,25716.0,0.034482758620689655,1.0689655172413792,2,0
1762910580000,3,1.4845834,-1,7.776503295293271e-05,1.0,0.0,0.050847456,7,0,0,1,25629.25,25720.5,0.4642857142857143,1.1071428571428572,20,0
1762914300000,3,1.4785416,-1,1.9409561149822403e-05,0.0,1.0,0.827957,10,0,0,1,25629.25,25761.0,7.34375,1.25,243,0
1762929360000,3,1.1679167,-1,0.00019402970594798062,0.0,1.0,0.16071428,2,0,0,1,25629.25,25774.25,0.0425531914893617,1.0425531914893618,10,0
1762930080000,3,1.1654167,-1,5.819987778025666e-05,0.0,1.0,0.115384616,2,0,0,1,25629.25,25774.75,0.4782608695652174,1.7391304347826086,12,0
1762931760000,3,1.1625,-1,4.847920726800276e-05,1.0,0.0,0.51724136,4,0,0,1,25629.25,25786.0,0.5714285714285714,1.0357142857142858,5,0
1762933800000,3,1.158125,-1,2.905709719599012e-05,0.0,1.0,0.25203252,9,0,0,1,25629.25,25813.25,1.1521739130434783,1.1304347826086956,109,0
1762958580000,2,0.98104167,1,0.00026316302462036295,0.0,1.0,0.875,1,1,1,0,25830.5,25642.75,0.375,1.4583333333333333,1,0
1762959480000,2,0.97833335,1,0.0004985483445262324,0.0,1.0,0.63171357,1,1,1,0,25830.5,25561.5,1.7291666666666667,1.8333333333333333,38,0
1762964100000,2,0.84770834,1,0.0005585770983389681,0.0,1.0,0.081871346,1,1,1,0,25812.25,25497.0,1.8152866242038217,1.0445859872611465,33,0
1762966200000,2,0.84,1,0.00032342160456318484,0.0,1.0,0.082840234,1,1,1,0,25812.25,25488.75,5.012903225806451,1.1741935483870967,1210,0
1762980360000,2,0.993125,-1,0.00023407098202529917,1.0,0.0,0.24223602,13,1,0,0,25504.75,25639.25,0.07377049180327869,1.3688524590163935,4,0
1762980840000,2,0.9895833,-1,8.772186321237464e-05,0.0,1.0,0.12582782,3,1,0,0,25504.75,25651.5,0.7954545454545454,1.0757575757575757,18,0
1762982040000,2,0.985,-1,9.748108866879825e-05,0.0,1.0,0.38297874,1,1,0,0,25504.75,25654.5,20.03448275862069,0.4827586206896552,97,1
1762991700000,2,1.251875,1,0.0004409473508863042,0.0,1.0,0.2,4,0,0,0,25637.25,25502.0,5.01,0.1,70,1
1762996200000,2,1.4364583,-1,0.0003695635260250525,0.0,1.0,0.905,0,0,0,1,25504.75,25715.5,0.21052631578947367,1.4736842105263157,1,0
1762996320000,3,1.4852084,-1,7.783766954017396e-05,0.0,1.0,0.09565217,0,0,0,1,25504.75,25720.5,2.3653846153846154,1.0288461538461537,333,0
1763025180000,2,1.4985417,1,0.00016610159555238553,0.0,1.0,0.6862745,1,0,1,0,25812.25,25582.5,0.125,1.2,7,0
1763026320000,2,1.4958333,1,8.804625363190796e-05,0.0,1.0,0.5485714,1,0,1,0,25812.25,25552.5,0.0,1.0759493670886076,4,0
1763026740000,2,1.4925,1,8.810658939392456e-05,0.0,1.0,0.38135594,1,0,1,0,25812.25,25530.75,4.383561643835616,1.2191780821917808,234,0
1763041680000,2,1.079375,1,0.0003624501631025734,1.0,0.0,0.08661418,9,1,1,0,25629.0,25504.5,0.39655172413793105,1.1551724137931034,10,0
1763043000000,2,1.0754167,1,0.0005007806286269773,0.0,1.0,0.6688103,0,1,1,0,25629.0,25434.5,1.6019417475728155,1.1553398058252426,21,0
1763045700000,3,0.9685417,1,0.00046447277398952466,0.0,1.0,0.5294856,10,1,1,0,25629.0,25280.75,1.3066666666666666,1.232,50,0
1763049360000,3,0.953125,1,0.0006047447679663722,0.0,1.0,0.77860695,1,1,1,0,25629.0,25197.0,2.6292134831460676,1.1235955056179776,10,0
1763088780000,2,1.476875,-1,0.00040762760732536635,0.0,1.0,0.025974026,2,0,0,1,25079.5,25155.75,3.64,0.41333333333333333,72,1
1763093100000,2,1.4489583,1,9.971580994166626e-05,0.0,1.0,0.8795181,0,0,0,1,25151.75,25068.75,10.9,1.1,12,0
1763094900000,2,1.4464583,1,0.00015969976444284745,1.0,1.0,0.11971831,5,0,0,1,25151.75,25043.0,0.104,1.528,23,0
1763097420000,2,1.4379166,1,0.0003801748804450047,0.0,1.0,0.66555184,1,0,0,1,25151.75,24974.25,4.88,1.72,118,0
1763105280000,3,0.9091667,1,0.00040089801154586275,0.0,1.0,0.4234694,7,0,0,1,25151.75,24934.0,2.0353982300884956,1.2123893805309736,54,0
1763109360000,2,1.4704167,1,0.00036088778394851337,1.0,0.0,0.011111111,10,0,1,0,25151.75,24923.25,0.016853932584269662,1.0561797752808988,4,0
1763110320000,2,1.4666667,1,0.0003410504353408498,1.0,0.0,0.11415525,10,0,1,0,25151.75,24900.0,1.7938144329896908,1.0876288659793814,134,0
1763120400000,2,0.99875,1,0.00022168480451430876,0.0,1.0,0.91780823,1,0,1,0,25151.75,24804.25,0.16666666666666666,1.1111111111111112,1,0
1763120880000,2,0.99125,1,0.0003125913825614343,0.0,1.0,0.3433735,1,0,1,0,25151.75,24777.75,0.10091743119266056,1.036697247706422,3,0
1763121120000,2,0.989375,1,0.0002521890005245531,0.0,1.0,0.25454545,1,0,1,0,25151.75,24776.75,1.7682926829268293,1.2682926829268293,11,0
1763134860000,2,0.956875,-1,0.00046860356138706655,0.0,1.0,0.83238095,1,1,1,0,24626.0,25087.25,0.14772727272727273,1.2954545454545454,2,0
1763136000000,2,0.9535417,-1,0.000626223870063517,0.0,1.0,0.6658986,12,1,1,0,24626.0,25178.5,2.013793103448276,1.0758620689655172,20,0
1763137740000,3,0.8958333,-1,0.0002969326853602288,0.0,1.0,0.76824033,1,1,1,0,24626.0,25268.0,2.388888888888889,1.8425925925925926,41,0
1763141160000,3,0.8854167,-1,0.00011862161681263715,1.0,0.0,0.076233186,15,1,0,0,24626.0,25293.5,4.281553398058253,1.0,769,0
1763153400000,2,0.9897917,1,2.9875419500682155e-05,0.0,1.0,0.13548388,0,1,0,0,25293.5,25070.75,1.7462686567164178,1.4701492537313432,71,0
1763334420000,2,0.88729167,1,0.0003793929712460064,0.0,1.0,0.2364341,2,0,0,0,25251.25,25021.5,3.66497461928934,0.2893401015228426,127,1
1763340600000,1,1.0,-1,0.00027736777976998284,0.0,1.0,0.8651685,1,0,0,1,25088.0,25244.25,3.1944444444444446,1.0555555555555556,22,0
1763343180000,2,0.84708333,-1,0.00015841427312600866,1.0,0.0,0.1388889,11,0,0,1,25088.0,25256.25,1.5806451612903225,1.1290322580645162,82,0
1763348700000,2,1.9885417,-1,0.00019792769701228142,0.0,1.0,0.43333334,1,0,0,1,25196.25,25269.5,1.7450980392156863,1.3333333333333333,61,0
1763365920000,3,0.284375,-1,3.9484334590251315e-05,0.0,1.0,0.86021507,21,0,0,1,25196.25,25327.5,2.923076923076923,2.269230769230769,12,0
1763377860000,2,1.9020833,1,0.00030781451692979845,1.0,0.0,0.045801528,19,0,1,0,25362.0,25169.75,1.4,1.616,52,0
1763381640000,2,1.886875,1,4.971859276495038e-05,0.0,1.0,0.592,1,0,1,0,25362.0,25140.25,1.7647058823529411,1.6470588235294117,16,0
1763382720000,2,1.88125,1,2.9841541415085895e-05,0.0,1.0,0.27118644,2,0,1,0,25362.0,25132.0,0.47674418604651164,1.0465116279069768,8,0
1763384100000,2,1.8791667,1,0.0001393187314034372,0.0,1.0,0.7307692,0,0,1,0,25362.0,25111.75,1.8095238095238095,1.3095238095238095,10,0
1763386560000,2,1.1854167,1,0.00018954320088586507,0.0,1.0,0.7304348,2,1,1,0,25244.75,25055.5,0.22580645161290322,1.0161290322580645,1,0
1763387160000,2,1.2047917,1,0.00015978748264807805,0.0,1.0,0.68472904,1,1,1,0,25244.75,25023.75,0.609375,1.84375,4,0
1763387760000,3,0.82708335,1,0.0004795731798699158,1.0,0.0,0.004950495,6,1,1,0,25244.75,25010.25,0.38308457711442784,1.064676616915423,31,0
1763389860000,3,0.819375,1,0.0005206612397745137,0.0,1.0,0.20350876,1,1,1,0,25244.75,24955.25,4.220264317180617,0.05726872246696035,20,1
1763391420000,2,1.476875,-1,0.0006438575985102126,1.0,0.0,0.17269076,2,1,1,0,25070.75,25254.75,2.7718446601941746,0.32038834951456313,12,1
1763392260000,2,1.685625,1,0.0008273112384749564,0.0,1.0,0.13249211,2,1,1,0,25244.75,25060.5,0.22545454545454546,1.0654545454545454,8,0
1763393160000,2,1.6835417,1,0.00042885495726410484,0.0,1.0,0.46666667,7,1,1,0,25244.75,25056.0,1.6513157894736843,1.355263157894737,35,0
1763396280000,2,1.6747917,1,0.00013025791066311298,0.0,1.0,0.8663102,2,1,1,0,25244.75,24947.25,0.4,1.2,2,0
1763396580000,3,0.795625,1,0.00030053194153651963,1.0,0.0,0.2784091,2,1,1,0,25244.75,24948.25,6.960629921259843,1.779527559055118,152,0
1763407200000,3,0.76354164,1,0.0004725850401697284,0.0,1.0,0.820296,1,1,0,0,25244.75,24847.75,0.2,1.4941176470588236,5,0
1763409480000,3,0.7572917,1,0.0004037141703673799,0.0,1.0,0.84063745,1,1,0,0,25244.75,24760.0,0.0,1.275,1,0
1763409900000,3,0.7502083,1,0.00039407075085634607,0.0,1.0,0.3803419,2,1,0,0,25244.75,24732.0,5.2827586206896555,1.193103448275862,426,0
1763429160000,2,0.9952083,-1,0.00015028253115857812,1.0,0.0,0.0,3,0,0,1,24732.0,24956.75,0.3680555555555556,1.0833333333333333,20,0
1763430600000,2,0.99041665,-1,0.00013022659427403682,0.0,1.0,0.21875,4,0,0,1,24732.0,24959.75,11.52,0.68,141,1
1763435100000,2,1.4875,1,0.00020140175622331428,0.0,1.0,0.5365854,4,0,0,1,24954.5,24821.0,0.0,1.236842105263158,1,0
1763435340000,2,1.48625,1,0.0006546216286986122,0.0,1.0,0.2300885,1,0,0,1,24954.5,24801.5,0.8275862068965517,1.0344827586206897,20,0
1763437080000,2,1.4814583,1,0.0001814607591108423,0.0,1.0,0.5243243,1,0,0,1,24954.5,24784.75,0.6363636363636364,1.3181818181818181,10,0
1763437980000,2,1.4775,1,0.0002926927735163504,0.0,1.0,0.33333334,1,0,0,1,24954.5,24762.0,0.9285714285714286,1.3142857142857143,11,0
1763440200000,3,0.9477083,1,7.104363093848637e-05,1.0,0.0,0.517179,9,0,0,1,24954.5,24607.5,1.3932584269662922,1.0561797752808988,155,0
1763450220000,3,0.9114583,1,0.00013207623846872842,0.0,1.0,0.28742516,12,0,0,1,24954.5,24603.75,7.605042016806722,1.3025210084033614,453,0
1763477820000,3,0.96458334,1,0.000661685363519759,0.0,1.0,0.63744074,1,1,1,0,24954.5,24538.75,0.0392156862745098,1.4379084967320261,2,0
1763478000000,3,0.96270835,1,0.0006318085008814747,0.0,1.0,0.479798,0,1,1,0,24954.5,24507.0,0.30097087378640774,1.7184466019417475,1,0
1763478360000,3,0.96208334,1,0.0005822624471366989,0.0,1.0,0.05191257,1,1,1,0,24954.5,24430.0,1.0778097982708934,1.4265129682997117,55,0
1763497440000,2,0.995,1,0.00039485274017677253,0.0,1.0,0.6666667,0,1,0,0,24859.75,24683.0,0.1794871794871795,2.769230769230769,1,0
1763498100000,2,0.9947917,1,0.0005371549033121174,0.0,1.0,0.7364341,7,1,0,0,24859.75,24645.25,2.25,2.0294117647058822,11,0
1763499840000,2,0.99041665,1,0.00045852396042428753,0.0,1.0,0.78287464,3,1,0,0,24859.75,24524.0,0.5422535211267606,1.0,54,0
1763511600000,2,1.4964583,1,0.0003264539954908542,0.0,1.0,0.23880596,1,0,0,1,24859.75,24497.75,5.235294117647059,1.2254901960784315,233,0
1763519280000,2,0.9816667,-1,0.0003554021121039805,0.0,1.0,0.11764706,0,0,0,1,24524.0,24635.0,0.11666666666666667,1.5833333333333333,3,0
1763520600000,2,0.98104167,-1,0.00024352131826206952,1.0,0.0,0.1919192,12,0,0,1,24524.0,24649.0,0.125,1.125,11,0
1763525700000,2,1.4477084,1,0.0003061286965040103,0.0,1.0,0.04,2,0,0,1,24656.75,24492.0,0.6785714285714286,1.2261904761904763,84,0
1763546160000,2,1.490625,-1,0.00012159902720778233,0.0,1.0,0.88235295,1,0,1,0,24446.5,24679.0,0.9444444444444444,1.7777777777777777,3,0
1763548140000,2,1.4877083,-1,0.00015182800923114296,0.0,1.0,0.8181818,0,0,1,0,24568.75,24707.0,2.8125,1.0,24,0
1763557620000,2,1.4991666,1,0.00022301742577067726,0.0,1.0,0.6148148,2,1,1,0,24731.5,24656.25,0.3076923076923077,1.4230769230769231,3,0
1763558160000,2,1.4979167,1,0.0002028726771078471,1.0,0.0,0.12592593,4,1,1,0,24731.5,24641.0,1.3305084745762712,1.2118644067796611,52,0
1763565300000,2,1.4910417,-1,2.0021222495845597e-05,0.0,1.0,0.99815667,0,1,1,0,24568.75,24974.0,15.0,23.0,1,0
1763565360000,3,1.2091666,-1,0.00028024661702298024,0.0,1.0,0.6315789,0,1,1,0,24568.75,24985.0,2.0357142857142856,1.4285714285714286,1,0
1763565420000,3,1.2089584,-1,0.00041048848129273833,0.0,1.0,0.26804122,0,1,1,0,24568.75,24988.0,22.95774647887324,0.6619718309859155,136,1
1763574060000,2,1.405625,1,0.0005707588034449371,0.0,1.0,0.24927536,1,1,0,0,24859.75,24508.0,4.517374517374518,0.10038610038610038,219,1
1763583780000,2,0.996875,-1,0.0007767499571274374,0.0,1.0,0.4339152,3,1,0,0,24568.75,24806.25,0.2290748898678414,1.2422907488986785,14,0
1763584740000,2,0.9922917,-1,0.0005038138710034964,0.0,1.0,0.17766498,1,1,0,0,24568.75,24830.25,3.0987654320987654,1.8641975308641976,41,0
1763587380000,3,1.1333333,-1,0.001336656549617093,0.0,1.0,0.6403509,2,1,0,0,24568.75,24908.75,0.7682926829268293,1.2357723577235773,8,0
1763588100000,3,1.1310416,-1,0.00020043293513990218,0.0,1.0,0.53687316,1,1,0,0,24568.75,24961.25,0.6050955414012739,1.2484076433121019,9,0
1763588760000,3,1.128125,-1,0.00010010511036588417,0.0,1.0,0.08888889,1,1,0,0,24568.75,24976.25,0.47560975609756095,1.5121951219512195,14,0
1763594220000,3,1.125,-1,0.00038868236677662725,0.0,1.0,0.8541667,1,0,0,0,24568.75,25094.5,2.0,1.25,29,0
1763596080000,3,1.1029167,-1,0.00023910336239103364,0.0,1.0,0.59090906,2,0,0,0,24568.75,25099.75,2.1666666666666665,1.7777777777777777,5,0
1763596920000,3,1.1014583,-1,8.9632506722438e-05,0.0,1.0,0.5882353,0,0,0,1,24568.75,25114.75,0.12244897959183673,1.2040816326530612,1,0
1763625720000,2,0.9875,1,0.00021889240443356616,0.0,1.0,0.30081302,2,0,1,0,25209.0,25121.0,1.9651162790697674,1.7209302325581395,61,0
1763645580000,3,1.4310417,-1,0.0008623338520552291,0.0,1.0,0.13983051,2,1,1,0,25047.5,25244.0,0.4975369458128079,1.0098522167487685,16,0
1763646840000,3,1.4272916,-1,0.00015834685879418867,0.0,1.0,0.6333333,2,1,1,0,25047.5,25265.0,7.7272727272727275,1.2181818181818183,54,0
1763650140000,3,1.415,-1,0.0002574767280649634,0.0,1.0,0.2129964,1,1,1,0,25047.5,25268.0,0.013761467889908258,1.4678899082568808,7,0
1763651280000,3,1.4133333,-1,0.00048441948750395445,1.0,0.0,0.06896552,8,1,1,0,25047.5,25300.25,0.33564814814814814,1.0810185185185186,29,0
1763653080000,3,1.4045833,-1,9.884939306472659e-05,0.0,1.0,0.41984734,0,1,1,0,25047.5,25310.0,13.223684210526315,0.7763157894736842,33,1
1763655900000,2,1.4602083,1,0.0012432199396436772,0.0,1.0,0.71664375,0,1,1,0,25209.0,24883.75,0.8155339805825242,1.0436893203883495,5,0
1763658000000,3,0.99375,1,0.0017105330143053505,0.0,1.0,0.8589436,1,1,0,0,25209.0,24511.75,1.225531914893617,1.7319148936170212,7,0
1763658480000,3,0.98604167,1,0.0017644419060052219,0.0,1.0,0.09730849,1,1,0,0,25209.0,24468.75,0.020642201834862386,1.1926605504587156,3,0
1763658840000,3,1.085,1,0.00020464126386444563,0.0,1.0,0.30571428,1,1,0,0,25209.0,24428.0,0.0,1.691358024691358,2,0
1763659560000,3,1.0841666,1,0.0013634453135411648,0.0,1.0,0.122370936,6,1,0,0,25209.0,24353.5,0.28322440087145967,1.2047930283224402,9,0
1763660280000,3,1.0802083,1,0.0010989913929459131,0.0,1.0,0.03601695,2,1,0,0,25209.0,24308.25,1.556043956043956,1.043956043956044,68,0
1763664420000,3,1.0654167,1,0.00040102003043639205,0.0,1.0,0.510989,1,1,0,0,25209.0,24303.25,0.056179775280898875,3.247191011235955,3,0
1763665140000,3,1.064375,1,0.00040212818609255133,0.0,1.0,0.48795182,2,1,0,0,25209.0,24236.25,0.5,1.1411764705882352,4,0
1763665740000,3,1.061875,1,0.000908096505892308,0.0,1.0,0.0942029,1,1,0,0,25209.0,24204.5,2.16,1.36,89,0
1763671320000,3,0.89208335,1,0.00040366820543606517,0.0,1.0,0.7122302,1,1,0,0,25209.0,24143.75,0.5625,1.8875,4,0
1763672100000,3,0.8904167,1,1.0373551592858847e-05,0.0,1.0,0.33053222,6,1,0,0,25209.0,24099.5,0.07112970711297072,1.497907949790795,5,0
1763673120000,3,0.88729167,1,0.0007259753998050237,0.0,1.0,0.61025643,11,1,0,0,24402.0,24088.0,1.1578947368421053,1.263157894736842,10,0
1763673780000,3,0.8829167,1,0.0003217002376430788,0.0,1.0,0.17977528,1,1,0,0,24402.0,24083.0,1.2191780821917808,1.0547945205479452,30,0
1763679600000,3,0.87645835,1,0.00012461317992066293,1.0,0.0,0.35983264,4,0,0,0,24402.0,24071.5,0.49673202614379086,1.4379084967320261,2,0
1763679900000,3,0.8620833,1,0.0006752615339864325,0.0,1.0,0.492126,2,0,0,0,24402.0,24045.75,0.023255813953488372,1.1162790697674418,3,0
1763680140000,3,0.860625,1,0.00011442123658150953,0.0,1.0,0.86419755,0,0,0,0,24402.0,24031.25,6.090909090909091,5.818181818181818,1,0
1763680320000,3,0.86041665,1,0.000416181122024305,0.0,1.0,0.10614525,2,0,0,0,24402.0,24018.0,4.49375,1.225,648,0
1763696340000,2,1.4925,-1,0.000247609025348974,0.0,1.0,0.3948718,3,0,0,1,24018.0,24237.75,6.754237288135593,0.8135593220338984,381,1
1763700840000,2,1.49625,1,0.000808457711442786,0.0,1.0,0.5198777,13,0,0,1,24235.0,24097.5,1.8662420382165605,1.394904458598726,174,0
1763721000000,3,0.925,1,0.00031365660874474623,0.0,1.0,0.69669116,1,0,1,0,24235.0,23904.0,7.466666666666667,0.08484848484848485,137,1
1763729880000,3,0.9402083,-1,0.0002370547493403694,1.0,0.0,0.017667845,4,0,1,0,24018.0,24261.75,0.6942446043165468,1.025179856115108,19,0
1763731320000,3,0.93395835,-1,0.00018547522875278212,0.0,1.0,0.41666666,0,1,1,0,24018.0,24291.75,5.411764705882353,1.218487394957983,92,0
1763736960000,3,0.91375,-1,0.0007104320250401548,0.0,1.0,0.124756336,2,1,1,0,24018.0,24298.25,1.5033407572383073,0.3830734966592428,37,1
1763739480000,3,0.855625,1,0.0010331225345939516,0.0,1.0,0.71912014,1,1,1,0,24237.75,23927.25,7.0843373493975905,0.9337349397590361,70,1
1763743800000,3,0.89,-1,0.0010624252176424476,0.0,1.0,0.6714976,2,1,1,0,24018.0,24262.75,0.35294117647058826,1.3970588235294117,1,0
1763743860000,3,0.889375,-1,0.000762855139994227,0.0,1.0,0.37815127,0,1,1,0,24018.0,24269.5,0.3918918918918919,1.445945945945946,1,0
1763743920000,3,0.88916665,-1,5.1490124194179555e-05,0.0,1.0,0.9632353,0,1,1,0,24018.0,24277.75,5.8,14.0,1,0
1763744040000,3,0.88875,-1,0.00025747183258151556,0.0,1.0,0.47727272,0,1,1,0,24018.0,24286.0,0.06521739130434782,2.5652173913043477,1,0
1763745540000,3,0.88854164,-1,0.0006563967918606797,1.0,0.0,0.4564756,10,1,0,0,24018.0,24391.5,0.31640625,1.00390625,6,0
1763746500000,3,0.8822917,-1,0.00035879772009677285,0.0,1.0,0.8876812,1,1,0,0,24018.0,24401.25,0.6129032258064516,1.3548387096774193,1,0
1763746680000,3,0.88,-1,0.0005228409743295333,1.0,0.0,0.072072074,1,1,0,0,24018.0,24416.0,3.1310679611650487,2.8058252427184467,70,0
1763751120000,3,0.8647917,-1,0.0007436913578989192,0.0,1.0,0.14855072,2,1,0,0,24018.0,24558.0,0.851063829787234,1.0851063829787233,17,0
1763753520000,3,0.860625,-1,0.00044741819365072907,1.0,0.0,0.3136646,7,1,0,0,24018.0,24596.5,4.638009049773756,1.7828054298642535,1080,0
1763943780000,1,1.0,1,0.00018436200503922813,0.0,1.0,0.5876777,2,0,0,1,24536.25,24404.0,5.32183908045977,0.5172413793103449,475,1
1763972580000,2,1.40875,-1,0.0002343519150627146,0.0,1.0,0.6419753,5,0,1,0,24431.5,24541.5,0.2413793103448276,1.3103448275862069,2,0
1763972940000,2,1.4072917,-1,8.145478241391248e-05,0.0,1.0,0.4939759,2,0,1,0,24431.5,24555.5,2.0476190476190474,1.0476190476190477,9,0
1763973540000,2,1.4045833,-1,0.0003564554074285307,0.0,1.0,0.16504854,1,0,1,0,24431.5,24556.0,0.0,1.0232558139534884,15,0
1763975280000,2,1.4010416,-1,0.0001221560543594442,1.0,0.0,0.03125,10,0,1,0,24431.5,24563.25,6.354838709677419,0.07526881720430108,17,1
1763976480000,2,1.4572917,1,0.0006765691791985731,0.0,1.0,0.8076923,1,0,1,0,24596.5,24367.0,0.9636363636363636,1.0909090909090908,2,0
1763977200000,2,1.45625,1,0.0002050083540904292,0.0,1.0,0.5939394,10,0,1,0,24596.5,24365.75,1.2985074626865671,1.1343283582089552,55,0
1763980500000,2,1.3927083,1,0.000410058740914636,0.0,1.0,0.26618704,0,0,1,0,24563.25,24361.25,6.96078431372549,0.3431372549019608,177,1
1763991180000,3,1.4808333,-1,0.000346193399924652,1.0,0.0,0.05882353,1,1,1,0,24361.25,24564.25,2.6625,1.4875,40,0
1763993580000,3,1.4722917,-1,0.0001119194180190263,0.0,1.0,0.86904764,0,1,1,0,24361.25,24574.0,0.8181818181818182,1.1818181818181819,1,0
1763993700000,3,1.4720833,-1,0.0001628001628001628,0.0,1.0,0.22352941,1,1,1,0,24361.25,24574.5,2.696969696969697,2.121212121212121,16,0
1763994660000,3,1.4685416,-1,0.00020335122824141857,0.0,1.0,0.9,0,1,1,0,24361.25,24593.0,0.55,10.35,1,0
1763994780000,3,1.468125,-1,0.00047668793168149134,0.0,1.0,0.62096775,0,1,1,0,24361.25,24661.0,0.06382978723404255,3.021276595744681,1,0
1763994840000,3,1.4679166,-1,9.115770282588879e-05,0.0,1.0,0.93793106,0,1,1,0,24361.25,24684.75,0.0,17.666666666666668,1,0
1763995740000,3,1.4677083,-1,0.0007590017608840853,0.0,1.0,0.07522124,14,1,1,0,24361.25,24722.25,0.3684210526315789,1.145933014354067,13,0
1763996880000,3,1.4620833,-1,0.0003332660068672995,0.0,1.0,0.29098362,2,1,1,0,24491.0,24769.5,1.439306358381503,1.115606936416185,27,0
1763999700000,3,1.455,-1,0.00014105224978338404,1.0,1.0,0.23357664,10,1,1,0,24491.0,24817.0,0.05714285714285714,1.0476190476190477,7,0
1764015600000,2,0.99645835,-1,0.0003105465619490303,0.0,1.0,0.11111111,3,1,0,0,24491.0,24963.75,0.925,1.225,25,0
1764017220000,2,0.990625,-1,0.00024036294805155785,0.0,1.0,0.1594203,2,1,0,0,24491.0,24968.25,1.7586206896551724,1.3793103448275863,6,0
1764017760000,2,0.98895836,-1,0.000540475618544319,0.0,1.0,0.66129035,1,1,0,0,24491.0,24993.25,17.63095238095238,1.3928571428571428,1167,0
1764042840000,2,1.489375,1,0.00013041602712653364,0.0,1.0,0.14,2,0,0,1,24986.75,24915.5,0.37209302325581395,1.0465116279069768,3,0
1764043140000,2,1.488125,1,0.00012039247948311495,0.0,1.0,0.055555556,2,0,0,1,24986.75,24915.0,3.764705882352941,1.2058823529411764,87,0
1764049200000,2,1.4695834,1,6.020530007324978e-05,0.0,1.0,0.02247191,14,0,0,1,24959.0,24913.25,0.16091954022988506,1.0229885057471264,40,0
1764052380000,2,1.458125,1,7.026066707484768e-05,1.0,0.0,0.1,7,0,0,1,24959.0,24905.5,0.7037037037037037,1.3148148148148149,12,0
1764053220000,2,1.453125,1,9.034874616017829e-05,0.0,1.0,0.6,2,0,0,1,24959.0,24901.25,0.0,1.3333333333333333,1,0
1764053460000,2,1.4525,1,7.029312232007471e-05,0.0,1.0,0.41463414,1,0,0,1,24959.0,24894.0,1.6666666666666667,1.6666666666666667,13,0
1764054240000,2,1.3741666,1,2.0087985375946646e-05,0.0,1.0,0.9285714,0,0,0,1,24959.0,24890.0,11.5,15.0,1,0
1764054420000,2,1.37375,1,3.013439942141953e-05,0.0,1.0,0.0,1,0,0,1,24959.0,24884.5,0.6666666666666666,1.1333333333333333,4,0
1764054840000,2,1.3727083,1,8.037696797982538e-05,0.0,1.0,0.06521739,2,0,0,1,24959.0,24880.75,4.1395348837209305,1.2790697674418605,97,0
1764060960000,2,1.351875,1,0.00024128848048579415,0.0,1.0,0.7983871,1,0,1,0,24959.0,24856.0,5.88,1.08,22,0
1764074700000,2,1.3910416,-1,0.0005413805203268334,0.0,1.0,0.41025642,1,0,1,0,24821.75,24975.5,3.579710144927536,0.4927536231884058,105,1
1764080820000,2,1.481875,1,0.00026157994285484326,0.0,1.0,0.66233766,0,1,1,0,24959.0,24842.5,1.6538461538461537,1.1538461538461537,1,0
1764082260000,2,1.4816667,1,0.001196633201500862,0.0,1.0,0.68125,1,1,1,0,24959.0,24602.0,3.0980392156862746,0.4173669467787115,148,1
1764091560000,2,1.3335416,-1,0.00022993331933739215,0.0,1.0,0.8289963,1,1,0,0,24491.0,25017.25,1.8695652173913044,1.3478260869565217,6,0
1764092340000,3,0.8308333,-1,0.000149655791679138,0.0,1.0,0.6284404,2,1,0,0,24491.0,25061.25,5.08641975308642,1.9753086419753085,172,0
1764104040000,2,0.99333334,-1,0.00018914318138831096,0.0,1.0,0.69072163,0,1,0,0,24491.0,25135.75,2.4,1.2777777777777777,198,0
1764119940000,2,0.96,-1,9.938283260949504e-05,0.0,1.0,0.44247788,2,0,0,1,25059.25,25157.75,0.38095238095238093,1.126984126984127,12,0
1764120780000,2,0.9560417,-1,0.0002782664003259692,0.0,1.0,0.14705883,1,0,0,1,25059.25,25164.0,0.1206896551724138,1.206896551724138,10,0
1764122400000,2,0.9535417,-1,6.953895671696651e-05,0.0,1.0,0.7236842,1,0,0,1,25059.25,25171.0,1.4761904761904763,1.6666666666666667,16,0
1764134820000,2,0.983125,-1,6.945271262451879e-05,0.0,1.0,0.11764706,5,0,0,1,25059.25,25201.25,0.35555555555555557,1.1111111111111112,6,0
1764136200000,2,0.980625,-1,0.0001388930226097999,0.0,1.0,0.17777778,12,0,0,1,25059.25,25202.75,0.1891891891891892,1.0,15,0
1764165540000,2,1.475625,-1,0.0001883780648615421,0.0,1.0,0.5652174,1,1,1,0,25059.25,25220.0,7.6,1.4,24,0
1764167820000,2,1.4702083,-1,0.0002079352034299407,1.0,0.0,0.31907895,4,1,1,0,25059.25,25271.0,0.5797101449275363,1.0821256038647342,13,0
1764168720000,3,0.96458334,-1,0.0003860277742034465,0.0,1.0,0.2742616,1,1,1,0,25059.25,25281.5,2.4127906976744184,1.1511627906976745,70,0
1764173220000,2,1.9870833,-1,0.00012846738410759637,0.0,1.0,0.86875,0,1,1,0,25118.75,25303.5,0.047619047619047616,1.4761904761904763,1,0
1764174180000,2,1.985625,-1,0.0001678200179666137,0.0,1.0,0.8693182,1,1,1,0,25118.75,25331.0,0.13043478260869565,1.2173913043478262,1,0
1764174900000,2,1.9825,-1,2.9594846550720635e-05,0.0,1.0,0.97959185,0,1,1,0,25118.75,25343.0,0.6666666666666666,11.666666666666666,1,0
1764174960000,2,1.98,-1,0.00010848875168897262,0.0,1.0,0.7027027,0,1,1,0,25118.75,25351.0,2.8181818181818183,2.0,3,0
1764175140000,2,1.979375,-1,7.889001745441636e-05,0.0,1.0,0.68,0,1,1,0,25118.75,25353.75,0.5,4.75,1,0
1764175440000,2,1.9789584,-1,0.00015765721380288906,0.0,1.0,0.4177215,1,1,1,0,25118.75,25375.5,7.195652173913044,4.869565217391305,1681,0
1764231060000,3,1.4979167,1,7.906779074709178e-05,0.0,1.0,0.08888889,1,0,1,0,25360.25,25292.75,2.5121951219512195,1.2195121951219512,302,0
1764249300000,3,1.4347917,1,8.895829832659556e-05,0.0,1.0,0.4827586,2,1,1,0,25337.0,25290.5,0.0,1.6666666666666667,1,0
1764249660000,3,1.4341667,1,0.00013838641440800268,1.0,0.0,0.023809524,5,1,1,0,25337.0,25288.0,1.9268292682926829,1.0975609756097562,79,0
1764254460000,3,1.4166666,1,0.00010873970679820876,0.0,1.0,0.13953489,1,1,1,0,25337.0,25287.0,1.2432432432432432,1.135135135135135,83,0
1764259500000,3,1.3989583,1,2.9651007640076303e-05,0.0,1.0,0.11111111,0,1,1,0,25337.0,25288.25,7.166666666666667,0.7916666666666666,179,1
1764289380000,3,1.3491666,-1,0.00014793920684859902,1.0,0.0,0.4512195,7,0,0,1,25295.75,25352.0,0.8666666666666667,1.2666666666666666,43,0
1764293340000,3,1.33625,-1,2.9570634388676417e-05,0.0,1.0,0.6631579,5,0,0,1,25295.75,25366.0,2.78125,7.75,76,0
1764337320000,3,1.165625,-1,0.0016056424047203918,0.0,1.0,0.4814815,12,1,1,0,25295.75,25420.0,1.1714285714285715,1.042857142857143,55,0
1764341040000,3,1.0160416,-1,0.0,0.0,1.0,0.4140625,1,1,1,0,25339.25,25377.5,0.9066666666666666,1.4133333333333333,4,0
1764341460000,3,1.0147916,-1,0.00023629024318204194,0.0,1.0,0.44871795,1,1,1,0,25339.25,25399.0,3.697674418604651,1.558139534883721,30,0
1764343500000,3,1.008125,-1,0.0003250174820009258,0.0,1.0,0.10909091,4,1,1,0,25339.25,25405.0,0.9795918367346939,1.2755102040816326,25,0
1764346800000,3,1.0020833,-1,0.00022610200149423933,1.0,0.0,0.497006,4,1,1,0,25339.25,25437.0,2.3095238095238093,1.0714285714285714,47,0
1764543780000,2,1.0,-1,0.00102876626430475,0.0,1.0,0.11784512,3,0,0,0,25339.25,25542.25,2.1564885496183206,0.7213740458015268,101,1
1764548040000,1,1.0,1,0.00026566435768261967,0.0,1.0,0.7336683,3,0,0,1,25500.25,25401.25,0.8301886792452831,1.4339622641509433,6,0
1764550140000,2,0.7658333,1,0.00028627555502907175,0.0,1.0,0.5,1,0,0,1,25500.25,25318.0,0.4857142857142857,1.3714285714285714,4,0
1764551460000,2,0.76395833,1,0.0010477517816722514,0.0,1.0,0.47859922,1,0,0,1,25500.25,25265.75,1.3507462686567164,1.2313432835820894,119,0
1764560460000,3,0.36041668,1,0.00020798462894551793,1.0,0.0,0.6275862,2,0,0,1,25500.25,25236.75,1.4814814814814814,1.0925925925925926,73,0
1764591180000,2,1.4858333,1,0.00039593767940926096,0.0,1.0,0.5347222,1,0,1,0,25333.75,25246.5,0.5373134328358209,1.1791044776119404,15,0
1764593820000,2,1.4816667,1,0.00014872394852168396,0.0,1.0,0.7087912,7,0,1,0,25333.75,25210.75,7.226415094339623,1.1320754716981132,106,0
1764602100000,2,1.4639584,-1,0.0003743067936683051,1.0,0.0,0.39308175,2,1,1,0,25193.5,25389.75,1.5595854922279793,1.3471502590673574,37,0
1764630480000,2,1.5,-1,5.9013297663073415e-05,1.0,0.0,0.04918033,5,0,0,0,25356.75,25423.0,0.5258620689655172,1.103448275862069,28,0
1764632520000,2,1.4795834,-1,0.00010818466138200987,1.0,0.0,0.18965517,4,0,0,0,25356.75,25422.25,2.25531914893617,2.8297872340425534,84,0
1764639000000,2,1.46125,-1,9.827623484089077e-05,1.0,0.0,0.20325203,3,0,0,1,25378.75,25445.75,2.0714285714285716,0.45918367346938777,115,1
1764646380000,2,1.4697917,1,0.00022678867239883253,0.0,1.0,0.6643836,2,0,0,1,25493.0,25348.25,3.816326530612245,1.4081632653061225,158,0
1764657180000,2,1.3852084,1,1.9731649565903708e-05,0.0,1.0,0.23595506,7,0,0,1,25493.0,25334.5,2.1323529411764706,1.3970588235294117,95,0
1764660720000,2,0.99375,-1,0.00010833169194406146,1.0,0.0,0.1884058,2,0,0,1,25356.75,25387.75,1.625,0.5178571428571429,8,1
1764662340000,2,1.3666667,1,0.00022676407662653927,0.0,1.0,0.5522388,19,0,0,1,25387.25,25351.0,0.06666666666666667,1.0666666666666667,1,0
1764663000000,2,1.3625,1,0.0003847899441561261,0.0,1.0,0.615894,0,0,1,0,25387.25,25324.0,3.6724137931034484,0.0,35,1
1764667260000,2,0.978125,-1,0.0001375759124231049,1.0,0.0,0.8033473,6,0,1,0,25356.75,25444.0,0.3191489361702128,1.5319148936170213,4,0
1764672960000,2,1.31375,-1,2.9412918153653085e-05,0.0,1.0,0.25,1,0,1,0,25356.75,25499.75,1.8666666666666667,1.7333333333333334,33,0
1764675060000,3,1.3064584,-1,0.00015685505612469977,0.0,1.0,0.7118644,2,0,1,0,25356.75,25505.25,0.0,1.7058823529411764,1,0
1764675240000,3,1.3058333,-1,0.00011762976032936333,0.0,1.0,0.09615385,1,0,1,0,25356.75,25508.75,3.3404255319148937,1.3404255319148937,126,0
1764683400000,3,1.2791667,-1,0.00011760324584958545,0.0,1.0,0.22222222,9,1,1,0,25457.75,25514.75,0.12380952380952381,1.2857142857142858,11,0
1764684180000,3,1.2745833,-1,0.00012738603849018148,0.0,1.0,0.5344828,1,1,1,0,25457.75,25522.5,0.14814814814814814,1.0740740740740742,2,0
1764684360000,3,1.2739583,-1,0.00014694789227739843,0.0,1.0,0.21052632,1,1,1,0,25457.75,25523.0,5.9,1.5333333333333334,27,0
1764685980000,3,1.268125,-1,0.0005095241828015991,1.0,0.0,0.584,0,1,1,0,25457.75,25527.0,0.7884615384615384,2.3846153846153846,2,0
1764687840000,3,1.2677083,-1,0.00017552413456850316,0.0,1.0,0.91053677,2,1,1,0,25457.75,25646.25,0.3333333333333333,1.0888888888888888,1,0
1764688200000,3,1.26125,-1,0.00012676495826507528,1.0,0.0,0.24666667,1,1,1,0,25457.75,25654.25,3.4690265486725664,1.3805309734513274,40,0
1764690720000,3,1.2520833,-1,0.0003117844789789058,0.0,1.0,0.1,1,1,1,0,25457.75,25670.0,11.069444444444445,0.6666666666666666,33,1
1764692700000,2,0.95729166,1,0.00037306106420577264,0.0,1.0,0.6171875,0,1,1,0,25514.188,25452.75,0.6938775510204082,1.3877551020408163,1,0
1764693180000,2,0.95708334,1,0.00014753614635585718,0.0,1.0,0.4402985,1,1,1,0,25502.29,25413.75,1.3733333333333333,0.4266666666666667,6,1
1764725880000,2,1.4429166,-1,6.82360968952576e-05,0.0,1.0,0.054054055,3,0,0,1,25496.5,25649.5,0.6,1.9142857142857144,34,0
1764728880000,2,1.435,-1,9.740133245022792e-05,0.0,1.0,0.7477477,0,0,0,1,25496.5,25674.0,3.5,1.2857142857142858,67,0
1764733800000,3,0.90520835,-1,0.00011685655857434999,1.0,0.0,0.0,6,0,0,1,25496.5,25677.25,0.8695652173913043,1.108695652173913,85,0
1764739260000,3,0.884375,-1,0.00021423285163401238,1.0,0.0,0.04761905,6,0,0,1,25575.25,25678.5,10.45,0.975,521,1
1764741840000,2,0.9997917,1,8.770049307166105e-05,1.0,0.0,0.020833334,3,0,0,1,25670.0,25653.25,0.02127659574468085,1.1914893617021276,23,0
1764744060000,2,0.9941667,1,0.00017549162027513185,0.0,1.0,0.41428572,6,0,0,1,25670.0,25637.75,2.292682926829268,0.12195121951219512,39,1
1764747300000,3,0.85833335,-1,8.763559173498997e-05,0.0,1.0,0.328125,10,0,0,1,25654.5,25676.75,1.3953488372093024,0.5813953488372093,7,1
1764748020000,2,0.97875,1,0.00019494127394122522,0.0,1.0,0.4,2,0,0,1,25670.0,25643.75,0.5740740740740741,1.2592592592592593,31,0
1764759120000,2,0.9770833,1,0.00018547261350435862,0.0,1.0,0.29090908,2,0,1,0,25670.0,25605.5,6.333333333333333,0.5384615384615384,142,1
1764767700000,3,1.2845833,-1,7.790437238289999e-05,0.0,1.0,0.6229508,0,1,1,0,25612.5,25678.25,14.217391304347826,0.34782608695652173,46,1
1764771000000,2,1.4747916,1,0.0006578495193771049,0.0,1.0,0.8237368,0,1,1,0,25670.0,25424.25,0.32666666666666666,1.0933333333333333,4,0
1764771960000,3,0.8720833,1,0.00044235608681975465,1.0,0.0,0.030716723,12,1,1,0,25670.0,25420.75,2.5246478873239435,0.8697183098591549,329,1
1764792240000,3,1.2010417,-1,3.895370352336248e-05,1.0,0.0,0.08888889,3,1,0,0,25457.75,25675.75,0.5853658536585366,1.5853658536585367,6,0
1764793080000,3,1.3479167,-1,9.733970583940896e-05,0.0,1.0,0.5540541,2,1,0,0,25457.75,25685.75,9.06060606060606,1.2727272727272727,742,0
1764814860000,2,0.99583334,1,0.0001658666042227686,0.0,1.0,0.12820514,1,0,0,1,25670.0,25618.75,3.4705882352941178,1.2058823529411764,72,0
1764819540000,2,0.980625,1,3.903962521959789e-05,0.0,1.0,0.036363635,4,0,0,1,25670.0,25614.0,3.207547169811321,1.849056603773585,288,0
1764836880000,3,0.994375,1,0.00018549253148491653,0.0,1.0,0.031746034,1,0,1,0,25670.0,25602.75,4.049180327868853,0.45901639344262296,71,1
1764841620000,3,1.679375,-1,0.00016543885088120519,0.0,1.0,0.3838384,6,0,1,0,25621.25,25693.5,3.918032786885246,0.8688524590163934,245,1
1764856380000,2,1.3516667,1,0.00022439681161399845,0.0,1.0,0.0,1,1,1,0,25670.0,25618.5,2.807017543859649,0.40350877192982454,10,1
1764858180000,3,1.474375,-1,0.00024294251979981537,1.0,0.0,0.47945204,11,1,1,0,25621.25,25732.5,2.0723684210526314,0.4934210526315789,10,1
1764858960000,3,0.91791666,1,0.0006638615262957503,0.0,1.0,0.06069364,1,1,1,0,25670.0,25550.5,0.13538461538461538,1.1292307692307693,22,0
1764860400000,3,0.91270834,1,0.0003619714727347434,0.0,1.0,0.43650794,1,1,1,0,25670.0,25545.0,1.6619718309859155,1.0422535211267605,13,0
1764861720000,3,0.90979165,1,0.0006748100263078112,1.0,0.0,0.014925373,9,1,1,0,25670.0,25544.25,0.0707070707070707,1.4898989898989898,3,0
1764862020000,3,0.90729165,1,0.0002644284916802962,0.0,1.0,0.34911242,2,1,1,0,25670.0,25520.0,3.327272727272727,1.3363636363636364,38,0
1764865080000,2,1.4989583,1,0.00038192982284332064,1.0,0.0,0.020242915,12,1,1,0,25670.0,25505.25,1.462809917355372,1.1363636363636365,183,0
1764876660000,2,1.4579166,1,0.0005293806246691371,0.0,1.0,0.19455253,8,1,0,0,25670.0,25487.0,2.5652173913043477,0.0,272,1
1764898200000,3,1.336875,-1,8.765010079761592e-05,0.0,1.0,0.7922078,2,0,0,1,25520.0,25672.5,0.0,1.625,1,0
1764898380000,3,1.3310417,-1,7.790285513964086e-05,0.0,1.0,0.1724138,2,0,0,1,25520.0,25675.0,0.8333333333333334,1.0833333333333333,7,0
1764899640000,3,1.3291667,-1,6.813978389954249e-05,0.0,1.0,0.6862745,3,0,0,1,25520.0,25684.25,0.9375,2.0625,7,0
1764900960000,3,1.6745833,-1,0.0001556844276651228,0.0,1.0,0.6197183,1,0,0,1,25520.0,25697.0,0.14814814814814814,1.0,2,0
1764901200000,3,1.67125,-1,7.783388303513226e-05,0.0,1.0,0.57894737,0,0,0,1,25520.0,25697.75,2.25,1.375,5,0
1764901920000,3,1.6697917,-1,7.778696096066897e-05,0.0,1.0,0.3108108,3,0,0,1,25520.0,25713.25,1.4509803921568627,1.2549019607843137,95,0
1764922260000,2,0.9870833,-1,3.88443797038116e-05,0.0,1.0,0.42682928,9,0,1,0,25703.25,25744.75,0.2127659574468085,1.1914893617021276,9,0
1764923400000,2,0.98333335,-1,0.00031070977764831537,0.0,1.0,0.11578947,9,0,1,0,25703.25,25755.5,1.5476190476190477,0.6785714285714286,230,1
1764937020000,2,1.4966667,1,0.00012641364489434737,0.0,1.0,0.21621622,1,0,1,0,25731.0,25704.5,0.034482758620689655,1.3448275862068966,3,0
1764937440000,2,1.4958333,1,0.00011676672926660763,0.0,1.0,0.33802816,2,0,1,0,25731.0,25689.25,1.425531914893617,1.5319148936170213,56,0
1764941280000,2,1.4333333,1,7.78785872824267e-05,0.0,1.0,0.62857145,2,1,1,0,25731.0,25676.5,0.9230769230769231,1.9615384615384615,3,0
1764943200000,2,1.4310417,1,0.00038102681842606614,0.0,1.0,0.5829268,9,1,1,0,25731.0,25579.0,2.9005847953216373,0.08771929824561403,30,1
1764945300000,2,1.40625,-1,0.0002328198362500485,0.0,1.0,0.7039801,2,1,1,0,25520.0,25777.0,0.24369747899159663,1.0252100840336134,2,0
1764945540000,3,0.96729165,-1,0.0004948573646419562,1.0,0.0,0.02617801,2,1,1,0,25520.0,25777.75,1.521505376344086,1.3279569892473118,14,0
1764948300000,3,0.9639583,-1,0.00010632128358786004,0.0,1.0,0.86419755,8,1,1,0,25520.0,25867.75,23.69090909090909,1.1454545454545455,4435,0
1764967980000,2,1.4902084,1,5.841292093811151e-05,1.0,0.0,0.16374269,2,1,0,0,25755.5,25677.75,1.6083916083916083,0.4755244755244755,67,1
1764969300000,2,1.4983333,-1,0.00012627243764084232,0.0,1.0,0.41379312,7,1,0,0,25699.75,25743.75,0.6470588235294118,4.205882352941177,45,0
1765148460000,3,1.375,-1,0.0006989476954141265,0.0,1.0,0.2576687,1,0,0,0,25699.75,25771.0,1.3471074380165289,1.024793388429752,173,0
1765153080000,1,1.0,1,9.726680284019065e-05,1.0,0.0,0.33606556,7,0,0,1,25755.5,25700.0,1.8518518518518519,0.35802469135802467,46,1
1765156440000,3,0.7366667,-1,0.00017471317919748414,1.0,0.0,0.101265825,7,0,0,1,25700.0,25765.0,0.2112676056338028,1.0985915492957747,22,0
1765159320000,3,0.73,-1,9.701485297399031e-05,1.0,0.0,0.25531915,8,0,0,1,25700.0,25771.75,0.14285714285714285,1.1142857142857143,2,0
1765159560000,3,0.7241667,-1,0.0001261180853334368,0.0,1.0,0.125,2,0,0,1,25700.0,25772.75,0.17857142857142858,1.1071428571428572,10,0
1765160880000,3,0.7214583,-1,5.818238237461697e-05,0.0,1.0,0.32608697,3,0,0,1,25700.0,25782.5,0.0967741935483871,1.1612903225806452,8,0
1765161540000,3,0.7175,-1,0.00012606427338492272,0.0,1.0,0.060606062,3,0,0,1,25700.0,25783.75,0.8709677419354839,1.2903225806451613,21,0
1765165080000,3,0.7125,-1,7.754192110109528e-05,0.0,1.0,0.7714286,2,0,0,1,25700.0,25794.5,2.4375,1.375,34,0
1765175100000,2,1.4972917,-1,7.749309827093525e-05,1.0,0.0,0.34210527,9,0,0,1,25700.0,25811.5,4.44,1.0,54,0
1765179060000,2,1.4835416,-1,9.684948621347564e-05,1.0,0.0,0.26086956,9,0,0,1,25700.0,25815.75,0.11764705882352941,1.2647058823529411,3,0
1765179660000,2,1.4804167,-1,4.841255240658798e-05,0.0,1.0,0.46875,4,0,0,1,25700.0,25821.0,12.882352941176471,3.2941176470588234,339,0
1765183080000,2,0.99333334,1,0.00019390930861636012,1.0,0.0,0.046875,6,0,1,0,25867.75,25776.0,0.13114754098360656,1.098360655737705,7,0
1765183620000,2,0.990625,1,0.00015516806641193242,0.0,1.0,0.14705883,2,0,1,0,25867.75,25774.5,0.10344827586206896,1.206896551724138,2,0
1765184040000,2,0.9897917,1,0.0001164087888635592,0.0,1.0,0.09090909,4,0,1,0,25867.75,25768.25,1.95,1.425,69,0
1765200120000,3,1.4833333,-1,0.00015487218205225,0.0,1.0,0.055555556,1,1,1,0,25700.0,25833.0,1.576470588235294,1.8941176470588235,69,0
1765205100000,3,1.4685416,-1,0.0007451781169252209,0.0,1.0,0.34231806,12,1,1,0,25700.0,25860.75,1.6680327868852458,0.06967213114754098,39,1
1765207680000,3,1.3575,1,0.0004577595106843018,0.0,1.0,0.3911111,2,1,1,0,25821.0,25656.75,0.9708029197080292,1.197080291970803,28,0
1765209420000,3,1.3508333,1,0.00035075412136092597,0.0,1.0,0.10869565,1,1,1,0,25821.0,25650.0,0.07317073170731707,1.1626016260162602,3,0
1765210500000,2,1.1247916,1,0.0003803022915650902,0.0,1.0,0.8181818,9,1,1,0,25821.0,25627.75,1.6071428571428572,1.7857142857142858,4,0
1765210740000,2,1.1210417,1,0.0006044770298728648,0.0,1.0,0.16842106,0,1,1,0,25821.0,25622.25,1.4683544303797469,1.3164556962025316,41,0
1765220640000,2,1.4883333,1,0.00042034057361825256,0.0,1.0,0.5714286,6,1,0,0,25696.5,25563.75,5.126436781609195,0.5402298850574713,146,1
1765230540000,2,0.96875,-1,7.781117173898243e-05,0.0,1.0,0.88188976,1,1,0,0,25579.0,25705.5,3.4,1.2666666666666666,7,0
1765230960000,2,0.9633333,-1,6.808080218636634e-05,0.0,1.0,0.5882353,0,1,0,0,25579.0,25706.5,2.5714285714285716,1.4285714285714286,2,0
1765231080000,2,0.9629167,-1,9.72582888376662e-05,0.0,1.0,0.54545456,0,1,0,0,25579.0,25707.25,0.0,1.4,1,0
1765243440000,2,0.99541664,-1,6.801993955942514e-05,1.0,0.0,0.030303031,2,0,0,1,25579.0,25729.5,19.34375,0.03125,787,1
1765257480000,2,0.9739583,1,8.763303181079055e-05,0.0,1.0,0.4680851,7,0,0,1,25702.0,25670.5,0.28,1.28,2,0
1765258500000,2,0.97083336,1,0.00013634725698536215,1.0,0.0,0.25,5,0,0,1,25702.0,25664.25,0.8181818181818182,1.121212121212121,18,0
1765259700000,2,0.9639583,1,9.74060761910328e-05,0.0,1.0,0.10526316,2,0,0,1,25702.0,25663.25,0.058823529411764705,1.1764705882352942,4,0
1765260180000,2,0.96270835,1,0.00019488238847855318,0.0,1.0,0.7037037,2,0,0,1,25702.0,25651.5,2.0,1.3125,8,0
1765268700000,2,1.461875,-1,0.00012641364489434737,0.0,1.0,0.5421687,1,0,1,0,25646.75,25712.5,10.736842105263158,0.21052631578947367,134,1
1765277640000,2,0.954375,1,0.0012386497742146278,1.0,0.0,0.24495678,15,0,1,0,25702.0,25601.0,0.22900763358778625,1.0534351145038168,196,0
1765290840000,3,1.3185416,1,0.00039079291883231074,0.0,1.0,0.6,1,1,1,0,25702.0,25560.0,6.012195121951219,0.24390243902439024,88,1
1765296180000,2,1.3620833,-1,0.00022375282123122421,0.0,1.0,0.1369863,1,1,1,0,25579.0,25703.75,0.6507936507936508,1.380952380952381,13,0
1765297860000,2,1.3591666,-1,0.00021397239756071467,1.0,0.0,0.4528302,15,1,1,0,25579.0,25709.75,0.04597701149425287,1.1839080459770115,4,0
1765298160000,2,1.3552083,-1,0.0001944863130257208,0.0,1.0,0.06,1,1,1,0,25579.0,25713.75,2.978723404255319,1.0638297872340425,18,0
1765299360000,2,1.3510417,-1,9.722613827501386e-05,0.0,1.0,0.34375,1,1,1,0,25579.0,25715.75,1.9047619047619047,1.7142857142857142,6,0
1765300080000,2,1.2989583,-1,7.77332970577947e-05,0.0,1.0,0.32258064,2,1,0,0,25579.0,25733.0,3.1904761904761907,1.5238095238095237,105,0
1765306500000,2,1.2764584,-1,0.00023316817254444768,0.0,1.0,0.3125,2,1,0,0,25579.0,25738.5,7.954545454545454,1.4772727272727273,732,0
1765315200000,2,0.99791664,1,5.8416333206764614e-05,0.0,1.0,0.57894737,2,1,0,0,25728.75,25676.25,0.7083333333333334,1.2083333333333333,6,0
1765315860000,2,0.9945833,1,0.0001460180867736817,0.0,1.0,0.33333334,5,1,0,0,25728.75,25675.0,0.9545454545454546,1.0454545454545454,22,0
1765321200000,2,0.98895836,1,9.737098344693281e-06,1.0,0.0,0.25862068,7,0,0,0,25728.75,25674.75,0.0,1.069767441860465,12,0
1765353060000,2,1.1147916,-1,2.915055288881979e-05,0.0,1.0,0.0,2,0,0,1,25668.5,25729.25,1.2666666666666666,1.4,8,0
1765353720000,2,1.1127083,-1,0.00012631538035504339,0.0,1.0,0.3125,2,0,1,0,25668.5,25732.5,1.0,2.0454545454545454,4,0
1765355040000,2,1.11125,-1,0.0001456734971350879,1.0,0.0,0.39473686,14,0,1,0,25668.5,25746.25,6.304347826086956,0.391304347826087,121,1
1765363380000,2,1.4572917,1,0.00032196378395254446,1.0,0.0,0.3625498,13,0,1,0,25728.75,25615.75,1.55625,1.175,229,0
1765377180000,2,1.343125,1,0.00017563717263182545,0.0,1.0,0.775,0,1,1,0,25728.75,25616.5,2.7222222222222223,1.5555555555555556,1,0
1765377240000,2,1.3429166,1,4.879905525029036e-05,0.0,1.0,0.9350649,0,1,1,0,25728.75,25614.0,2.8,27.6,1,0
1765377420000,2,1.3427083,1,0.0006058474046278925,0.0,1.0,0.00877193,1,1,1,0,25728.75,25567.0,0.8761061946902655,1.0663716814159292,63,0
1765381320000,3,1.5041667,1,0.000615739473787091,1.0,0.0,0.035460994,2,1,1,0,25728.75,25563.25,0.875,1.3823529411764706,13,0
1765382220000,3,1.5008334,1,3.9125544089597496e-05,0.0,1.0,0.032258064,1,1,1,0,25728.75,25552.25,0.15555555555555556,1.8222222222222222,3,0
1765383000000,3,1.5,1,0.000322946840992719,1.0,1.0,0.07174888,7,1,1,0,25728.75,25528.25,3.028985507246377,0.0821256038647343,177,1
1765393200000,2,1.5,-1,0.001196765813362912,0.0,1.0,0.7893836,0,1,0,0,25563.75,25725.0,1.983739837398374,1.3821138211382114,7,0
1765394280000,2,1.4985417,-1,0.00043723705049602114,0.0,1.0,0.12328767,8,1,0,0,25563.75,25741.0,1.359375,1.3333333333333333,16,0
1765395420000,3,1.9054166,-1,0.0003693803159173755,0.0,1.0,0.1590909,1,1,0,0,25563.75,25779.75,1.2939189189189189,1.347972972972973,17,0
1765397160000,3,1.90125,-1,0.0003095945279167191,0.0,1.0,0.77272725,2,1,0,0,25563.75,25848.25,1.2923076923076924,1.0461538461538462,3,0
1765398240000,3,0.99583334,-1,0.0008511379133580293,1.0,0.0,0.15384616,4,1,0,0,25563.75,25869.75,7.643356643356643,0.8181818181818182,313,1
1765410420000,2,0.9847917,1,0.00015552704226447374,1.0,0.0,0.5243243,29,0,0,0,25867.75,25715.0,0.07954545454545454,1.1363636363636365,16,0
1765420680000,3,1.3672917,1,0.0003617520531873289,0.0,1.0,0.20930232,1,0,0,1,25867.75,25560.75,0.3382352941176471,1.1470588235294117,9,0
1765423140000,3,1.3652084,1,0.0006299708638475471,0.0,1.0,0.61936337,10,0,0,1,25867.75,25382.0,5.696864111498257,1.146341463414634,2105,0
1765438260000,2,0.99375,-1,0.00015672445881085317,0.0,1.0,0.11111111,1,0,0,1,25420.75,25526.5,0.15625,1.6875,4,0
1765439400000,2,0.9927083,-1,8.809968969331519e-05,0.0,1.0,0.53333336,1,0,0,1,25420.75,25541.5,0.4857142857142857,1.1714285714285715,7,0
1765440060000,2,0.988125,-1,0.00019578667084344897,1.0,0.0,0.0091743115,4,0,1,0,25470.5,25543.0,1.5555555555555556,1.0277777777777777,58,0
1765444140000,2,0.999375,-1,0.00017602362628228323,0.0,1.0,0.6233766,1,0,1,0,25470.5,25572.0,0.3448275862068966,1.0689655172413792,2,0
1765444380000,2,0.9977083,-1,0.00017599780980503353,0.0,1.0,0.10526316,2,0,1,0,25470.5,25573.0,0.0196078431372549,1.3137254901960784,2,0
1765444800000,2,0.996875,-1,4.887060042419681e-05,0.0,1.0,0.9358974,0,0,1,0,25470.5,25579.0,0.6,7.8,1,0
1765445040000,2,0.995625,-1,0.00011723443957053117,0.0,1.0,0.8088235,1,0,1,0,25470.5,25594.0,6.153846153846154,2.1538461538461537,14,0
1765446900000,2,0.991875,-1,0.00023429949332734568,0.0,1.0,0.572327,1,0,1,0,25470.5,25623.5,1.5588235294117647,1.3823529411764706,115,0
1765454400000,2,0.9895833,-1,0.0001463528860789135,1.0,0.0,0.01923077,1,0,1,0,25580.0,25630.25,0.0,1.7450980392156863,4,0
1765455060000,2,0.9866667,-1,0.0001365254278609391,0.0,1.0,0.9322034,7,0,1,0,25580.0,25639.75,2.25,3.75,1,0
1765456500000,2,0.985,-1,0.0001557389814670612,0.0,1.0,0.7392996,0,0,1,0,25580.0,25700.75,6.447761194029851,0.9402985074626866,116,1
1765464120000,2,0.9685417,1,0.0007910387999648427,0.0,1.0,0.41414142,0,1,1,0,25700.75,25555.75,0.13218390804597702,1.2471264367816093,3,0
1765464900000,2,0.965625,1,0.00025549059106765585,0.0,1.0,0.9160305,0,1,1,0,25700.75,25427.5,0.38181818181818183,2.5272727272727273,1,0
1765465080000,3,0.66333336,1,0.00011802775619399829,0.0,1.0,0.68421054,1,1,1,0,25700.75,25403.75,0.7037037037037037,1.2407407407407407,1,0
1765465620000,3,0.66270834,1,0.0005805943711867743,1.0,0.0,0.012526096,7,1,1,0,25700.75,25390.25,1.6363636363636365,0.44608879492600423,259,1
1765473960000,2,1.4947916,-1,0.0005463734462505122,0.0,1.0,0.32978722,1,1,0,0,25420.75,25637.5,1.3968253968253967,1.3650793650793651,11,0
1765475220000,2,1.4922917,-1,0.00015599863501194366,1.0,0.0,0.09375,5,1,0,0,25420.75,25647.25,2.1724137931034484,1.4482758620689655,49,0
1765479900000,2,1.48,-1,0.00031159928332164834,0.0,1.0,0.39647576,20,1,0,0,25420.75,25686.75,0.19708029197080293,1.2846715328467153,13,0
1765481460000,2,1.4320834,-1,0.00024320249039350164,0.0,1.0,0.2777778,1,1,0,0,25420.75,25705.0,0.1794871794871795,1.4102564102564104,4,0
1765481940000,2,1.4302083,-1,0.00016529889930379994,0.0,1.0,0.12698413,3,1,0,0,25420.75,25715.25,0.16363636363636364,1.1454545454545455,6,0
1765482720000,2,1.428125,-1,0.0002527560126766862,1.0,0.0,0.0,2,1,0,0,25420.75,25723.0,2.5,1.3888888888888888,68,0
1765521180000,2,0.9689583,-1,0.00012645791383352303,1.0,0.0,0.015151516,4,0,0,1,25653.5,25704.5,2.2,0.23076923076923078,88,1
1765526520000,2,1.4747916,1,0.00017539073157422924,0.0,1.0,0.1,1,0,1,0,25703.75,25652.5,1.6888888888888889,1.1555555555555554,45,0
1765529460000,2,1.4652083,1,0.00021433303456607302,0.0,1.0,0.06818182,4,0,1,0,25703.75,25650.75,0.10975609756097561,2.1097560975609757,17,0
1765530720000,2,1.4608333,1,0.00021460902138286249,0.0,1.0,0.64534885,0,0,1,0,25703.75,25612.75,0.9836065573770492,1.5081967213114753,14,0
1765532940000,2,1.456875,1,0.00024444140250699103,1.0,0.0,0.53092784,3,0,1,0,25703.75,25562.25,1.6153846153846154,1.4395604395604396,107,0
1765549860000,2,0.98125,1,0.0011048427310147932,0.0,1.0,0.20588236,0,1,1,0,25703.75,25522.0,1.0846560846560847,1.3650793650793651,17,0
1765551060000,2,0.9775,1,0.00023515579071134627,0.0,1.0,0.18831168,1,1,1,0,25703.75,25501.5,1.24,1.712,13,0
1765552200000,2,0.9741667,1,0.0007864649384099645,0.0,1.0,0.60097325,1,1,1,0,25703.75,25410.25,0.5121951219512195,1.2682926829268293,11,0
1765553220000,3,0.358125,1,0.0003055331059904201,0.0,1.0,0.8730159,1,1,1,0,25703.75,25357.75,0.1,4.325,1,0
1765553580000,3,1.1064583,1,0.0009676145339652448,0.0,1.0,0.040880505,3,1,1,0,25703.75,25295.25,0.39344262295081966,2.0721311475409836,25,0
1765555920000,3,1.1004167,1,0.0005761284170375079,0.0,1.0,0.71384615,1,1,1,0,25703.75,25153.5,0.6075268817204301,1.424731182795699,9,0
1765765320000,1,1.0,-1,0.0001879569084056308,1.0,0.0,0.6375839,4,0,0,1,25131.25,25276.5,0.12962962962962962,1.0925925925925926,8,0
1765788600000,3,1.49125,-1,5.931022211678183e-05,0.0,1.0,0.9189189,0,0,1,0,25131.25,25292.25,11.166666666666666,5.333333333333333,22,0
1765790160000,3,1.485,-1,0.00019752696243037176,0.0,1.0,0.4871795,1,0,1,0,25131.25,25318.0,0.3333333333333333,1.2,9,0
1765790820000,3,1.4822917,-1,9.87313027595399e-06,0.0,1.0,0.4,1,0,1,0,25131.25,25321.5,0.6666666666666666,1.6666666666666667,5,0
1765793100000,3,1.4808333,-1,9.871668311944718e-05,0.0,1.0,0.61728394,14,0,1,0,25131.25,25334.25,0.3225806451612903,1.4193548387096775,13,0
1765794660000,3,1.4710417,-1,6.905872951668755e-05,1.0,0.0,0.037037037,3,0,1,0,25131.25,25342.5,0.4230769230769231,1.0,23,0
1765800360000,3,1.46375,-1,0.0002465118572203323,1.0,0.0,0.63846153,16,0,1,0,25131.25,25360.0,2.148936170212766,1.127659574468085,38,0
1765807200000,2,1.490625,-1,0.00014772357963778178,0.0,1.0,0.8828125,0,1,1,0,25323.0,25389.0,0.13333333333333333,2.8666666666666667,1,0
1765807500000,3,0.69979167,-1,0.00011814279525853582,0.0,1.0,0.1764706,4,1,1,0,25323.0,25396.0,0.42857142857142855,1.1904761904761905,14,0
1765808520000,3,0.69604164,-1,0.00014769448902629946,1.0,0.0,0.04109589,3,1,1,0,25323.0,25398.0,0.5,1.3714285714285714,6,0
1765809000000,3,0.69416666,-1,7.880220646178094e-05,0.0,1.0,0.32960895,0,1,1,0,25323.0,25410.0,2.183333333333333,0.6583333333333333,4,1
1765809240000,2,0.99291664,1,0.00011849511207662684,1.0,0.0,0.8965517,0,1,1,0,25368.25,25314.5,17.166666666666668,0.6666666666666666,2,1
1765809360000,3,0.6925,-1,0.00018727145490207673,1.0,0.0,0.85925925,0,1,1,0,25323.0,25369.0,9.052631578947368,0.5263157894736842,2,1
1765810020000,2,0.9920833,1,0.00042527098662868896,0.0,1.0,0.8761468,1,1,1,0,25368.25,25257.0,2.962962962962963,2.3518518518518516,5,0
1765810740000,2,0.9891667,1,0.000445986124876115,0.0,1.0,0.80246913,2,1,1,0,25368.25,25213.75,0.2916666666666667,3.6875,1,0
1765812780000,3,1.3585416,1,0.000977341630764321,0.0,1.0,0.32072073,4,1,1,0,25368.25,25034.5,1.4641909814323608,1.0079575596816976,453,0
1765843560000,2,1.91125,1,0.00021957402638880571,0.0,1.0,0.0,0,0,0,1,25183.5,25033.75,0.06779661016949153,1.5932203389830508,3,0
1765843740000,2,1.910625,1,8.990200681257429e-05,0.0,1.0,0.85,0,0,0,1,25183.5,25025.0,0.0,6.111111111111111,1,0
1765844340000,2,1.9104167,1,0.00024000240002400024,0.0,1.0,0.44444445,3,0,0,1,25183.5,24993.25,1.8666666666666667,1.48,41,0
1765871160000,2,1.4922917,1,0.00028188297829501066,0.0,1.0,0.28476822,2,0,0,1,24927.75,24826.0,2.8055555555555554,0.0,33,1
1765872420000,2,1.499375,-1,9.033786360990103e-05,0.0,1.0,0.32954547,1,0,1,0,24857.75,24913.0,0.3559322033898305,1.0677966101694916,4,0
1765873200000,2,1.4977083,-1,8.028823476279845e-05,0.0,1.0,0.21875,0,0,1,0,24857.75,24929.0,0.48,1.0666666666666667,5,0
1765875600000,2,1.4947916,-1,4.00576830636116e-05,0.0,1.0,0.5568182,11,0,1,0,24857.75,24965.0,0.2564102564102564,1.064102564102564,6,0
1765880400000,2,0.99625,-1,0.0002802241793434748,0.0,1.0,0.029850746,2,0,1,0,24857.75,24987.0,0.1076923076923077,1.0461538461538462,5,0
1765881240000,2,0.9947917,-1,0.00010004902402177067,1.0,0.0,0.03508772,5,0,1,0,24857.75,24990.25,0.2,1.5454545454545454,4,0
1765881780000,2,0.9920833,-1,7.994803377804427e-05,0.0,1.0,0.84615386,1,0,1,0,24857.75,25018.25,0.15,1.75,1,0
1765882140000,2,0.99083334,-1,0.00017984712993955138,1.0,0.0,0.06666667,4,0,1,0,24857.75,25026.0,0.7976190476190477,1.0238095238095237,52,0
1765918020000,2,1.1922916,-1,0.0003573591161317861,1.0,0.0,0.061643835,9,1,0,0,24857.75,25198.25,0.2846715328467153,1.1167883211678833,5,0
1765918320000,2,1.1891667,-1,0.00015874118242338258,0.0,1.0,0.81395346,0,1,0,0,24857.75,25202.25,1.8125,1.0,1,0
1765918380000,2,1.1889583,-1,0.00011905116223697134,0.0,1.0,0.73333335,0,1,0,0,24857.75,25202.25,57.916666666666664,1.0,690,0
1765963560000,2,1.0327083,-1,0.00011907006280945814,1.0,0.0,0.114285715,1,0,1,0,25053.0,25202.75,0.46774193548387094,1.2419354838709677,9,0
1765964220000,2,1.03,-1,8.927065871827172e-05,0.0,1.0,0.72727275,0,0,1,0,25053.0,25206.5,0.5555555555555556,3.7777777777777777,1,0
1765966920000,2,1.0295833,-1,0.00018822317324457125,1.0,0.0,0.5849057,8,0,1,0,25053.0,25241.75,0.25757575757575757,1.4393939393939394,10,0
1765983360000,3,1.3654166,1,0.0005294969778710225,1.0,1.0,0.04054054,10,1,1,0,25266.0,25010.5,0.47183098591549294,1.2112676056338028,39,0
1765986000000,3,1.3552083,1,0.0004005928774586388,0.0,1.0,0.78504676,1,1,1,0,25266.0,24953.0,0.0,1.6666666666666667,1,0
1765986480000,3,1.3539584,1,0.0008035194150378659,0.0,1.0,0.4235589,3,1,1,0,25266.0,24870.5,0.043478260869565216,1.682608695652174,4,0
1765987500000,3,1.3516667,1,0.0005741279801774761,1.0,0.0,0.25076452,7,1,1,0,25266.0,24806.0,0.4204081632653061,1.1755102040816328,9,0
1765988580000,3,1.146875,1,0.000675124192622001,1.0,0.0,0.12286689,8,1,1,0,25266.0,24780.25,0.40077821011673154,1.0,11,0
1765989420000,3,1.1429167,1,0.0005648235934883908,0.0,1.0,0.36363637,2,1,1,0,25266.0,24772.5,0.4107142857142857,1.1011904761904763,13,0
1765990200000,3,1.1395833,1,2.0186727226848347e-05,0.0,1.0,0.9885057,0,1,1,0,25266.0,24768.25,8.0,21.5,1,0
1765990320000,3,1.139375,1,0.00014134846434989804,0.0,1.0,0.7128713,1,1,1,0,25266.0,24758.0,8.482758620689655,1.2758620689655173,12,0
1765991100000,3,1.1364583,1,0.00016143841628913621,0.0,1.0,0.5316456,0,1,0,0,25266.0,24768.0,3.4594594594594597,1.4324324324324325,5,0
1765991760000,3,1.1354166,1,0.0006959222987624686,0.0,1.0,0.49289098,0,1,0,0,25266.0,24760.5,2.5700934579439254,1.158878504672897,30,0
1765994100000,3,1.1279167,1,0.0003934307158421435,0.0,1.0,0.02690583,9,1,0,0,25266.0,24756.25,0.7235023041474654,1.1059907834101383,44,0
1765996920000,3,1.116875,1,0.0007275078813353812,0.0,1.0,0.45416668,1,1,0,0,25266.0,24711.75,0.2900763358778626,1.1145038167938932,9,0
1766000520000,3,1.1141666,1,0.00011134504818203903,1.0,0.0,0.10769231,9,1,0,0,25266.0,24695.25,0.47126436781609193,1.0977011494252873,69,0
1766005740000,2,0.989375,1,7.095937069175249e-05,1.0,1.0,0.00862069,10,1,0,0,24759.25,24658.75,0.1681159420289855,0.08985507246376812,3,1
1766006580000,2,0.9975,-1,0.00015148454857604525,1.0,0.0,0.0,8,1,0,0,24711.752,24765.0,0.7054263565891473,0.10852713178294573,12,1
1766012520000,2,0.9745833,-1,0.00013126937485484637,0.0,1.0,0.6486486,0,0,0,0,24658.75,24761.5,1.1538461538461537,1.0,1,0
1766012580000,2,0.974375,-1,0.00015148760831363995,0.0,1.0,0.0,0,0,0,0,24658.75,24761.5,11.428571428571429,1.2857142857142858,106,0
1766019600000,2,1.4522916,-1,0.0001312600969305331,1.0,0.0,0.051282052,7,0,0,1,24674.5,24769.75,1.554054054054054,1.1486486486486487,71,0
1766023980000,2,1.4727083,-1,0.00031302064926541125,0.0,1.0,0.616,1,0,0,1,24674.5,24777.0,1.3333333333333333,1.6458333333333333,5,0
1766024640000,2,1.4710417,-1,0.00023209114118205026,1.0,0.0,0.014814815,5,0,0,1,24674.5,24780.5,2.1278195488721803,1.0,277,0
1766042580000,2,1.4122916,-1,0.00015118986423150193,1.0,0.0,0.6084656,1,0,0,1,24674.5,24810.25,0.05405405405405406,1.0405405405405406,3,0
1766044920000,2,1.4070834,-1,0.00016124805998427833,1.0,1.0,0.083333336,25,0,1,0,24674.5,24812.0,0.6666666666666666,1.1818181818181819,14,0
1766056680000,2,0.996875,-1,0.0,0.0,1.0,0.51282054,1,0,1,0,24674.5,24874.75,4.684210526315789,1.105263157894737,31,0
1766058600000,2,0.9897917,-1,9.045953443492944e-05,0.0,1.0,0.08695652,1,0,1,0,24674.5,24875.25,0.19047619047619047,1.2619047619047619,9,0
1766059200000,2,0.98770833,-1,0.00023115345574416338,0.0,1.0,0.34285715,0,0,1,0,24838.25,24881.0,1.8695652173913044,1.434782608695652,4,0
1766063340000,2,0.98604167,1,0.00019109689618409671,0.0,1.0,0.01010101,1,1,1,0,24888.25,24834.75,1.2755102040816326,0.3469387755102041,7,1
1766063880000,2,0.99666667,-1,3.013288602738075e-05,0.0,1.0,0.17857143,2,1,1,0,24838.25,24890.5,0.7608695652173914,7.913043478260869,12,0
1766065500000,2,0.99375,-1,0.00011991126566340908,0.0,1.0,0.9218472,1,1,1,0,24838.25,25023.0,0.25,1.9090909090909092,2,0
1766065800000,2,0.9902083,-1,0.00021975826590750174,1.0,0.0,0.15254237,3,1,1,0,24838.25,25033.0,1.02,1.25,20,0
1766109600000,2,1.488125,-1,5.99029572093209e-05,0.0,1.0,0.18181819,3,0,0,1,24980.5,25042.0,0.8518518518518519,1.2777777777777777,13,0
1766110740000,2,1.4847916,-1,9.98272987731225e-05,1.0,0.0,0.09375,6,0,0,1,24980.5,25045.75,0.41379310344827586,1.4310344827586208,12,0
1766111700000,2,1.4810417,-1,4.9903685886239555e-05,1.0,1.0,0.0,3,0,0,1,24980.5,25053.25,2.0606060606060606,1.196969696969697,50,0
1766114880000,2,1.4697917,-1,0.00017947950942267426,0.0,1.0,0.43195266,2,0,0,1,24980.5,25077.0,0.2604166666666667,1.21875,26,0
1766116620000,2,1.4635416,-1,0.0002392272958344547,0.0,1.0,0.0,2,0,0,1,24980.5,25086.75,2.0704225352112675,1.4507042253521127,181,0
1766128080000,2,1.3860416,-1,5.973775127191629e-05,0.0,1.0,0.8695652,0,0,0,1,25002.75,25111.25,0.5,2.8333333333333335,1,0
1766128680000,2,1.385625,-1,7.957744377356239e-05,0.0,1.0,0.69902915,2,0,0,1,25002.75,25134.75,0.0,1.1290322580645162,1,0
1766129100000,2,1.3835417,-1,0.0002188597407506889,0.0,1.0,0.23655914,6,0,0,1,25002.75,25135.75,1.676056338028169,1.2535211267605635,37,0
1766358000000,3,1.41875,-1,0.0002728061030622485,0.0,1.0,0.776,0,0,0,0,25041.5,25666.25,3.9642857142857144,1.8214285714285714,40,0
1766360820000,3,0.70416665,-1,0.0002727077935991585,0.0,1.0,0.36507937,1,0,0,0,25041.5,25676.5,0.55,1.475,13,0
1766361720000,1,1.0,-1,6.818159681299735e-05,0.0,1.0,0.35526314,1,0,0,1,25631.5,25682.0,2.0816326530612246,1.6122448979591837,63,0
1766365500000,2,0.99895835,-1,0.00016546461490544185,0.0,1.0,0.6909091,0,0,0,1,25631.5,25689.5,1.8235294117647058,1.1176470588235294,23,0
1766368680000,2,0.99395835,-1,0.00013622917639732212,0.0,1.0,0.36956522,18,0,0,1,25631.5,25697.0,1.2758620689655173,1.1724137931034482,33,0
1766380800000,2,1.4979167,1,9.740702499464262e-06,0.0,1.0,0.6666667,1,0,0,1,25699.75,25665.25,0.23076923076923078,1.2307692307692308,1,0
1766381460000,2,1.495625,1,6.818890274314214e-05,0.0,1.0,0.06451613,1,0,0,1,25699.75,25662.25,4.206896551724138,0.0,83,1
1766385600000,2,1.4920833,-1,0.00021409733643450082,0.0,1.0,0.325,2,0,0,1,25671.5,25694.75,0.5555555555555556,1.5925925925925926,13,0
1766386500000,2,1.4889584,-1,4.864854346260873e-05,0.0,1.0,0.11904762,1,0,0,1,25671.5,25700.0,0.2702702702702703,1.2162162162162162,8,0
1766387100000,2,1.486875,-1,4.8636712936392905e-05,0.0,1.0,0.04761905,2,0,0,1,25671.5,25702.0,0.75,1.5,12,0
1766388240000,2,1.4839584,-1,0.00020426028596440035,1.0,0.0,0.014925373,5,0,0,1,25671.5,25711.5,0.07575757575757576,1.1818181818181819,41,0
1766396100000,2,0.9952083,-1,8.749246592654521e-05,0.0,1.0,0.6481481,0,0,1,0,25671.5,25721.25,0.3157894736842105,1.0,4,0
1766396340000,2,0.991875,-1,1.9439557555670034e-05,0.0,1.0,0.8,0,0,1,0,25671.5,25721.25,0.5,10.0,1,0
1766396700000,2,0.9916667,-1,4.85918093646135e-05,0.0,1.0,0.23529412,5,0,1,0,25671.5,25725.75,1.9487179487179487,1.3333333333333333,156,0
1766406600000,3,0.995625,-1,0.00010688951511029055,0.0,1.0,0.625,1,0,1,0,25671.5,25730.75,1.9333333333333333,1.0666666666666667,5,0
1766407260000,3,0.9925,-1,0.00017486933374783842,0.0,1.0,0.45454547,4,0,1,0,25671.5,25738.0,0.2777777777777778,1.1666666666666667,2,0
1766407500000,3,0.99104166,-1,9.71307574256464e-06,1.0,1.0,0.025,2,0,1,0,25671.5,25738.75,0.8205128205128205,1.2307692307692308,15,0
1766409000000,3,0.9875,-1,4.8554060090504766e-05,1.0,0.0,0.5,3,1,1,0,25671.5,25745.75,0.18518518518518517,1.5925925925925926,10,0
1766409960000,3,0.98333335,-1,9.707324176090861e-05,0.0,1.0,0.73015875,1,1,1,0,25671.5,25756.75,5.0588235294117645,2.235294117647059,38,0
1766413800000,3,0.9739583,-1,0.00015515301966564525,1.0,1.0,0.23809524,1,1,1,0,25671.5,25785.75,0.07291666666666667,1.3854166666666667,1,0
1766413980000,3,0.9685417,-1,0.0001163151364764268,1.0,0.0,0.14106584,2,1,1,0,25671.5,25795.0,0.8102189781021898,0.01824817518248175,9,1
1766415840000,3,0.965,-1,0.00029125082521067145,1.0,1.0,0.014018691,9,1,1,0,25671.5,25758.5,0.7630331753554502,0.3744075829383886,27,1
1766418120000,2,1.3685417,1,0.0005264594626213781,1.0,1.0,0.27731094,6,1,1,0,25725.75,25629.5,1.3662790697674418,0.313953488372093,135,1
1766426640000,3,0.925625,-1,0.00025267495310935965,1.0,0.0,0.03797468,7,1,0,0,25671.5,25731.25,2.1052631578947367,1.0526315789473684,431,0
1766456760000,3,0.821875,-1,8.742787200559538e-05,1.0,0.0,0.016129032,9,0,0,1,25671.5,25738.5,3.4262295081967213,0.5573770491803278,224,1
1766471100000,2,1.1854167,1,5.844876965339879e-05,0.0,1.0,0.9076923,0,0,0,1,25725.75,25662.0,0.8333333333333334,1.5,1,0
1766471160000,2,1.1820834,1,6.819155983322292e-05,0.0,1.0,0.5,0,0,0,1,25725.75,25661.25,1.4285714285714286,3.857142857142857,2,0
1766471340000,2,1.1814584,1,3.8973819336860464e-05,0.0,1.0,0.46666667,0,0,0,1,25725.75,25656.25,2.75,2.25,1,0
1766471400000,2,1.18125,1,0.00017535314174378958,0.0,1.0,0.125,0,0,0,1,25725.75,25653.75,7.228571428571429,0.6285714285714286,181,1
1766483160000,3,1.2310417,-1,4.858944831540383e-05,1.0,0.0,0.11627907,3,0,1,0,25644.25,25728.75,8.052631578947368,0.6052631578947368,230,1
1766497860000,3,1.4802083,1,0.0002537575639273863,0.0,1.0,0.53968257,12,1,1,0,25725.75,25608.5,3.4482758620689653,0.9827586206896551,40,1
1766501640000,3,1.1685417,-1,0.00022344197794724825,1.0,1.0,0.2947761,5,1,1,0,25653.75,25751.25,1.2116402116402116,0.07936507936507936,8,1
1766502900000,3,1.4620833,1,0.00039005743595744476,0.0,1.0,0.32954547,12,1,1,0,25725.75,25627.25,2.3389830508474576,0.0,37,1
1766506200000,3,1.1516666,-1,0.00013594344752582924,1.0,0.0,0.5,4,1,1,0,25653.75,25749.5,0.36507936507936506,1.0158730158730158,17,0
1766507760000,3,1.344375,-1,0.00022328362845604226,1.0,0.0,0.17142858,8,1,1,0,25653.75,25757.75,0.022988505747126436,1.160919540229885,9,0
1766509260000,3,1.340625,-1,4.8495664487594806e-05,1.0,0.0,0.5420561,6,1,0,0,25653.75,25776.75,0.0,1.1428571428571428,10,0
1766510100000,3,1.335,-1,1.9401841234733175e-05,1.0,0.0,0.06666667,3,1,0,0,25653.75,25775.25,0.047619047619047616,1.0,5,0
1766510760000,3,1.3333334,-1,0.00012610585131150087,1.0,0.0,0.0,6,1,0,0,25653.75,25775.25,1.0851063829787233,1.446808510638298,55,0
1766517000000,3,1.320625,-1,8.72651114084589e-05,0.0,1.0,0.7848101,0,1,0,0,25750.75,25787.75,0.0,1.0,1,0
1766518200000,3,1.3102083,-1,0.00010663357794429849,1.0,1.0,0.11111111,11,1,0,0,25750.75,25792.0,0.25,1.25,21,0
1766519940000,3,1.3016666,-1,0.00010659844366272253,0.0,1.0,0.5625,2,1,0,0,25750.75,25802.25,0.09523809523809523,1.5714285714285714,4,0
1766534880000,1,1.0,-1,0.00013556170962681797,0.0,1.0,0.15789473,1,0,0,1,25750.75,25823.75,0.0,1.25,2,0
1766543640000,2,1.4820833,1,8.722197993894462e-05,0.0,1.0,0.7777778,1,0,0,1,25825.75,25791.5,0.6666666666666666,1.3333333333333333,4,0
1766544300000,2,1.4795834,1,0.00010664081434803683,0.0,1.0,0.3888889,1,0,0,1,25825.75,25782.75,1.4848484848484849,1.1515151515151516,129,0
1766569140000,2,1.446875,-1,0.0001550207340231756,1.0,0.0,0.30769232,24,0,1,0,25750.75,25807.0,2.259259259259259,1.4444444444444444,158,0
1766579400000,2,1.4089583,-1,0.0001646281824080261,0.0,1.0,0.3283582,10,0,1,0,25750.75,25820.0,0.13333333333333333,1.0444444444444445,28,0
1766581200000,2,1.4004166,-1,0.0001839962038677939,0.0,1.0,0.16666667,2,1,1,0,25750.75,25820.5,1.2857142857142858,1.3714285714285714,30,0
1766584980000,3,0.87666667,-1,0.0001258299939988772,1.0,0.0,0.032786883,10,1,1,0,25750.75,25831.75,2.389830508474576,1.4067796610169492,70,0
1766589840000,3,0.8597917,-1,2.9034599564481007e-05,1.0,0.0,0.11888112,6,1,1,0,25750.75,25841.0,0.1746031746031746,1.0476190476190477,45,0
1766592900000,2,1.485625,-1,4.835449648462811e-05,0.0,1.0,0.86567163,1,1,1,0,25750.75,25852.25,4.777777777777778,1.1111111111111112,5,0
1766593440000,2,1.4833333,-1,8.702715247157113e-05,0.0,1.0,0.71875,2,1,1,0,25750.75,25856.25,1.8888888888888888,2.0,7,0
1766594160000,2,1.4808333,-1,4.8319449544830786e-05,0.0,1.0,0.91525424,0,1,1,0,25750.75,25870.75,2.0,11.6,1,0
1766596380000,2,1.4797916,-1,0.00010624426522432028,0.0,1.0,0.7051282,27,1,0,0,25750.75,25886.5,2.9565217391304346,1.3043478260869565,17,0
1766703600000,2,1.0,-1,0.0009855358126322502,1.0,0.0,0.3245033,0,0,0,0,25777.5,25899.75,0.3235294117647059,1.2450980392156863,67,0
1766710080000,2,0.62666667,-1,8.685330476824644e-05,1.0,1.0,0.06779661,22,0,0,1,25862.0,25910.0,0.09090909090909091,1.3818181818181818,13,0
1766721300000,2,1.48875,1,0.0001641972685301447,0.0,1.0,0.34615386,1,0,0,1,25916.5,25879.25,0.5882352941176471,1.588235294117647,7,0
1766722500000,2,1.4870833,1,0.0001739029621471219,0.0,1.0,0.02173913,11,0,0,1,25903.0,25872.0,0.4888888888888889,1.4,102,0
1766733960000,1,1.0,1,0.00023207016254580968,1.0,1.0,0.38157895,7,0,0,1,25903.0,25848.25,0.851063829787234,1.4893617021276595,44,0
1766737260000,2,1.3979167,1,0.00019344230583228552,0.0,1.0,0.34,11,0,1,0,25903.0,25842.5,6.515151515151516,0.9393939393939394,312,1
1766757000000,2,1.380625,-1,4.822158784044441e-05,0.0,1.0,0.11570248,5,1,1,0,25852.25,25923.25,1.1962616822429906,1.1775700934579438,46,0
1766759820000,3,0.8675,-1,0.00011571841851494696,0.0,1.0,0.24444444,1,1,1,0,25852.25,25928.0,0.0,1.0980392156862746,4,0
1766760360000,3,0.86625,-1,0.00024104982017683415,0.0,1.0,0.5603448,1,1,1,0,25852.25,25935.0,6.078431372549019,0.49019607843137253,15,1
1766761980000,2,1.3122916,1,0.0002418566854024979,0.0,1.0,0.45033112,1,1,1,0,25903.0,25835.5,0.07228915662650602,1.0481927710843373,2,0
1766762280000,3,0.959375,1,8.706756442999768e-05,1.0,0.0,0.144,2,1,1,0,25903.0,25834.25,1.5700934579439252,0.11214953271028037,37,1
1766764560000,2,1.8510417,-1,0.000260655500313752,0.0,1.0,0.15789473,1,1,1,0,25852.25,25903.0,0.21875,1.34375,2,0
1766764800000,2,1.8502083,-1,4.8263945867158315e-05,0.0,1.0,0.15151516,1,1,1,0,25852.25,25906.0,0.0,1.5714285714285714,2,0
1766765340000,2,1.8495834,-1,9.649901571003975e-05,1.0,0.0,0.1632653,3,1,1,0,25852.25,25911.0,2.0609756097560976,0.17073170731707318,68,1
1766769960000,2,1.2839583,1,0.00011604854697548475,1.0,0.0,0.009708738,9,1,0,0,25903.0,25848.25,0.9705882352941176,1.0,299,0
1766964540000,2,0.606875,1,3.868284899182825e-05,0.0,1.0,0.25925925,2,0,0,0,25903.0,25845.75,2.183333333333333,1.5333333333333334,131,0
1766969340000,1,1.0,-1,0.00014487014805729132,0.0,1.0,0.70238096,2,0,0,1,25852.25,25890.0,1.52,1.24,9,0
1766972280000,2,1.0797917,1,4.835169085862933e-05,0.0,1.0,0.7083333,1,0,0,1,25903.0,25851.0,0.2857142857142857,3.4285714285714284,1,0
1766973900000,2,1.079375,1,0.0001838110809058984,1.0,0.0,0.41666666,24,0,0,1,25903.0,25835.25,0.38095238095238093,2.0476190476190474,31,0
1766975880000,3,1.4675,1,0.00013551315929571876,0.0,1.0,0.08450704,2,0,0,1,25903.0,25824.25,1.676923076923077,1.1538461538461537,159,0
1766985480000,3,1.4339583,1,0.00020326973894357813,0.0,1.0,0.06818182,1,0,0,1,25893.5,25821.75,0.14634146341463414,1.3658536585365855,6,0
1766986260000,3,1.4322916,1,3.873154199951586e-05,1.0,0.0,0.13043478,6,0,0,1,25893.5,25817.75,0.975,1.75,29,0
1766988060000,3,1.425,1,0.0002904978164247465,0.0,1.0,0.8148148,1,0,0,1,25893.5,25810.25,12.1,4.9,62,0
1766991900000,3,1.411875,1,5.8135028292380433e-05,0.0,1.0,0.7096774,2,0,0,1,25893.5,25800.5,0.8888888888888888,2.4444444444444446,3,0
1766992080000,3,1.4108334,1,0.00015505077913016512,0.0,1.0,0.6862745,0,0,0,1,25893.5,25794.0,1.1875,1.6875,6,0
1766992980000,3,1.409375,1,6.785773141909904e-05,1.0,0.0,0.07317073,2,0,0,1,25893.5,25785.0,2.0,1.3157894736842106,38,0
1767008880000,2,0.99104166,-1,0.00012610340479192938,0.0,1.0,0.51111114,2,0,1,0,25731.5,25775.75,2.1818181818181817,1.2272727272727273,36,0
1767011580000,2,0.9825,-1,9.699509204834235e-05,1.0,0.0,0.26760563,9,0,1,0,25736.0,25777.0,2.2884615384615383,0.25,14,1
1767013260000,2,1.4902084,1,0.00017483366519353114,0.0,1.0,0.4390244,14,1,1,0,25770.75,25734.25,1.5434782608695652,1.0,33,0
1767016560000,2,1.4804167,1,0.00015585731263028697,0.0,1.0,0.6505682,6,1,1,0,25770.75,25660.5,0.36585365853658536,1.146341463414634,20,0
1767019500000,2,1.48,-1,0.000610394140216254,1.0,0.0,0.17595308,8,1,1,0,25705.26,25818.75,0.6476868327402135,0.3914590747330961,19,1
1767029760000,2,0.9691667,1,0.00019491087700149106,1.0,0.0,0.05982906,8,1,0,0,25770.75,25647.75,3.5,0.35454545454545455,139,1
1767038340000,2,1.3885417,-1,8.730320402758781e-05,0.0,1.0,0.32692307,1,1,0,0,25656.0,25774.5,10.542857142857143,1.0285714285714285,1078,0
1767079500000,3,1.4583334,1,9.732738987405836e-05,0.0,1.0,0.4939759,2,0,0,1,25770.75,25684.0,5.666666666666667,1.8095238095238095,438,0
1767106080000,3,1.3660417,1,0.0002820819593996518,1.0,0.0,0.022099448,2,1,1,0,25755.0,25673.5,1.271186440677966,0.01694915254237288,8,1
1767107100000,3,0.91333336,-1,8.730235716364341e-05,0.0,1.0,0.16062176,8,1,1,0,25696.5,25774.75,1.0123456790123457,0.13580246913580246,7,1
1767108180000,3,1.36,1,0.00040864776508591334,1.0,0.0,0.0,10,1,1,0,25755.0,25683.5,0.2809917355371901,1.1735537190082646,20,0
1767109740000,3,1.3533334,1,3.8921864357302715e-05,1.0,0.0,0.033613447,5,1,1,0,25755.0,25682.5,1.626086956521739,0.14782608695652175,12,1
1767110580000,3,0.89979166,-1,3.8830050576140877e-05,0.0,1.0,0.14285715,1,1,1,0,25696.5,25759.0,0.08333333333333333,1.6111111111111112,1,0
1767111780000,3,0.89916664,-1,4.847497721676071e-05,0.0,1.0,0.7032967,1,1,1,0,25696.5,25794.0,6.277777777777778,0.3148148148148148,227,1
1767125580000,3,1.2979167,1,0.00030166499615620406,0.0,1.0,0.27160493,1,1,0,0,25755.0,25682.0,1.423728813559322,1.0338983050847457,45,0
1767128820000,3,1.2877083,1,0.00037970246903964484,0.0,1.0,0.3529412,8,1,0,0,25755.0,25668.25,0.7090909090909091,1.7272727272727273,65,0
1767137160000,3,1.26,1,2.9224669517695536e-05,1.0,1.0,0.3611111,12,0,0,0,25755.0,25657.75,0.2608695652173913,1.2391304347826086,11,0
1767138000000,3,1.2547916,1,0.00018519782051407016,0.0,1.0,0.41095892,1,0,0,0,25755.0,25643.5,0.4186046511627907,1.2790697674418605,26,0
1767139920000,3,1.14875,1,0.0002047462121950744,0.0,1.0,0.41379312,0,0,0,1,25755.0,25633.0,1.1176470588235294,1.2941176470588236,33,0
1767142440000,3,1.1404166,1,0.00022450633010239442,0.0,1.0,0.44347826,1,0,0,1,25755.0,25606.0,0.0625,2.125,6,0
1767143400000,3,1.1375,1,0.00035160370355901083,1.0,0.0,0.088709675,10,0,0,1,25755.0,25588.0,0.6814159292035398,1.1946902654867257,308,0
1767161940000,2,0.94625,1,0.00012702383162502566,0.0,1.0,0.0,1,0,0,1,25635.5,25582.5,0.037037037037037035,1.4074074074074074,8,0
1767162720000,2,0.944375,1,0.00015636605292990892,0.0,1.0,0.08108108,5,0,0,1,25635.5,25577.0,0.5,1.1029411764705883,39,0
1767165900000,2,0.935,1,0.00020522242201547963,1.0,0.0,0.026666667,6,0,0,1,25635.5,25576.75,0.8082191780821918,1.643835616438356,66,0
1767170160000,2,1.4935417,1,7.825644637477012e-05,0.0,1.0,0.5326087,1,0,1,0,25635.5,25555.0,0.32558139534883723,1.0930232558139534,3,0
1767170520000,2,1.491875,1,0.0001760305119554056,0.0,1.0,0.057971016,2,0,1,0,25635.5,25552.25,4.246153846153846,0.7846153846153846,274,1
1767182520000,2,1.4629166,-1,5.85600093696015e-05,1.0,0.0,0.17333333,2,0,1,0,25552.25,25616.25,0.08064516129032258,1.2258064516129032,16,0
1767183780000,2,1.45875,-1,6.829068417509731e-05,0.0,1.0,0.47619048,1,0,1,0,25552.25,25627.5,0.0,1.0,3,0
1767184500000,2,1.4570833,-1,0.0001072992771930509,0.0,1.0,0.7659575,0,0,1,0,25552.25,25632.0,3.6363636363636362,1.2727272727272727,25,0
1767188100000,2,1.3841667,-1,9.744974029644211e-06,0.0,1.0,0.71568626,2,1,1,0,25552.25,25654.5,0.20689655172413793,1.3448275862068966,1,0
1767188160000,2,1.38,-1,5.8466995381107364e-05,0.0,1.0,0.8666667,0,1,1,0,25552.25,25657.0,0.6666666666666666,2.8333333333333335,1,0
1767188220000,2,1.3797916,-1,3.8973059872363226e-05,0.0,1.0,0.8095238,0,1,1,0,25552.25,25659.75,3.25,1.25,1,0
1767188280000,2,1.3795834,-1,2.9229225328098056e-05,0.0,1.0,0.8333333,0,1,1,0,25552.25,25660.0,1.6666666666666667,4.0,1,0
1767189240000,2,1.3791667,-1,0.00022367883609203897,0.0,1.0,0.7657658,1,1,1,0,25552.25,25715.0,0.3076923076923077,1.25,7,0
1767196800000,3,0.95104164,1,0.00015657722192863994,0.0,1.0,0.18691589,4,1,1,0,25718.25,25542.5,3.2413793103448274,1.2988505747126438,214,0
1767206340000,2,0.9927083,-1,9.765529633499673e-05,0.0,1.0,0.4857143,4,1,0,0,25552.25,25608.25,0.0,5.055555555555555,1,0
1767206760000,2,0.9916667,-1,0.0003025128080019517,0.0,1.0,0.52747256,6,1,0,0,25552.25,25626.5,0.09302325581395349,1.1395348837209303,2,0
1767207540000,2,0.99,-1,7.804725761448558e-05,1.0,0.0,0.1780822,4,1,0,0,25552.25,25629.75,0.05,1.3333333333333333,4,0
1767209760000,3,0.905625,1,5.871013826237561e-05,0.0,1.0,0.42741936,1,1,0,0,25718.25,25535.25,0.5915492957746479,1.1830985915492958,17,0
1767211380000,3,0.9014583,1,0.00011759172154280339,0.0,1.0,0.70186335,1,1,0,0,25634.75,25505.75,0.7083333333333334,1.6458333333333333,5,0
1767314460000,1,1.0,-1,0.00011762284235598553,1.0,1.0,0.14814815,12,0,0,1,25449.25,25508.25,0.2826086956521739,1.0869565217391304,16,0
1767327960000,2,0.59479165,-1,0.00015604732135019944,0.0,1.0,0.0,1,0,0,1,25449.25,25637.25,1.3255813953488371,1.627906976744186,87,0
1767335280000,2,0.57645833,-1,0.0,1.0,0.0,0.5,15,0,0,1,25449.25,25644.25,0.782608695652174,1.7826086956521738,12,0
1767344580000,3,0.9891667,-1,0.00016522981523418897,0.0,1.0,0.44827586,2,0,1,0,25623.75,25726.0,0.16666666666666666,1.1666666666666667,5,0
1767345300000,3,0.98583335,-1,7.771970388792819e-05,0.0,1.0,0.5048544,3,0,1,0,25623.75,25738.75,1.4313725490196079,1.411764705882353,107,0
1767351960000,3,0.96208334,-1,0.00011654558874946584,0.0,1.0,0.47916666,4,0,1,0,25623.75,25744.0,15.96,3.6,221,0
1767366420000,3,0.5152083,-1,0.0004361775339491514,1.0,1.0,0.0990566,17,1,1,0,25638.0,25803.5,0.8691099476439791,0.060209424083769635,5,1
1767367920000,2,1.4975,1,0.0005888761299060743,1.0,0.0,0.72716486,7,1,1,0,25738.75,25457.25,1.5478260869565217,1.2565217391304349,20,0
1767370380000,2,1.4891666,1,0.001065877128053294,0.0,1.0,0.6946183,1,1,1,0,25738.75,25294.0,1.1844262295081966,1.1844262295081966,156,0
1767569400000,3,0.38229167,-1,8.836958122637341e-05,0.0,1.0,0.1509434,3,0,0,0,25366.0,25463.5,3.2888888888888888,1.488888888888889,30,0
1767571620000,1,1.0,-1,0.00016683022571148184,0.0,1.0,0.44444445,2,0,0,1,25406.0,25479.25,1.309090909090909,1.0363636363636364,14,0
1767588720000,2,1.490625,-1,6.866851744670833e-05,0.0,1.0,0.47058824,0,0,0,1,25448.5,25489.25,0.2777777777777778,1.5,5,0
1767589080000,2,1.488125,-1,8.827250703728042e-05,0.0,1.0,0.2580645,1,0,0,1,25448.5,25491.5,3.4782608695652173,1.7391304347826086,58,0
1767594240000,2,1.4508333,-1,9.804690563965801e-05,0.0,1.0,0.21666667,2,0,0,1,25448.5,25504.5,2.0638297872340425,1.2340425531914894,27,0
1767601500000,2,0.9975,-1,3.913587977457733e-05,0.0,1.0,0.72888887,2,0,1,0,25448.5,25556.0,2.9836065573770494,1.1147540983606556,143,0
1767621540000,2,0.988125,-1,0.0002442813730567417,0.0,1.0,0.07462686,2,1,1,0,25448.5,25591.5,0.04838709677419355,1.096774193548387,1,0
1767621900000,2,0.9875,-1,3.903886318830396e-05,0.0,1.0,0.6484848,1,1,1,0,25448.5,25616.5,0.6379310344827587,1.293103448275862,13,0
1767623220000,2,0.98375,-1,0.0001755840608691411,0.0,1.0,0.7,1,1,1,0,25448.5,25637.0,1.6666666666666667,2.3,2,0
1767623520000,2,0.9814583,-1,0.0006138555977784274,1.0,0.0,0.13081396,2,1,1,0,25448.5,25673.25,0.802675585284281,1.1438127090301002,56,0
1767669000000,2,0.94,-1,1.951219512195122e-05,1.0,0.0,0.5744681,6,0,0,1,25552.25,25627.0,0.25,1.25,3,0
1767672900000,2,0.9995833,-1,8.776377891328938e-05,0.0,1.0,0.6981132,1,0,0,1,25552.25,25639.25,0.0625,1.125,3,0
1767673140000,2,0.99625,-1,2.9252310932563673e-05,0.0,1.0,0.21428572,1,0,0,1,25552.25,25639.75,1.1818181818181819,1.7272727272727273,10,0
1767673980000,2,0.99395835,-1,0.000156000156000156,0.0,1.0,0.15789473,1,0,0,1,25552.25,25645.75,0.6875,1.21875,25,0
1767675780000,2,0.98791665,-1,9.748108866879825e-05,0.0,1.0,0.31034482,2,0,0,1,25616.5,25649.5,0.85,1.3,10,0
1767680400000,2,0.99916667,-1,9.742315748453407e-06,0.0,1.0,0.73333335,2,0,0,1,25616.5,25661.5,0.125,1.25,2,0
1767680520000,2,0.99541664,-1,9.741936112382975e-06,0.0,1.0,0.9411765,0,0,0,1,25616.5,25662.5,2.0,7.0,1,0
1767681960000,2,0.9947917,-1,2.9214424135009593e-05,1.0,0.0,0.4918033,11,0,0,1,25616.5,25674.5,6.806451612903226,0.6774193548387096,84,1
1767687420000,2,1.4604167,1,6.838942894826829e-05,0.0,1.0,0.7135135,0,0,1,0,25708.0,25575.5,0.2641509433962264,1.8113207547169812,5,0
1767688620000,2,1.4579166,1,7.834227741000431e-05,0.0,1.0,0.54042554,6,0,1,0,25708.0,25527.0,6.111111111111111,0.46296296296296297,370,1
1767710100000,3,1.46875,-1,0.00021425788858589793,0.0,1.0,0.5103093,5,1,1,0,25552.25,25675.5,0.15789473684210525,1.1473684210526316,1,0
1767710400000,3,1.4675,-1,0.000759952454256708,1.0,0.0,0.10788382,4,1,1,0,25552.25,25679.0,0.30697674418604654,1.2232558139534884,5,0
1767710880000,3,1.4654167,-1,0.00035978568441933506,0.0,1.0,0.23357664,1,1,1,0,25552.25,25719.0,0.29523809523809524,1.5047619047619047,2,0
1767711120000,3,1.4645833,-1,0.0005051191887008723,0.0,1.0,0.53216374,1,1,1,0,25552.25,25749.5,0.2625,1.1625,4,0
1767712140000,3,1.4633334,-1,0.0004173420166354469,1.0,0.0,0.18604651,8,1,1,0,25552.25,25773.0,0.3357142857142857,1.1071428571428572,16,0
1767713220000,3,1.4572917,-1,0.00019399582908967457,0.0,1.0,0.42857143,1,1,1,0,25552.25,25778.75,14.527777777777779,1.3888888888888888,131,0
1767721200000,2,0.541875,-1,0.0001552087072084744,0.0,1.0,0.041666668,1,1,0,0,25552.25,25785.75,1.3478260869565217,1.2028985507246377,65,0
1767725760000,2,0.528125,-1,0.00011628357688282491,1.0,0.0,0.52577317,2,1,0,0,25552.25,25806.0,0.0,1.4565217391304348,4,0
1767726120000,3,1.2625,-1,0.00021313079449347528,0.0,1.0,0.022222223,2,1,0,0,25552.25,25811.25,0.5681818181818182,1.2954545454545454,20,0
1767729240000,3,1.2579167,-1,7.74615838957367e-05,1.0,0.0,0.33870968,11,1,0,0,25552.25,25821.25,0.9512195121951219,1.853658536585366,22,0
1767749100000,2,0.99583334,1,0.00017431050511310816,1.0,0.0,0.10526316,5,0,0,1,25844.75,25811.5,1.5,1.1470588235294117,48,0
1767752460000,2,0.9847917,1,3.874279626132016e-05,1.0,0.0,0.0,8,0,0,1,25842.5,25810.25,0.0,1.032258064516129,6,0
1767753540000,2,0.981875,1,4.844257133168629e-05,1.0,1.0,0.25,7,0,0,1,25842.5,25802.5,0.4,1.1,14,0
1767754500000,2,0.9764583,1,2.9066950876853018e-05,0.0,1.0,0.08695652,2,0,0,1,25842.5,25801.75,2.857142857142857,1.3333333333333333,63,0
1767793200000,2,0.99375,-1,2.9079629719381573e-05,0.0,1.0,0.97115386,0,1,1,0,25727.75,25792.0,7.0,2.0,2,0
1767793320000,2,0.99125,-1,5.8159259438763146e-05,0.0,1.0,0.6,0,1,1,0,25727.75,25792.75,1.8333333333333333,1.6666666666666667,1,0
1767793380000,2,0.99104166,-1,2.9077656728569766e-05,0.0,1.0,0.85714287,0,1,1,0,25727.75,25793.75,42.0,24.0,47,0
1767796980000,3,0.86645836,-1,0.00010633567271813313,0.0,1.0,0.38666666,2,1,1,0,25753.25,25864.25,0.06521739130434782,1.2717391304347827,3,0
1767797280000,3,0.86541665,-1,7.730588974247476e-05,0.0,1.0,0.9322034,0,1,1,0,25753.25,25873.25,12.875,1.875,5,0
1767798000000,3,0.86395836,-1,0.00028024197444966275,1.0,0.0,0.13852814,4,1,1,0,25753.25,25880.0,0.36683417085427134,1.1407035175879396,32,0
1767800280000,3,0.85583335,-1,0.00014481979590063432,1.0,0.0,0.03169014,2,1,1,0,25753.25,25902.0,0.3527272727272727,1.0545454545454545,11,0
1767802440000,3,0.8520833,-1,0.00010607112551106997,0.0,1.0,0.86619717,2,1,1,0,25753.25,25928.75,0.631578947368421,1.263157894736842,1,0
1767850500000,2,1.3058333,1,8.7382882664207e-05,0.0,1.0,0.55813956,1,0,0,1,25844.25,25746.5,1.5263157894736843,1.0526315789473684,6,0
1767851220000,2,1.3039583,1,0.00020389339288314967,0.0,1.0,0.16666667,5,0,0,1,25844.25,25743.25,0.26666666666666666,1.0,5,0
1767851700000,2,1.3016666,1,0.00010681685764226064,0.0,1.0,0.625,1,0,0,1,25844.25,25742.25,1.5555555555555556,3.111111111111111,4,0
1767853200000,2,1.3002083,1,5.841462702260646e-05,0.0,1.0,0.86080587,1,0,0,1,25844.25,25677.0,0.47368421052631576,1.131578947368421,2,0
1767854160000,3,0.77020836,1,8.763985860769478e-05,0.0,1.0,0.3882353,8,0,0,1,25844.25,25671.0,10.365384615384615,1.3653846153846154,484,0
1767883620000,3,0.6666667,1,0.0008002185962994769,0.0,1.0,0.27360776,2,1,1,0,25844.25,25597.5,0.03666666666666667,1.1466666666666667,13,0
1767884880000,3,0.6625,1,0.0005569071137556057,1.0,0.0,0.095132746,5,1,1,0,25844.25,25569.5,1.7188264058679708,0.8606356968215159,1399,1
1767909240000,2,1.4685416,-1,2.913639718736646e-05,1.0,0.0,0.6473988,11,1,0,0,25569.5,25741.75,6.524590163934426,1.0,749,0
1767943680000,2,0.96958333,1,7.795447458684128e-05,0.0,1.0,0.72727275,1,0,0,1,25713.5,25653.5,1.5555555555555556,1.6666666666666667,2,0
1767944400000,2,0.96875,1,0.00015590894917368256,0.0,1.0,0.15476191,10,0,0,1,25713.5,25652.0,2.647887323943662,0.4225352112676056,112,1
1767952140000,2,1.2933333,-1,0.0001555330896648262,0.0,1.0,0.38235295,1,0,1,0,25657.75,25725.75,0.47619047619047616,1.3095238095238095,11,0
1767958260000,3,1.4077083,-1,0.00011651842933157261,0.0,1.0,0.5510204,1,0,1,0,25657.75,25750.0,0.0,1.3636363636363635,1,0
1767958860000,3,1.4058334,-1,7.764502635078082e-05,0.0,1.0,0.42465752,1,0,1,0,25657.75,25762.75,0.09523809523809523,1.3571428571428572,1,0
1767959460000,3,1.40375,-1,4.8521077556090366e-05,1.0,1.0,0.08450704,6,0,1,0,25657.75,25767.0,2.292307692307692,2.246153846153846,99,0
1767966600000,3,1.38125,-1,0.00020356332758186154,1.0,0.0,0.80991733,7,1,1,0,25657.75,25806.0,0.2898550724637681,1.1884057971014492,9,0
1767967800000,3,1.375,-1,0.00028081727510409607,0.0,1.0,0.10852713,7,1,1,0,25657.75,25824.75,4.982608695652174,0.017391304347826087,21,1
1767970080000,3,1.3672917,-1,0.0009994081175226323,1.0,0.0,0.009615385,10,1,1,0,25657.75,25791.0,0.7014563106796117,0.6966019417475728,20,1
1767971400000,2,1.4233333,1,0.0008970796158159036,0.0,1.0,0.12017167,2,1,1,0,25741.75,25615.75,1.5414634146341464,0.09268292682926829,3,1
1767971580000,3,1.3597916,-1,0.0006315646284942528,1.0,0.0,0.32291666,0,1,1,0,25657.75,25746.0,0.4461538461538462,1.353846153846154,1,0
1767971640000,3,1.3595834,-1,0.0001456423799906789,1.0,0.0,0.8717949,0,1,1,0,25657.75,25751.75,1.2666666666666666,3.533333333333333,1,0
1767972600000,3,1.359375,-1,0.0002998326740238512,0.0,1.0,0.890595,0,1,1,0,25657.75,25862.0,0.12280701754385964,1.4210526315789473,1,0
1767973200000,3,1.3560417,-1,0.0005219458916092365,1.0,0.0,0.086419754,6,1,1,0,25657.75,25879.0,1.1261261261261262,1.162162162162162,29,0
1767975300000,3,1.1979166,-1,0.00024139662430960564,0.0,1.0,0.56962025,1,1,1,0,25657.75,25901.5,2.323529411764706,1.6029411764705883,35,0
1767978300000,3,1.1895833,-1,0.00010608237778827886,0.0,1.0,0.84166664,1,1,0,0,25657.75,25926.0,7.578947368421052,1.3157894736842106,29,0
1767980160000,3,1.1804167,-1,0.00019288263091908573,0.0,1.0,0.07936508,2,1,0,0,25657.75,25927.5,0.6206896551724138,1.103448275862069,12,0
1767981540000,3,1.1775,-1,8.676204064319593e-05,0.0,1.0,0.30666667,1,1,0,0,25657.75,25936.0,3.1538461538461537,1.3846153846153846,36,0
1767984180000,3,1.1675,-1,7.705050660708094e-05,0.0,1.0,0.3548387,1,1,0,0,25657.75,25959.75,0.5333333333333333,1.5666666666666667,14,0
1767986400000,3,1.163125,-1,7.702305877822174e-05,0.0,1.0,0.6666667,23,1,0,0,25657.75,25968.25,1.4074074074074074,1.4074074074074074,26,0
1767988560000,3,1.1529167,-1,0.00022143489813994686,1.0,0.0,0.2,6,1,0,0,25657.75,25972.75,0.5666666666666667,1.2333333333333334,11,0
1767989460000,2,1.4985417,-1,0.000125129942632734,0.0,1.0,0.33333334,4,1,0,0,25657.75,25976.25,0.5625,1.6875,10,0
1767991020000,2,1.4954166,-1,0.00021170334587515275,1.0,0.0,0.021276595,12,1,0,0,25657.75,25986.0,13.75,0.11956521739130435,653,1
1768177620000,1,1.0,1,0.00011601825353855674,0.0,1.0,0.69863015,16,0,0,1,25955.75,25855.0,0.022727272727272728,1.5681818181818181,3,0
1768207320000,2,1.9833333,1,0.0001657323909334633,0.0,1.0,0.84615386,2,0,1,0,25955.75,25633.5,0.9166666666666666,1.0833333333333333,1,0
1768207980000,2,1.9785416,1,0.000380150305582361,1.0,0.0,0.05035971,10,0,1,0,25955.75,25632.75,8.916666666666666,0.22727272727272727,443,1
1768222920000,2,0.95208335,-1,6.793478260869565e-05,1.0,0.0,0.171875,7,1,1,0,25657.75,25761.75,0.3018867924528302,1.0,5,0
1768229100000,2,0.99375,-1,0.0006280557326994802,1.0,0.0,0.6991597,2,1,1,0,25657.75,25892.5,0.2849162011173184,1.3631284916201116,5,0
1768230300000,2,0.9895833,-1,0.0004920500154368632,0.0,1.0,0.23376623,14,1,1,0,25657.75,25924.75,0.3050847457627119,1.152542372881356,19,0
1768234740000,1,1.0,-1,0.00031791294965414926,0.0,1.0,0.19607843,3,1,1,0,25657.75,25960.0,2.8292682926829267,1.3902439024390243,35,0
1768238640000,2,0.6352083,-1,0.0003080596095344449,0.0,1.0,0.08421053,13,1,0,0,25657.75,25977.0,0.7701149425287356,1.0919540229885059,38,0
1768241760000,2,0.6245833,-1,0.00025013950087548825,1.0,1.0,0.2682927,9,1,0,0,25657.75,25992.0,0.1,1.0666666666666667,5,0
1768242060000,3,0.645625,-1,6.733035156062136e-05,0.0,1.0,0.7741935,0,1,0,0,25657.75,25993.0,1.0,3.0,1,0
1768242120000,3,0.6454167,-1,0.00019237428340579431,0.0,1.0,0.21428572,0,1,0,0,25657.75,25996.5,0.13636363636363635,1.0909090909090908,1,0
1768242240000,3,0.645,-1,3.8470786246693914e-05,0.0,1.0,0.1764706,0,1,0,0,25657.75,25997.25,9.071428571428571,1.4285714285714286,62,0
1768246080000,3,0.63208336,-1,0.00020193861066235866,0.0,1.0,0.45454547,1,1,0,0,25657.75,26003.25,0.8333333333333334,3.2777777777777777,3,0
1768248120000,3,0.63104165,-1,0.0001057295821759148,0.0,1.0,0.5326087,0,1,0,0,25657.75,26020.5,15.232558139534884,2.813953488372093,989,0
1768311180000,3,1.4810417,-1,0.00028803225961307667,0.0,1.0,0.41232228,1,1,1,0,25861.25,26046.25,5.129032258064516,0.8951612903225806,107,1
1768317960000,2,1.3583333,1,0.00027101320221456504,0.0,1.0,0.888,0,1,1,0,25937.25,25822.0,1.6428571428571428,2.4642857142857144,1,0
1768318380000,3,0.906875,1,0.00016462658816237993,1.0,0.0,0.093023255,6,1,1,0,25937.25,25811.75,0.782051282051282,1.1474358974358974,16,0
1768319400000,3,0.90229166,1,0.00027118118777360244,0.0,1.0,0.08176101,1,1,1,0,25937.25,25806.0,2.719178082191781,0.11643835616438356,43,1
1768321980000,3,1.443125,-1,0.0002699081348383925,0.0,1.0,0.3488372,0,1,1,0,25861.25,25941.75,0.07142857142857142,1.7142857142857142,1,0
1768322220000,3,1.4427084,-1,0.0001734187581290043,0.0,1.0,0.627451,1,1,1,0,25861.25,25953.25,0.7894736842105263,1.0,1,0
1768324260000,3,1.4420834,-1,6.724497343823549e-05,1.0,0.0,0.6830769,15,1,0,0,25861.25,26026.0,5.553398058252427,0.1553398058252427,47,1
1768327560000,2,1.3254167,1,0.0002803747353359179,1.0,0.0,0.025,3,1,0,0,25937.25,25851.0,0.5448717948717948,1.2628205128205128,44,0
1768330380000,3,0.864375,1,0.0003191798046232711,0.0,1.0,0.31460676,1,1,0,0,25937.25,25837.25,0.3770491803278688,1.2295081967213115,3,0
1768331460000,3,0.86333334,1,0.00014520391469754026,0.0,1.0,0.74603176,1,1,0,0,25937.25,25821.5,7.0,1.1875,79,0
1768336800000,3,0.84375,1,0.000154954675757341,0.0,1.0,0.024242423,6,1,0,0,25937.25,25803.25,2.0683229813664594,1.3167701863354038,761,0
1768381920000,2,1.4979167,-1,2.898214699744957e-05,0.0,1.0,0.31914893,2,0,1,0,25846.0,25878.75,3.5625,0.9375,39,1
1768384380000,3,0.676875,1,0.0002418520059205371,0.0,1.0,0.18965517,1,0,1,0,25876.0,25836.0,0.8723404255319149,1.553191489361702,20,0
1768385820000,3,0.6722917,1,6.77572355047914e-05,0.0,1.0,0.62666667,1,0,1,0,25876.0,25822.0,0.17857142857142858,2.2142857142857144,2,0
1768387140000,3,0.67104167,1,0.00034956547069961647,0.0,1.0,0.71348315,5,0,1,0,25876.0,25737.25,0.17647058823529413,1.0784313725490196,8,0
1768387680000,3,0.665,1,9.709869110964384e-06,0.0,1.0,0.18181819,0,0,1,0,25876.0,25740.25,0.0,2.7037037037037037,1,0
1768388040000,3,0.66479164,1,0.00017498833411105927,0.0,1.0,0.5106383,2,0,1,0,25876.0,25711.5,2.3333333333333335,1.4782608695652173,67,0
1768392420000,2,1.9997916,1,0.00012632397240307065,0.0,1.0,0.13068181,5,0,1,0,25876.0,25701.0,1.7908496732026145,1.7124183006535947,144,0
1768401180000,2,1.9685416,1,0.0006422670079115618,0.0,1.0,0.025157232,1,1,1,0,25876.0,25668.0,0.5903225806451613,1.2,8,0
1768403460000,2,1.96625,1,0.00024472136025920885,1.0,0.0,0.43362832,11,1,1,0,25876.0,25533.0,1.025,1.121875,35,0
1768406520000,3,0.90291667,1,0.00022570926683742064,1.0,0.0,0.43925235,11,1,1,0,25876.0,25469.5,1.7222222222222223,1.1555555555555554,48,0
1768420920000,2,0.9995833,-1,0.0007248790235683639,1.0,0.0,0.70866144,0,1,0,0,25421.25,25540.0,0.6486486486486487,1.0,2,0
1768421040000,2,0.99916667,-1,0.0002546672674202206,1.0,0.0,0.083333336,0,1,0,0,25421.25,25540.0,0.30303030303030304,2.303030303030303,1,0
1768421700000,2,0.99895835,-1,0.00024430285736621975,1.0,0.0,0.30564785,7,1,0,0,25421.25,25593.75,0.41148325358851673,1.1004784688995215,17,0
1768423260000,2,0.99333334,-1,0.00012679092177000128,0.0,1.0,0.78074867,1,1,0,0,25421.25,25636.0,6.073170731707317,1.7804878048780488,18,0
1768439640000,2,1.4995834,-1,0.00012678968517145867,1.0,1.0,0.39583334,9,0,0,1,25462.25,25643.5,2.7241379310344827,1.1954022988505748,273,0
1768459560000,3,0.971875,-1,6.80377901325765e-05,0.0,1.0,0.89171976,2,0,0,1,25462.25,25722.75,4.794117647058823,1.3529411764705883,84,0
1768464780000,2,0.99791664,-1,0.00010688639919155014,0.0,1.0,0.31355932,1,0,1,0,25562.5,25747.5,1.1481481481481481,1.4320987654320987,50,0
1768485120000,2,1.14375,-1,0.00029912674289573986,0.0,1.0,0.6904762,2,1,1,0,25673.5,25916.5,0.32051282051282054,1.0769230769230769,13,0
1768487640000,2,1.0829166,-1,0.00024087795195930125,1.0,0.0,0.10452962,6,1,1,0,25673.5,25953.0,0.556420233463035,1.0194552529182879,11,0
1768488360000,3,0.865625,-1,0.0010518595719221046,0.0,1.0,0.13084112,1,1,1,0,25673.5,25954.25,5.172043010752688,0.6881720430107527,1413,1
1768504860000,2,1.499375,1,0.0006579329295431236,0.0,1.0,0.56962025,16,1,0,0,25926.0,25821.5,0.029411764705882353,1.2058823529411764,2,0
1768505040000,2,1.4952084,1,0.00024199481163123863,0.0,1.0,0.33333334,1,1,0,0,25926.0,25818.0,0.0625,1.40625,1,0
1768507320000,2,1.4947916,1,0.00042731722476886024,0.0,1.0,0.7539267,2,1,0,0,25926.0,25731.0,0.7340425531914894,1.2765957446808511,15,0
1768537200000,2,0.99666667,-1,0.00011624865587491645,0.0,1.0,0.4528302,2,0,0,1,25694.0,25810.0,1.1724137931034482,1.103448275862069,34,0
1768540200000,2,0.98875,-1,4.842568110720477e-05,0.0,1.0,0.2857143,2,0,0,1,25694.0,25814.0,0.88,1.44,10,0
1768544760000,2,0.9947917,-1,9.682979259058427e-05,0.0,1.0,0.125,1,0,0,1,25694.0,25821.0,2.2857142857142856,1.7857142857142858,21,0
1768546140000,2,0.9902083,-1,1.936239629016487e-05,0.0,1.0,0.7368421,2,0,0,1,25694.0,25823.75,4.2,1.6,5,0
1768546620000,2,0.98875,-1,3.8720294274236484e-05,0.0,1.0,0.61904764,1,0,0,1,25694.0,25827.25,5.0,2.125,28,0
1768552920000,2,0.979375,1,0.0002615924196329955,0.0,1.0,0.05172414,1,0,1,0,25926.0,25795.25,5.9818181818181815,1.1818181818181819,371,0
1768573800000,2,1.4691666,-1,0.0001448841409819281,0.0,1.0,0.92537314,0,1,1,0,25810.0,25886.5,6.066666666666666,2.2666666666666666,1,0
1768573860000,2,1.4685416,-1,0.0003286325984206304,0.0,1.0,0.152,0,1,1,0,25810.0,25891.25,2.1792452830188678,0.5943396226415094,18,1
1768575000000,2,1.4522916,1,0.0005421943379419852,0.0,1.0,0.55789477,1,1,1,0,25873.5,25807.0,0.38095238095238093,1.6666666666666667,2,0
1768575780000,2,1.4516667,1,0.0001847117039168603,0.0,1.0,0.6547619,2,1,1,0,25873.5,25711.0,0.503448275862069,1.0482758620689656,11,0
1768576860000,2,1.3085417,1,0.0003505184752446327,0.0,1.0,0.28873238,2,1,1,0,25873.5,25667.25,1.4554455445544554,1.1782178217821782,8,0
1768578540000,2,1.3064584,1,8.784944557238794e-05,1.0,0.0,0.5964467,6,1,1,0,25873.5,25590.25,3.10062893081761,5.534591194968553,371,0
1768778340000,3,1.025,1,0.0003934026377646862,0.0,1.0,0.82636654,1,0,0,0,25748.25,25403.5,1.462962962962963,1.0648148148148149,56,0
1768782120000,3,0.246875,1,0.0008758549426757861,0.0,1.0,0.33510637,5,0,0,1,25559.0,25381.5,0.192,1.208,8,0
1768783080000,3,0.24354167,1,3.9368916272157316e-05,1.0,1.0,0.13333334,7,0,0,1,25559.0,25388.75,0.37362637362637363,1.0604395604395604,78,0
1768788000000,3,0.22583333,1,0.0003149978343898886,1.0,0.0,0.18589744,4,0,0,1,25559.0,25386.0,0.10236220472440945,1.1811023622047243,83,0
1768793940000,3,0.20770833,1,0.0009751484885198428,1.0,0.0,0.067567565,15,0,0,1,25559.0,25356.0,0.8333333333333334,1.1884057971014492,211,0
1768806720000,2,0.98541665,1,0.00045345215094042034,0.0,1.0,0.036697246,2,0,0,1,25419.25,25349.5,0.3619047619047619,1.1428571428571428,22,0
1768808400000,2,0.98020834,1,9.867285016527702e-05,0.0,1.0,0.8795181,0,0,0,1,25419.25,25333.75,4.0,4.4,4,0
1768808760000,2,0.97833335,1,0.00011844481951970625,0.0,1.0,0.13636364,2,0,0,1,25419.25,25325.25,4.982456140350878,1.3157894736842106,93,0
1768814520000,2,0.99604166,1,0.00027637670144406825,0.0,1.0,0.11570248,3,0,1,0,25419.25,25320.75,0.0,1.7476635514018692,3,0
1768814820000,2,0.9947917,1,6.910031391285463e-05,0.0,1.0,0.10135135,1,0,1,0,25419.25,25299.0,0.15789473684210525,1.1278195488721805,7,0
1768816020000,2,0.9927083,1,0.000257120253164557,1.0,0.0,0.3576159,4,0,1,0,25419.25,25271.75,0.5051546391752577,1.4123711340206186,10,0
1768816680000,2,0.988125,1,0.0006822833750284285,0.0,1.0,0.2,1,0,1,0,25419.25,25261.75,0.08695652173913043,1.184782608695652,4,0
1768834140000,2,0.96770835,1,0.0001287664177182591,1.0,0.0,0.14634146,4,1,1,0,25419.25,25236.25,6.038095238095238,0.12380952380952381,337,1
1768873140000,3,0.9820833,-1,0.00024586214018075786,0.0,1.0,0.3432836,2,0,0,1,25257.5,25427.0,0.22727272727272727,1.3181818181818181,7,0
1768873920000,3,0.97791666,-1,9.831005023643567e-05,0.0,1.0,0.13333334,5,0,0,1,25257.5,25432.25,0.4230769230769231,1.2115384615384615,11,0
1768874640000,3,0.974375,-1,4.9147294441441e-05,0.0,1.0,0.01923077,1,0,0,1,25257.5,25435.0,2.411764705882353,1.2941176470588236,44,0
1768877940000,3,0.96479166,-1,5.898661003952103e-05,1.0,0.0,0.021276595,8,0,0,1,25257.5,25435.25,14.543478260869565,0.6739130434782609,261,1
1768890600000,2,0.99854165,1,0.0003952139589570304,0.0,1.0,0.81931466,2,0,0,1,25418.0,25292.75,0.3448275862068966,1.9655172413793103,2,0
1768891740000,3,1.4683334,1,0.00019785720645410206,0.0,1.0,0.5120482,1,0,0,1,25418.0,25259.75,2.0,1.1604938271604939,31,0
1768894080000,3,1.4583334,1,0.0006330491206552059,1.0,1.0,0.011111111,8,0,0,1,25418.0,25256.5,0.011235955056179775,1.2078651685393258,34,0
1768896900000,2,1.2495834,1,3.961611979914627e-05,0.0,1.0,0.51707315,8,0,1,0,25418.0,25227.75,0.1111111111111111,1.0707070707070707,5,0
1768897380000,3,1.295625,1,3.964163957821296e-05,0.0,1.0,0.041666668,2,0,1,0,25418.0,25225.0,0.08695652173913043,1.2347826086956522,7,0
1768898400000,3,1.29375,1,0.0003773397547291594,0.0,1.0,0.76428574,1,0,1,0,25418.0,25166.75,2.621212121212121,1.621212121212121,37,0
1768900620000,3,1.2839583,1,0.00021858357841189095,0.0,1.0,0.78,0,0,1,0,25418.0,25156.5,1.0,1.0,1,0
1768900680000,3,1.28375,1,0.00024835094969403163,0.0,1.0,0.13636364,0,0,1,0,25418.0,25156.5,0.5263157894736842,2.1842105263157894,3,0
1768900920000,3,1.2829167,1,0.00011918951132300358,0.0,1.0,0.06837607,0,0,1,0,25418.0,25142.75,0.44036697247706424,1.201834862385321,4,0
1768901280000,3,1.2820834,1,0.00031814837644906645,0.0,1.0,0.5724138,0,0,1,0,25418.0,25130.0,0.1935483870967742,1.0483870967741935,2,0
1768901640000,3,1.28125,1,0.0007066645433553627,0.0,1.0,0.8926554,1,0,1,0,25418.0,25100.25,5.2105263157894735,1.0,3,0
1768902300000,3,1.2797917,1,0.00044773891846176805,1.0,0.0,0.05,8,0,1,0,25418.0,25100.25,0.022556390977443608,1.150375939849624,5,0
1768903500000,3,1.276875,1,0.0005471547950656586,0.0,1.0,0.34042552,0,0,1,0,25418.0,25106.75,12.580645161290322,0.43010752688172044,365,1
1768919460000,2,0.99375,-1,0.0010181487485666839,0.0,1.0,0.33827892,1,1,1,0,25095.25,25316.75,0.3632286995515695,1.5426008968609866,3,0
1768919760000,2,0.99291664,-1,0.0004148230088495575,0.0,1.0,0.18153846,1,1,1,0,25095.25,25357.25,0.6917293233082706,1.1766917293233083,15,0
1768921320000,2,0.989375,-1,0.00039433731614022633,1.0,0.0,0.22727273,11,1,1,0,25181.5,25369.0,0.5032679738562091,1.0457516339869282,29,0
1768925640000,3,1.2979167,-1,0.00026552327754066437,0.0,1.0,0.23333333,3,1,1,0,25181.5,25428.25,2.2956521739130435,1.0608695652173914,26,0
1768927320000,3,1.2916666,-1,0.00020660343945535397,1.0,0.0,0.026923077,2,1,1,0,25181.5,25430.0,2.984189723320158,0.7470355731225297,131,1
1768935300000,2,1.4514583,1,0.0002184598580010923,0.0,1.0,0.09756097,1,1,0,0,25418.0,25170.75,0.963963963963964,1.1531531531531531,23,0
1768937940000,2,1.44625,1,0.0001492136440956161,1.0,0.0,0.40611354,3,1,0,0,25418.0,25128.0,0.5220588235294118,1.3308823529411764,35,0
1768958220000,2,0.9920833,-1,1.9838514492034837e-05,0.0,1.0,0.89403975,1,0,0,1,25095.25,25204.0,0.125,1.1875,1,0
1768965420000,2,0.99645835,-1,0.00012885703807229872,0.0,1.0,0.76363635,0,0,0,1,25095.25,25225.0,1.1538461538461537,1.7692307692307692,2,0
1768965540000,2,0.99604166,-1,0.00012886214723987192,0.0,1.0,0.035714287,0,0,0,1,25095.25,25227.5,5.666666666666667,1.3703703703703705,172,0
1768975980000,2,1.4852084,-1,4.955106732999029e-05,0.0,1.0,0.8064516,1,0,0,1,25099.0,25230.25,13.333333333333334,3.8333333333333335,20,0
1768977600000,2,1.480625,-1,0.0002675625055742189,0.0,1.0,0.07954545,7,0,0,1,25099.0,25234.5,1.1111111111111112,1.0123456790123457,34,0
1768981200000,2,1.4704167,-1,3.961062753136667e-05,1.0,0.0,0.0625,17,0,0,1,25099.0,25246.75,10.5,0.2833333333333333,249,1
1768997400000,3,1.4022917,1,0.00039942482824732386,0.0,1.0,0.50974023,10,0,1,0,25227.5,25026.0,4.3907284768211925,0.8344370860927153,131,1
1769005920000,2,1.383125,-1,0.0001881020503123484,1.0,0.0,0.06993007,7,1,1,0,25026.0,25257.0,0.2882205513784461,1.0300751879699248,19,0
1769008200000,2,1.3766667,-1,0.0002072375238076441,1.0,0.0,0.5294118,8,1,1,0,25040.0,25342.0,0.15,1.2,5,0
1769009700000,3,1.005625,-1,3.931126660901014e-05,0.0,1.0,0.9722222,0,1,1,0,25040.0,25439.0,4.25,11.5,1,0
1769010180000,3,1.105,-1,0.00015712924862757422,0.0,1.0,0.60583943,1,1,1,0,25040.0,25460.75,0.42592592592592593,1.6296296296296295,2,0
1769011200000,3,1.103125,-1,5.885468777588135e-05,0.0,1.0,0.47916666,6,1,1,0,25040.0,25488.0,1.2,1.4533333333333334,12,0
1769024400000,2,0.96729165,-1,0.0002449995590007938,0.0,1.0,0.88601035,1,1,0,0,25040.0,25522.5,1.9545454545454546,2.090909090909091,1,0
1769024940000,2,0.9664583,-1,0.0003905029678225555,0.0,1.0,0.9502165,1,1,0,0,25040.0,25621.75,0.8260869565217391,4.478260869565218,1,0
1769026020000,2,0.96458334,-1,0.0005561898070899564,1.0,1.0,0.25519288,7,1,0,0,25040.0,25653.25,2.306772908366534,1.2151394422310757,680,0
1769059020000,2,1.4852084,1,0.0001271294177472667,0.0,1.0,0.54545456,1,0,0,1,25602.75,25561.25,0.8666666666666667,1.0,1,0
1769061240000,2,1.48375,1,7.832156878102269e-05,0.0,1.0,0.8109756,0,0,0,1,25602.75,25528.0,1.6129032258064515,1.6129032258064515,14,0
1769069940000,3,1.4995834,-1,0.0002242764646228255,0.0,1.0,0.65700483,1,0,1,0,25445.75,25643.75,0.323943661971831,1.0422535211267605,7,0
1769070600000,3,1.4945834,-1,0.00011691804045364199,0.0,1.0,0.2521739,2,0,1,0,25445.75,25669.0,0.3372093023255814,1.2209302325581395,10,0
1769071260000,3,1.4916667,-1,0.00011686452479962604,0.0,1.0,0.4642857,1,0,1,0,25445.75,25673.75,1.3333333333333333,1.4333333333333333,8,0
1769072400000,3,1.4897916,-1,0.00012643823492224047,1.0,0.0,0.29192546,8,0,1,0,25445.75,25707.5,0.02631578947368421,1.0526315789473684,15,0
1769073660000,3,1.4841666,-1,0.00011668044144100345,0.0,1.0,0.23404256,3,0,1,0,25445.75,25715.75,5.305555555555555,3.0277777777777777,266,0
1769090520000,2,0.96520835,-1,0.00012628347726411704,0.0,1.0,0.20491803,3,1,1,0,25659.0,25739.75,3.3917525773195876,0.9484536082474226,33,1
1769092620000,2,0.98020834,1,0.0007309371588959925,0.0,1.0,0.027624309,2,1,1,0,25718.068,25633.25,0.39204545454545453,1.4772727272727273,6,0
1769094900000,2,0.97833335,1,0.0007336685383366267,1.0,0.0,0.65995973,9,1,1,0,25739.75,25534.75,4.201183431952662,0.9349112426035503,1387,1
1769148540000,3,1.4241667,-1,6.801531316193474e-05,0.0,1.0,0.05882353,4,0,0,1,25584.25,25731.25,0.4166666666666667,1.0416666666666667,11,0
1769149320000,3,1.4208333,-1,5.830167228630008e-05,0.0,1.0,0.16666667,2,0,0,1,25584.25,25731.75,38.86666666666667,0.7333333333333333,153,1
1769158860000,2,1.3510417,1,0.0002930517431694523,1.0,1.0,0.04597701,5,0,1,0,25721.25,25580.5,0.1746987951807229,1.2891566265060241,35,0
1769161080000,2,1.38,1,0.0005179473648206241,0.0,1.0,0.5890411,2,0,1,0,25721.25,25568.5,0.4,1.5333333333333334,2,0
1769161620000,2,1.3789583,1,0.00023485434138035638,0.0,1.0,0.42857143,1,0,1,0,25721.25,25540.0,8.776315789473685,0.7368421052631579,333,1
1769181900000,3,1.3083333,-1,0.0003494365335895868,0.0,1.0,0.90348524,0,1,1,0,25556.75,25764.75,2.361111111111111,2.0555555555555554,9,0
1769184300000,3,1.3054167,-1,4.837086912777649e-05,0.0,1.0,0.76704544,1,1,1,0,25556.75,25845.5,20.75609756097561,0.35365853658536583,355,1
1769203260000,2,0.9714583,1,0.0003114961549693371,0.0,1.0,0.13043478,1,1,0,0,25775.0,25672.0,0.225,14.625,39,0
1769383560000,3,1.075,1,0.0028756219882030798,0.0,1.0,0.31937173,26,0,0,0,25775.0,25399.5,1.896153846153846,0.28076923076923077,908,1
1769386200000,1,1.0,-1,0.00019540600482652833,0.0,1.0,0.25396827,1,0,0,1,25556.75,25596.5,1.1702127659574468,1.9787234042553192,18,0
1769406300000,2,1.4679166,-1,6.815902474172598e-05,0.0,1.0,0.140625,11,0,0,1,25598.0,25677.0,0.34545454545454546,1.2181818181818183,15,0
1769421120000,2,1.4272916,1,0.00013677484905918444,0.0,1.0,0.79746836,1,0,1,0,25775.0,25586.0,2.5,1.9375,2,0
1769421300000,2,1.42625,1,0.0003906440744176962,1.0,0.0,0.028985508,1,0,1,0,25775.0,25582.25,4.7835820895522385,0.31343283582089554,279,1
1769437800000,3,1.4691666,-1,0.00044717936753283367,0.0,1.0,0.22421524,0,1,1,0,25598.0,25760.0,0.03468208092485549,1.069364161849711,1,0
1769438220000,3,1.4685416,-1,8.722367056588778e-05,0.0,1.0,0.8429003,1,1,1,0,25598.0,25798.0,1.3076923076923077,3.25,4,0
1769438520000,3,1.4664583,-1,0.0003970252159429833,0.0,1.0,0.32984293,1,1,1,0,25598.0,25827.25,0.15625,1.2421875,3,0
1769438820000,3,1.465625,-1,0.00036785347815143947,0.0,1.0,0.43820226,2,1,1,0,25598.0,25835.0,1.74,1.42,6,0
1769440140000,3,1.46375,-1,0.00016444345563412297,1.0,0.0,0.13286713,11,1,1,0,25598.0,25853.5,0.6290322580645161,1.3870967741935485,8,0
1769440920000,3,1.4589584,-1,0.0001255626171112871,0.0,1.0,0.8781726,1,1,1,0,25598.0,25886.75,7.958333333333333,2.1666666666666665,30,0
1769442840000,3,1.4516667,-1,0.000173808926053958,0.0,1.0,0.62068963,1,1,1,0,25598.0,25895.75,0.12121212121212122,1.3636363636363635,1,0
1769443500000,3,1.4510417,-1,0.0002413826397605484,0.0,1.0,0.51937985,10,1,1,0,25598.0,25898.75,2.096774193548387,1.0806451612903225,20,0
1769452380000,2,0.99333334,-1,0.0002796474513509865,0.0,1.0,0.12765957,1,1,0,0,25598.0,25932.75,8.658536585365853,1.1219512195121952,390,0
1769457840000,2,0.9875,1,0.0002898018721200939,1.0,0.0,0.016393442,4,1,0,0,25932.5,25871.25,0.55,1.1333333333333333,11,0
1769458800000,2,0.984375,1,0.0002125809256933037,0.0,1.0,0.6438356,2,1,0,0,25932.5,25866.75,4.346153846153846,1.0,30,0
1769461020000,2,0.9770833,1,0.00022245434849891673,0.0,1.0,0.8306011,0,1,0,0,25932.5,25840.25,1.096774193548387,1.2258064516129032,3,0
1769479380000,3,0.924375,-1,4.820159836500178e-05,0.0,1.0,0.82758623,0,0,0,1,25833.75,25934.0,1.2,1.0,1,0
1769479440000,3,0.9241667,-1,2.8920401415171642e-05,0.0,1.0,0.72727275,0,0,0,1,25833.75,25934.0,0.0,8.666666666666666,1,0
1769480340000,3,0.92395836,-1,6.742698620636511e-05,0.0,1.0,0.8651685,1,0,0,1,25833.75,25955.75,1.4166666666666667,1.3333333333333333,5,0
1769480940000,3,0.92,-1,3.852710863681458e-05,1.0,0.0,0.18421052,5,0,0,1,25833.75,25956.75,0.7096774193548387,1.4193548387096775,7,0
1769482020000,3,0.91729164,-1,5.777619428208264e-05,1.0,0.0,0.121212125,6,0,0,1,25833.75,25963.75,0.0,1.206896551724138,6,0
1769483040000,3,0.9139583,-1,9.624639076034648e-05,0.0,1.0,0.9625,1,0,0,1,25833.75,25977.5,19.666666666666668,3.6666666666666665,54,0
1769487120000,3,0.9004167,-1,0.00015385946860786028,0.0,1.0,0.552,1,0,0,1,25833.75,26003.0,1.2321428571428572,1.125,99,0
1769501640000,2,0.9975,1,0.00024049792690787006,0.0,1.0,0.5138889,1,0,1,0,26028.25,25981.5,1.4857142857142858,1.1714285714285715,9,0
1769502300000,2,0.9952083,1,0.0001539719963431651,0.0,1.0,0.35416666,1,0,1,0,26028.25,25974.75,0.7419354838709677,1.1290322580645162,6,0
1769503680000,2,0.99354166,1,4.812504812504813e-05,1.0,0.0,0.0,8,0,1,0,26028.25,25967.0,0.5616438356164384,1.0,70,0
1769513880000,2,1.4679166,-1,0.0001920952792585122,0.0,1.0,0.4117647,2,0,1,0,25967.0,26033.75,0.5,1.3,7,0
1769514360000,2,1.465625,-1,0.0001920860545524395,0.0,1.0,0.05263158,1,0,1,0,25967.0,26036.75,0.3333333333333333,1.2222222222222223,4,0
1769514960000,2,1.4645833,-1,0.0001344176355937899,0.0,1.0,0.20754717,4,0,1,0,25967.0,26043.5,7.380952380952381,0.3333333333333333,154,1
1769524260000,2,0.95625,1,0.0010007120451090198,0.0,1.0,0.21463415,1,1,1,0,26043.5,25955.5,0.4161490683229814,1.2173913043478262,4,0
1769524800000,2,0.955,1,0.00011570614496051528,0.0,1.0,0.21556886,2,1,1,0,26043.5,25917.25,3.3893129770992365,0.19083969465648856,15,1
1769526000000,2,0.9760417,-1,0.0005182839044054132,0.0,1.0,0.38333333,0,1,1,0,25967.0,26066.0,1.3783783783783783,1.3108108108108107,9,0
1769544900000,2,0.97229165,-1,5.7448703095527616e-05,0.0,1.0,0.28947368,1,1,0,0,25967.0,26111.75,0.0,1.3333333333333333,2,0
1769545800000,2,0.9714583,-1,2.8722976466307948e-05,0.0,1.0,0.1570248,12,1,0,0,25967.0,26114.5,1.0980392156862746,1.0294117647058822,75,0
1769550780000,2,1.490625,-1,0.00017231806084742194,1.0,0.0,0.11904762,5,1,0,0,25967.0,26119.0,0.21621621621621623,2.945945945945946,7,0
1769554800000,2,1.4875,-1,0.00015306317682623502,0.0,1.0,0.8545455,0,0,0,0,26061.0,26137.0,1.75,1.4375,2,0
1769554980000,2,1.474375,-1,0.00012431269423858474,0.0,1.0,0.7346939,0,0,0,0,26061.0,26147.0,4.6923076923076925,1.6153846153846154,63,0
1769561160000,1,1.0,-1,1.9078690057140677e-05,0.0,1.0,0.86764705,2,0,0,1,26061.0,26207.75,0.4722222222222222,1.0555555555555556,12,0
1769571000000,2,0.994375,1,8.588277954844743e-05,0.0,1.0,0.13725491,2,0,0,1,26228.5,26196.25,0.25,1.1590909090909092,13,0
1769572260000,2,0.99104166,1,0.00012404935255780222,1.0,0.0,0.040816326,5,0,0,1,26228.5,26190.25,2.5106382978723403,0.5531914893617021,79,1
1769574660000,2,1.4979167,-1,3.8131190360435075e-05,0.0,1.0,0.65,2,0,0,1,26061.0,26227.25,3.0,1.0714285714285714,33,0
1769577120000,2,1.4866667,-1,0.0001334451730974531,0.0,1.0,0.42857143,2,0,0,1,26190.25,26231.5,0.2,1.0,4,0
1769577960000,2,1.4841666,-1,1.906014428529224e-05,1.0,0.0,0.11111111,3,0,0,1,26190.25,26233.25,0.0,1.2083333333333333,4,0
1769580900000,2,1.48125,-1,0.00017108802478875383,0.0,1.0,0.9207921,2,0,0,1,26190.25,26306.75,0.20833333333333334,2.0833333333333335,3,0
1769609520000,2,1.4483334,1,0.00010476789149856182,0.0,1.0,0.5,1,1,1,0,26326.75,26245.75,0.2413793103448276,1.4827586206896552,2,0
1769610720000,2,1.4470834,1,0.0008380313880847174,1.0,0.0,0.028037382,2,1,1,0,26326.75,26230.0,0.1346153846153846,1.3173076923076923,4,0
1769611500000,2,1.4422916,1,0.00019068503599180053,1.0,0.0,0.15168539,8,1,1,0,26326.75,26216.25,0.06622516556291391,1.0264900662251655,27,0
1769613360000,2,1.4347917,1,0.0003430433663989023,0.0,1.0,0.17021276,1,1,1,0,26326.75,26207.25,0.10256410256410256,1.0320512820512822,17,0
1769614380000,2,1.430625,1,0.0002193087008343266,0.0,1.0,0.12068965,0,1,1,0,26326.75,26206.0,0.43137254901960786,1.9215686274509804,1,0
1769614560000,2,1.4304167,1,0.00022903823029794056,0.0,1.0,0.25179857,1,1,1,0,26326.75,26189.5,0.49038461538461536,1.1923076923076923,7,0
1769616360000,2,1.4285417,1,0.00018154889876260093,1.0,0.0,0.32298136,8,1,1,0,26326.75,26159.0,0.45871559633027525,1.1743119266055047,16,0
1769631300000,2,0.9977083,-1,0.00019083423184450827,0.0,1.0,0.35849056,4,1,0,0,26100.75,26212.0,7.176470588235294,0.9264705882352942,45,1
1769634360000,2,1.4625,1,0.0006622707247545279,0.0,1.0,0.47959185,2,1,0,0,26210.75,25996.25,1.4145658263305323,0.10084033613445378,12,1
1769635920000,2,0.98375,-1,0.0003712199811534471,0.0,1.0,0.74698794,2,1,0,0,26100.75,26274.5,0.07142857142857142,1.0,2,0
1769637120000,2,0.98041666,-1,0.0001807251835787391,1.0,0.0,0.021582734,5,1,0,0,26100.75,26287.75,0.3014705882352941,1.1985294117647058,8,0
1769650080000,2,1.4072917,1,0.00013410860881476726,0.0,1.0,0.055045873,1,0,0,1,26326.75,26085.75,6.572815533980583,1.1262135922330097,786,0
1769697780000,2,1.2429167,1,0.0003562933931649446,0.0,1.0,0.9435114,0,1,1,0,26222.0,25952.5,1.4054054054054055,1.7027027027027026,1,0
1769698500000,3,1.3158333,1,0.0002987577460173665,0.0,1.0,0.54086536,1,1,1,0,26222.0,25904.0,0.015706806282722512,1.0418848167539267,2,0
1769699460000,3,1.313125,1,0.00042640617126022404,1.0,1.0,0.6300654,7,1,1,0,26222.0,25753.25,0.028268551236749116,1.4946996466431095,3,0
1769700840000,3,1.309375,1,0.00036973252770561505,0.0,1.0,0.89799637,1,1,1,0,26222.0,25684.75,0.6071428571428571,1.4642857142857142,1,0
1769702160000,3,1.3052083,1,0.0003421176102596184,0.0,1.0,0.5927007,1,1,1,0,26222.0,25536.0,6.229390681003585,1.6702508960573477,1744,0
1769774940000,2,1.4247917,-1,0.0002992884658087064,1.0,0.0,0.017142856,6,0,1,0,25536.0,25905.0,1.9883720930232558,1.2790697674418605,141,0
1769783700000,2,1.39375,-1,0.0007626292366950159,0.0,1.0,0.80528843,5,1,1,0,25536.0,25917.0,3.0,1.2098765432098766,4,0
1769784180000,2,1.391875,-1,0.0004531867708032012,0.0,1.0,0.19011407,3,1,1,0,25536.0,25939.25,7.450704225352113,0.9061032863849765,437,1
1769787600000,2,0.99375,1,0.00036850628885074524,0.0,1.0,0.068686865,10,1,1,0,25896.5,25770.25,0.11062906724511931,0.03470715835140998,1,1
1769788380000,2,1.3789583,-1,0.00043406545707092627,1.0,0.0,0.0625,6,1,1,0,25776.5,25934.25,1.0095238095238095,0.23809523809523808,27,1
1769790180000,2,0.98333335,1,0.00020371933296469834,0.0,1.0,0.7375,1,1,1,0,25896.5,25753.25,9.095238095238095,1.2380952380952381,35,0
1769793660000,2,0.97541666,1,0.00019462257816529297,1.0,0.0,0.37650603,13,1,0,0,25896.5,25685.75,1.1256038647342994,1.1400966183574879,38,0
1769987040000,3,1.175,1,0.0014037085390633435,0.0,1.0,0.41079813,2,0,0,0,25896.5,25432.5,0.05179282868525897,1.2231075697211156,5,0
1769987580000,3,0.560625,1,0.00025583248875813005,0.0,1.0,0.16129032,2,0,0,0,25896.5,25400.5,0.42857142857142855,1.2032967032967032,14,0
1769988540000,3,0.556875,1,0.0007768021317810401,0.0,1.0,0.14583333,1,0,0,0,25896.5,25373.25,3.434959349593496,1.2682926829268293,204,0
1769992080000,1,1.0,-1,0.00042929761056852665,0.0,1.0,0.7763158,1,0,0,1,25399.5,25634.25,1.5,1.161764705882353,9,0
1769998440000,3,0.92541665,1,0.0005411148934495582,0.0,1.0,0.45238096,3,0,0,1,25646.0,25387.0,0.782608695652174,1.2681159420289856,36,0
1770000840000,3,0.9145833,1,0.00012815457413249212,0.0,1.0,0.47179487,1,0,0,1,25646.0,25356.75,0.2815533980582524,2.6116504854368934,20,0
1770002220000,3,1.4595833,1,0.0010161398524130855,0.0,1.0,0.2173913,3,0,0,1,25646.0,25315.25,0.4236111111111111,1.1458333333333333,16,0
1770003840000,3,1.455625,1,0.00010875798382472168,0.0,1.0,0.72687227,2,0,0,1,25646.0,25282.75,0.0967741935483871,1.3709677419354838,2,0
1770004080000,3,1.4527084,1,6.91877359795995e-05,1.0,0.0,0.053333335,1,0,0,1,25646.0,25277.75,0.352112676056338,1.2816901408450705,9,0
1770005580000,3,1.450625,1,0.0002477921717497101,0.0,1.0,0.62619805,6,0,0,1,25646.0,25216.5,4.452991452991453,1.1111111111111112,117,0
1770013200000,2,0.98541665,1,0.0003671326936624959,0.0,1.0,0.48969072,2,0,0,1,25376.0,25186.0,1.8888888888888888,1.2323232323232323,18,0
1770015420000,2,0.9795833,1,0.0004763275148604261,1.0,1.0,0.16521738,19,0,0,1,25376.0,25180.25,3.4583333333333335,0.07291666666666667,68,1
1770019680000,2,0.9739583,-1,4.922616469105659e-05,0.0,1.0,0.496,3,0,1,0,25216.5,25394.25,1.0952380952380953,1.0793650793650793,13,0
1770020580000,2,0.970625,-1,0.00034456619116532286,0.0,1.0,0.071428575,1,0,1,0,25216.5,25403.0,0.32051282051282054,1.4743589743589745,9,0
1770021180000,2,0.9683333,-1,0.0003050640634533252,0.0,1.0,0.15384616,1,0,1,0,25216.5,25412.25,0.16363636363636364,1.0363636363636364,2,0
1770022740000,2,0.96770835,-1,0.0002950926098974061,1.0,0.0,0.3046875,6,0,1,0,25216.5,25423.25,2.056179775280899,1.9662921348314606,22,0
1770032880000,2,1.4914583,-1,0.0003433627971314491,0.0,1.0,0.5886076,1,0,1,0,25216.5,25492.0,1.8153846153846154,1.523076923076923,29,0
1770034920000,2,1.4839584,-1,9.80228785398512e-05,0.0,1.0,0.739726,1,0,1,0,25216.5,25506.75,0.5263157894736842,1.5263157894736843,1,0
1770036780000,2,1.4827083,-1,0.00012733113931985581,1.0,1.0,0.04137931,7,0,1,0,25216.5,25527.25,1.0431654676258992,1.1366906474820144,62,0
1770044400000,3,1.3683333,-1,0.00013575231021342203,0.0,1.0,0.71428573,9,1,1,0,25216.5,25799.25,0.13839285714285715,1.3482142857142858,5,0
1770045300000,3,1.3614583,-1,0.00012560507830993537,0.0,1.0,0.8328612,1,1,1,0,25216.5,25878.0,0.3559322033898305,1.3898305084745763,2,0
1770046020000,3,1.3589584,-1,0.0003476010698388483,1.0,0.0,0.26775956,7,1,1,0,25216.5,25912.25,2.253731343283582,1.208955223880597,94,0
1770052320000,2,0.46229166,-1,4.823647449255229e-05,0.0,1.0,0.5116279,0,1,0,0,25216.5,25924.5,1.7142857142857142,1.3095238095238095,20,0
1770054000000,2,0.455625,-1,0.0003375706487143381,1.0,0.0,0.044444446,5,1,0,0,25216.5,25932.75,0.46511627906976744,1.0,14,0
1770055140000,2,0.45125,-1,0.00024100334512643036,0.0,1.0,0.12345679,3,1,0,0,25216.5,25941.25,1.4788732394366197,1.1408450704225352,58,0
1770058800000,3,0.563125,-1,3.853861569292431e-05,0.0,1.0,0.2835821,2,1,0,0,25216.5,25949.0,9.625,1.4791666666666667,210,0
1770076740000,3,0.50625,-1,0.00013474365020548407,1.0,0.0,0.34574467,20,0,0,0,25821.5,25978.75,1.089430894308943,1.1951219512195121,27,0
1770078900000,2,1.444375,-1,0.00010585778487773426,1.0,0.0,0.029411765,8,0,0,1,25821.5,25984.0,1.4545454545454546,1.2121212121212122,41,0
1770097860000,2,1.4647917,-1,2.885059239883059e-05,0.0,1.0,0.36956522,2,0,0,1,25900.5,25996.75,2.2758620689655173,1.2413793103448276,25,0
1770100200000,2,1.4591666,-1,0.0001634678256856033,0.0,1.0,0.11494253,11,0,0,1,25900.5,26003.5,0.012987012987012988,1.051948051948052,8,0
1770101100000,2,1.4545833,-1,0.00012497476471097182,0.0,1.0,0.43209878,3,0,0,1,25900.5,26008.5,1.934782608695652,1.1956521739130435,58,0
1770130020000,2,1.3685417,1,0.0010000970968055151,0.0,1.0,0.6596218,4,1,1,0,26027.75,25721.75,0.17320261437908496,1.0359477124183007,7,0
1770130980000,2,1.36375,1,0.0002536560618920791,0.0,1.0,0.71309525,0,1,1,0,26027.75,25565.0,0.31950207468879666,1.2323651452282158,4,0
1770167940000,2,1.4972917,-1,0.00013754482487596405,0.0,1.0,0.47368422,1,0,0,1,25361.5,25450.0,0.075,1.225,3,0
1770168960000,2,1.4954166,-1,0.00011786892975011787,0.0,1.0,0.4477612,3,0,0,1,25361.5,25455.0,3.4594594594594597,1.2162162162162162,25,0
1770171300000,2,1.4872917,-1,8.83348873730186e-05,0.0,1.0,0.553719,6,0,0,1,25361.5,25473.5,4.537037037037037,1.0740740740740742,262,0
1770188160000,2,1.39125,-1,9.80882598161826e-05,1.0,0.0,0.04761905,8,0,0,1,25361.5,25489.75,0.1625,1.0625,17,0
1770190200000,2,1.3847916,-1,7.844060085500255e-05,1.0,0.0,0.013157895,6,0,0,1,25361.5,25499.0,0.25333333333333335,1.04,5,0
1770192060000,2,1.3802084,-1,0.0001371957194935518,1.0,0.0,0.26262626,11,0,1,0,25361.5,25514.5,7.438356164383562,0.2328767123287671,79,1
1770197400000,2,1.3833333,1,0.00031535171571042827,1.0,0.0,0.12578617,5,0,1,0,25514.5,25358.0,0.15827338129496402,1.0863309352517985,14,0
1770213060000,2,1.3275,1,0.0002562207440256221,0.0,1.0,0.07017544,0,1,1,0,25491.0,25342.25,0.05660377358490566,1.2641509433962264,13,0
1770217380000,3,1.3129166,1,0.00104440200525185,0.0,1.0,0.5936255,1,1,1,0,25491.0,25107.75,2.8823529411764706,1.5343137254901962,59,0
1770240960000,2,0.99333334,-1,0.00038746212309373603,0.0,1.0,0.5,1,1,0,0,24784.0,25181.25,8.379888268156424,0.88268156424581,847,1
1770295020000,3,0.9452083,1,0.000553927344875165,0.0,1.0,0.7101968,1,0,1,0,25124.0,24804.5,0.4012345679012346,1.271604938271605,5,0
1770295800000,3,0.94125,1,0.00046522447080716444,0.0,1.0,0.73512477,2,0,1,0,25124.0,24707.75,3.6739130434782608,1.4855072463768115,100,0
1770301800000,3,0.91875,1,0.0009306465970704864,0.0,1.0,0.7125,0,1,1,0,25124.0,24691.0,1.3695652173913044,1.565217391304348,1,0
1770301860000,3,0.91854167,1,7.090833578135921e-05,0.0,1.0,0.97407407,0,1,1,0,25124.0,24678.0,46.42857142857143,16.0,1,0
1770301980000,3,0.918125,1,0.00043504213838386905,0.0,1.0,0.83203125,0,1,1,0,25124.0,24699.5,9.744186046511627,1.2790697674418605,1,0
1770302040000,3,0.91791666,1,0.0005339942771934067,1.0,1.0,0.016877636,0,1,1,0,25124.0,24696.5,1.2725321888412018,1.0643776824034334,27,0
1770304560000,3,0.91229165,1,0.00034575333550276605,0.0,1.0,0.6378378,1,1,1,0,25124.0,24550.75,1.242537313432836,1.205223880597015,58,0
1770323040000,2,1.4954166,1,0.0003549227789439526,0.0,1.0,0.75449103,1,1,0,0,24887.75,24644.5,0.3902439024390244,1.7804878048780488,1,0
1770323220000,2,1.4947916,1,0.0001623343682149307,0.0,1.0,0.5955056,2,1,0,0,24887.75,24636.5,1.0277777777777777,1.6666666666666667,2,0
1770324000000,2,1.4939584,1,0.00048725028422933245,1.0,0.0,0.25213677,5,1,0,0,24887.75,24616.0,0.10857142857142857,1.0457142857142858,3,0
1770324780000,2,1.4910417,1,0.0005085538761976444,0.0,1.0,0.6360856,1,1,0,0,24887.75,24567.0,3.596638655462185,1.1092436974789917,11,0
1770326340000,3,0.98354167,1,0.00035654618801189843,0.0,1.0,0.8076923,0,1,0,0,24839.0,24532.25,0.6,1.4285714285714286,1,0
1770327360000,3,0.98333335,1,3.064727034978751e-05,0.0,1.0,0.9920424,0,1,0,0,24839.0,24471.25,5.666666666666667,16.666666666666668,1,0
1770327480000,3,0.97979164,1,0.0005107617500740605,0.0,1.0,0.5625,1,1,0,0,24839.0,24459.5,0.5238095238095238,2.0,1,0
1770327720000,3,0.979375,1,0.0002966175372561855,0.0,1.0,0.3271605,1,1,0,0,24839.0,24435.0,0.8532110091743119,1.091743119266055,7,0
1770328200000,3,0.9770833,1,2.045136154939515e-05,0.0,1.0,0.17460318,0,1,0,0,24839.0,24435.25,0.8461538461538461,1.0961538461538463,4,0
1770328440000,3,0.97625,1,0.00021480738937419447,0.0,1.0,0.33333334,0,1,0,0,24839.0,24434.0,1.3461538461538463,5.153846153846154,2,0
1770332700000,3,0.97583336,1,0.0005633168093735917,1.0,0.0,0.12878788,4,0,0,0,24839.0,24395.25,0.3869565217391304,1.2739130434782608,15,0
1770333840000,3,0.9583333,1,3.0788809294115234e-05,0.0,1.0,0.7621359,1,0,0,0,24839.0,24358.75,5.061224489795919,1.7142857142857142,12,0
1770334740000,3,0.95479167,1,0.00022578228430094726,0.0,1.0,0.5686275,0,0,0,0,24839.0,24348.75,1.2045454545454546,1.4545454545454546,3,0
1770335280000,3,0.95375,1,0.0002979737783075089,0.0,1.0,0.43452382,2,0,0,0,24839.0,24323.75,0.4631578947368421,1.5263157894736843,4,0
1770336420000,3,0.95166665,1,0.0002677541604877245,0.0,1.0,0.6097561,1,0,0,1,24839.0,24260.0,0.1597222222222222,1.4027777777777777,8,0
1770357600000,2,0.9764583,-1,6.101653548111538e-05,1.0,0.0,0.33333334,5,0,0,1,24426.25,24597.25,0.013513513513513514,1.4594594594594594,2,0
1770378300000,2,1.3179166,-1,0.0001307413031890821,1.0,0.0,0.49411765,8,0,1,0,24426.25,24861.5,0.6744186046511628,1.2325581395348837,11,0
1770379740000,2,1.3133334,-1,0.00019100468464121277,1.0,0.0,0.041666668,11,0,1,0,24426.25,24873.25,3.2919254658385095,1.3416149068322982,145,0
1770388140000,2,0.994375,1,0.00043409788402519787,0.0,1.0,0.6573427,1,1,1,0,24887.75,24748.0,0.7755102040816326,3.36734693877551,1,0
1770388320000,2,0.99375,1,0.0021544130231247044,1.0,0.0,0.0075046904,0,1,1,0,24887.75,24700.5,0.6332703213610587,0.11153119092627599,6,1
1770388800000,3,1.3170834,-1,0.0003912873353332464,0.0,1.0,0.8160377,0,1,1,0,24757.5,24927.5,7.461538461538462,2.58974358974359,5,0
1770389160000,3,1.315625,-1,0.0006821419256465301,0.0,1.0,0.46601942,0,1,1,0,24757.5,24949.0,0.6454545454545455,1.018181818181818,2,0
1770389580000,3,1.315,-1,0.00026023421078971075,0.0,1.0,0.38392857,1,1,1,0,24757.5,24984.0,3.676328502415459,0.2028985507246377,23,1
1770391020000,2,0.9841667,1,0.0013703046912784138,0.0,1.0,0.2715736,1,1,1,0,24887.75,24742.0,1.1986062717770034,0.2961672473867596,4,1
1770391380000,3,1.308125,-1,0.0003727058444305659,0.0,1.0,0.09186352,0,1,1,0,24757.5,24905.0,0.1416184971098266,1.0260115606936415,3,0
1770392880000,3,1.306875,-1,0.00011017848915242693,0.0,1.0,0.5731707,1,1,1,0,24757.5,24962.25,2.2514285714285713,1.1485714285714286,17,0
1770409800000,3,1.0958333,-1,0.00028860603286128,1.0,0.0,0.25688073,10,1,0,0,24757.5,25128.0,0.41975308641975306,1.2469135802469136,10,0
1770410880000,3,1.0916667,-1,8.943388351733527e-05,0.0,1.0,0.79126215,0,1,0,0,24757.5,25169.0,0.4418604651162791,3.0697674418604652,2,0
1770411540000,3,1.0895833,-1,0.00018845093332804349,1.0,1.0,0.047923323,7,1,0,0,24757.5,25221.5,0.7751677852348994,1.087248322147651,63,0
1770591960000,3,0.46208334,-1,0.00021780453033423095,0.0,1.0,0.64102566,1,0,0,0,25055.75,25257.5,0.2261904761904762,1.3452380952380953,12,0
1770593160000,3,0.45854166,-1,0.00034644204024666676,1.0,1.0,0.083333336,1,0,0,0,25055.75,25265.5,0.9090909090909091,1.2159090909090908,9,0
1770594480000,3,0.45520833,-1,0.000276885043263288,0.0,1.0,0.6573034,1,0,0,0,25055.75,25290.75,0.04918032786885246,1.2622950819672132,2,0
1770594960000,3,0.45208332,-1,0.00036585486438650095,1.0,0.0,0.027272727,5,0,0,0,25055.75,25295.0,0.22429906542056074,1.4205607476635513,4,0
1770595560000,1,1.0,-1,6.911054725680492e-05,0.0,1.0,0.97095436,1,0,0,1,25148.0,25329.5,5.571428571428571,3.0,1,0
1770622500000,1,1.0,1,0.0001791044776119403,0.0,1.0,0.6510067,1,0,0,1,25347.0,25120.5,6.25,1.4423076923076923,125,0
1770631620000,2,1.3758334,1,0.00031924339315821506,0.0,1.0,0.47692308,1,0,1,0,25347.0,25049.5,0.5294117647058824,1.1764705882352942,9,0
1770632340000,2,0.7341667,1,1.9969047975637763e-05,0.0,1.0,0.52040815,1,0,1,0,25347.0,25038.25,1.3617021276595744,1.148936170212766,6,0
1770634140000,2,0.73229164,1,0.00024025226487812203,1.0,0.0,0.42944786,6,0,1,0,25347.0,24967.75,3.075268817204301,1.0698924731182795,221,0
1770647400000,2,0.96875,1,0.0010403953502330886,0.0,1.0,0.76036865,0,1,1,0,25157.25,24964.5,1.1346153846153846,1.3461538461538463,1,0
1770648720000,2,0.990625,-1,0.00036748274320901823,1.0,1.0,0.02601156,3,1,1,0,24967.75,25188.5,0.142433234421365,1.1216617210682494,14,0
1770650520000,2,0.98625,-1,0.0002772579191793166,0.0,1.0,0.67601246,2,1,1,0,24967.75,25254.25,2.394230769230769,1.2403846153846154,13,0
1770651540000,2,0.98020834,-1,0.00011874721686210479,0.0,1.0,0.17985612,1,1,1,0,24967.75,25275.5,0.11403508771929824,1.0789473684210527,6,0
1770654780000,2,0.978125,-1,0.0,0.0,1.0,0.8915663,2,1,1,0,24967.75,25360.75,0.8666666666666667,1.288888888888889,8,0
1770655380000,3,0.84125,-1,7.885735689854015e-05,0.0,1.0,0.5,0,1,1,0,24967.75,25367.0,0.5789473684210527,4.157894736842105,2,0
1770655980000,3,0.840625,-1,9.842422810799106e-05,0.0,1.0,0.7987013,1,1,1,0,24967.75,25402.75,0.25806451612903225,1.3548387096774193,5,0
1770657600000,3,0.8379167,-1,7.869445892641085e-05,1.0,0.0,0.4452555,8,1,0,0,24967.75,25416.75,4.5394736842105265,1.1710526315789473,126,0
1770665460000,3,0.8070833,-1,8.850775918022147e-05,0.0,1.0,0.5409836,3,1,0,0,25311.5,25423.75,0.21428571428571427,1.4285714285714286,2,0
1770665700000,3,0.80541664,-1,1.966897121446063e-05,0.0,1.0,0.4516129,1,1,0,0,25311.5,25425.0,0.29411764705882354,1.2352941176470589,1,0
1770666000000,3,0.805,-1,0.00011799177990599988,1.0,1.0,0.01754386,1,1,0,0,25311.5,25429.0,8.053571428571429,0.5178571428571429,290,1
1770681600000,2,1.4764583,1,0.0003256043413912185,0.0,1.0,0.23529412,7,0,0,1,25416.75,25328.0,0.782051282051282,1.0897435897435896,11,0
1770682500000,2,1.4727083,1,9.874592673052236e-05,0.0,1.0,0.41095892,1,0,0,1,25416.75,25315.0,0.9069767441860465,1.1627906976744187,27,0
1770684780000,2,1.46625,1,0.00017774968893804436,1.0,0.0,0.08035714,4,0,0,1,25416.75,25312.0,0.21359223300970873,1.3786407766990292,37,0
1770687420000,2,1.45625,1,7.904513477195479e-05,0.0,1.0,0.16901408,2,0,0,1,25416.75,25300.0,2.542372881355932,1.2033898305084745,58,0
1770691080000,2,1.4425,1,1.977261492832427e-05,0.0,1.0,0.4920635,1,0,0,1,25416.75,25287.0,2.5625,1.5,29,0
1770726720000,2,1.26875,-1,0.0001672158559976393,0.0,1.0,0.114285715,1,0,1,0,25291.25,25421.75,17.548387096774192,0.4838709677419355,129,1
1770734580000,3,0.9164583,1,0.0001780785326328911,0.0,1.0,0.12087912,1,1,1,0,25416.75,25265.25,0.275,1.35,5,0
1770735000000,3,0.915,1,0.0004552156831698845,1.0,0.0,0.091216214,2,1,1,0,25416.75,25251.25,1.862453531598513,0.241635687732342,16,1
1770736380000,3,0.81125,-1,5.894951956141557e-05,1.0,1.0,0.04719764,3,1,1,0,25291.25,25447.0,0.9628482972136223,0.8978328173374613,196,1
1770749280000,2,1.3689584,1,0.0004548600810837536,0.0,1.0,0.55625,14,1,0,0,25416.75,25271.0,1.9295774647887325,1.2112676056338028,76,0
1770754560000,3,0.8491667,1,0.00022771375391073621,0.0,1.0,0.6594203,3,1,0,0,25416.75,25245.25,1.6170212765957446,1.148936170212766,10,0
1770755220000,3,0.84458333,1,0.00012872944042302474,0.0,1.0,0.23636363,1,1,0,0,25416.75,25243.5,1.380952380952381,1.3571428571428572,7,0
1770756300000,3,0.84291667,1,7.926835310087889e-05,1.0,0.0,0.16190477,6,1,0,0,25416.75,25228.75,0.6704545454545454,1.0454545454545454,7,0
1770757080000,3,0.8389583,1,0.00016863908260339065,0.0,1.0,0.4028777,2,1,0,0,25416.75,25197.5,6.120481927710843,1.7108433734939759,722,0
1770804900000,3,1.425,1,0.00037761348278877495,0.0,1.0,0.6903766,12,0,1,0,25290.25,25147.0,9.432432432432432,0.0945945945945946,195,1
1770816900000,2,0.94375,-1,0.0001872806844616173,0.0,1.0,0.8196147,1,1,1,0,25197.5,25367.75,0.7378640776699029,2.0776699029126213,11,0
1770818460000,2,0.9404167,-1,0.0004028890089913035,0.0,1.0,0.83286905,5,1,1,0,25197.5,25451.5,2.4166666666666665,1.9,29,0
1770820440000,3,1.2685417,-1,0.0002554127863570278,1.0,0.0,0.19035533,3,1,1,0,25197.5,25465.5,2.70846394984326,0.6332288401253918,38,1
1770823320000,3,1.36,1,0.0006272151646688702,0.0,1.0,0.85222673,1,1,1,0,25429.0,25090.0,0.9863013698630136,1.1643835616438356,1,0
1770824100000,3,1.3577083,1,0.0005783228636952836,0.0,1.0,0.00802139,8,1,1,0,25429.0,25058.0,2.9029649595687332,1.0700808625336926,1399,0
1770867360000,2,0.993125,-1,0.00013825112329037673,0.0,1.0,0.52380955,1,0,0,1,25205.5,25320.0,0.35,1.0,5,0
1770867660000,2,0.99145836,-1,1.9751330745909005e-05,0.0,1.0,0.125,0,0,0,1,25205.5,25320.0,0.47619047619047616,1.1904761904761905,3,0
1770867960000,2,0.99083334,-1,3.9494470774091624e-05,0.0,1.0,0.6,2,0,0,1,25205.5,25321.0,8.0,2.875,30,0
1770869940000,2,0.9841667,-1,0.0002172281685690588,0.0,1.0,0.125,2,0,0,1,25205.5,25329.75,0.0,1.3061224489795917,2,0
1770870180000,2,0.98291665,-1,2.9608866868664936e-05,0.0,1.0,0.23529412,1,0,0,1,25205.5,25331.0,0.38461538461538464,1.5384615384615385,1,0
1770870720000,2,0.9825,-1,7.893438579181055e-05,1.0,0.0,0.18309858,6,0,0,1,25205.5,25339.5,0.603448275862069,1.1206896551724137,46,0
1770881220000,2,0.995,-1,0.0001577707000088746,0.0,1.0,0.53333336,2,0,0,1,25205.5,25357.25,0.3142857142857143,1.0571428571428572,4,0
1770882240000,2,0.99354166,-1,0.000187343469601057,0.0,1.0,0.3207547,2,0,0,1,25205.5,25359.25,0.9166666666666666,2.138888888888889,16,0
1770902220000,2,0.9847917,1,9.869817112288909e-05,0.0,1.0,0.42696628,1,1,1,0,25429.0,25320.0,6.8431372549019605,1.392156862745098,73,0
1770907200000,2,1.49375,1,0.0011738131171149843,0.0,1.0,0.31111112,10,1,1,0,25429.0,25315.0,0.3548387096774194,1.207373271889401,4,0
1770907620000,2,1.490625,1,0.0004943007127816278,0.0,1.0,0.72047246,1,1,1,0,25429.0,25260.75,0.36619718309859156,1.408450704225352,1,0
1770908760000,2,1.49,1,0.00037716747228315353,0.0,1.0,0.49347827,6,1,1,0,25429.0,25178.25,0.09012875536480687,1.0987124463519313,2,0
1770909360000,3,1.0608333,1,0.00024807001528111294,1.0,0.0,0.0130293155,7,1,1,0,25429.0,25170.0,0.19141914191419143,1.198019801980198,20,0
1770910980000,3,1.055,1,1.9931634493686655e-05,0.0,1.0,0.9944904,0,1,1,0,25429.0,25085.25,23.0,8.0,1,0
1770911460000,3,1.053125,1,0.00030867885450272834,1.0,0.0,0.15789473,6,1,1,0,25429.0,25078.5,0.041666666666666664,1.0694444444444444,2,0
1770911820000,3,1.0514584,1,0.00031958773182594455,0.0,1.0,0.8857143,0,1,1,0,25429.0,25024.25,1.15625,1.78125,1,0
1770913020000,3,1.0504167,1,0.0005719790475043652,0.0,1.0,0.83071554,1,1,1,0,25420.0,24898.25,0.26804123711340205,1.3814432989690721,1,0
1770914580000,3,0.59625,1,0.0007250171184597414,1.0,0.0,0.14777328,12,1,1,0,25420.0,24805.5,0.2850356294536817,1.0427553444180522,77,0
1770919320000,3,0.57479167,1,0.0001711518519637158,0.0,1.0,0.52866244,1,1,0,0,25420.0,24813.5,2.675675675675676,1.2702702702702702,16,0
1770921420000,3,0.57125,1,0.0005036869887577064,1.0,1.0,0.032520324,9,1,0,0,25420.0,24804.5,1.3445378151260505,1.1302521008403361,112,0
1770928800000,2,0.9814583,1,0.0005140403572076521,1.0,0.0,0.12244898,8,1,0,0,24944.0,24783.5,0.19186046511627908,1.0930232558139534,6,0
1770929640000,2,0.97791666,1,0.00017181262317449088,0.0,1.0,0.14333333,2,1,0,0,24944.0,24721.5,1.2256809338521402,1.1089494163424125,173,0
1770941100000,2,1.4995834,-1,5.0275004273375364e-05,0.0,1.0,0.9375,0,0,0,1,24721.5,24864.5,119.0,0.0,42,1
1770944400000,2,0.96520835,1,0.0003742250002528547,1.0,0.0,0.23557693,7,0,0,1,24855.5,24708.5,2.1132075471698113,1.0314465408805031,266,0
1770960480000,2,1.4570833,1,0.0002630247850278199,0.0,1.0,0.3859649,1,0,0,1,24855.5,24706.0,0.08571428571428572,1.0857142857142856,1,0
1770960960000,2,1.4564583,1,0.00042485610528338914,1.0,0.0,0.05645161,4,0,0,1,24855.5,24698.25,0.0,1.0854700854700854,3,0
1770961260000,2,1.4541667,1,0.00012143413715985792,0.0,1.0,0.050847456,0,0,0,1,24855.5,24690.75,2.2857142857142856,1.3928571428571428,44,0
1770965160000,2,1.4447917,1,0.00017243477908061833,1.0,0.0,0.3951613,9,0,0,1,24855.5,24642.75,3.4266666666666667,1.3933333333333333,284,0
1770982500000,2,1.88125,1,0.00033481463444329457,1.0,0.0,0.03267974,4,0,1,0,24855.5,24624.25,0.6385135135135135,1.0574324324324325,100,0
1770988920000,2,1.421875,1,0.0004465780953444234,1.0,1.0,0.031111112,7,1,1,0,24855.5,24620.0,2.7522935779816513,1.4862385321100917,79,0
1770993780000,2,1.90375,1,0.0008636368254742382,0.0,1.0,0.09166667,1,1,1,0,24855.5,24578.75,1.6376146788990826,0.21100917431192662,45,1
1770996900000,2,1.3066666,-1,0.0001905755381251379,0.0,1.0,0.9373494,2,1,1,0,24642.75,24929.25,31.153846153846153,1.8461538461538463,81,0
1771002960000,2,1.2883333,-1,0.0002905549599735495,0.0,1.0,0.6918033,2,1,0,0,24642.75,24959.5,1.2234042553191489,1.351063829787234,5,0
1771003500000,2,1.233125,-1,0.00017025879336591618,0.0,1.0,0.6722689,2,1,0,0,24642.75,24969.75,1.9230769230769231,2.58974358974359,6,0
1771004580000,2,1.2308333,-1,0.00021018075544968672,0.0,1.0,0.5035461,1,1,0,0,24642.75,24994.0,4.3428571428571425,1.0857142857142856,53,0
1771008060000,2,1.2175,-1,0.00029013636409112284,1.0,0.0,0.0061728396,5,1,0,0,24642.75,24995.5,7.987577639751553,0.7515527950310559,1522,1
1771213380000,2,0.98083335,1,7.053323122808431e-05,0.0,1.0,0.5116279,2,0,0,1,24944.0,24808.25,5.142857142857143,2.0,119,0
1771221240000,2,1.49125,1,5.0411356670430714e-05,1.0,0.0,0.33870968,8,0,0,1,24872.5,24794.75,1.3658536585365855,1.0731707317073171,27,0
1771222920000,2,1.483125,1,0.00020162103310617365,0.0,1.0,0.022222223,1,0,0,1,24840.5,24794.0,3.409090909090909,0.5454545454545454,39,1
1771226400000,2,1.4872917,-1,6.0339712581835734e-05,0.0,1.0,0.36134455,3,0,0,1,24809.25,24862.75,0.013157894736842105,1.0657894736842106,6,0
1771226880000,2,1.481875,-1,0.0,0.0,1.0,0.07692308,1,0,0,1,24809.25,24860.75,1.1666666666666667,1.0,4,0
1771227180000,2,1.4808333,-1,9.052231375033946e-05,0.0,1.0,0.15384616,1,0,0,1,24809.25,24860.75,0.0,2.772727272727273,2,0
1771227900000,2,1.4802083,-1,0.0001105716554587216,1.0,0.0,0.18965517,9,0,0,1,24809.25,24873.5,1.7446808510638299,1.3617021276595744,21,0
1771229280000,3,1.44875,-1,0.00010049342270548393,0.0,1.0,0.72727275,1,0,1,0,24809.25,24879.75,0.0,2.4166666666666665,1,0
1771229460000,3,1.4479166,-1,7.033762057877813e-05,0.0,1.0,0.125,1,0,1,0,24809.25,24884.75,0.9387755102040817,1.0816326530612246,8,0
1771230120000,3,1.4460417,-1,0.00017074444578361658,0.0,1.0,0.44155845,1,0,1,0,24809.25,24896.75,3.0930232558139537,1.255813953488372,25,0
1771231740000,3,1.4402083,-1,0.00023094456326374873,0.0,1.0,0.13235295,1,0,1,0,24809.25,24903.75,0.576271186440678,1.0,15,0
1771233060000,3,1.4366666,-1,7.027547988113404e-05,1.0,0.0,0.1,7,0,1,0,24809.25,24903.75,0.25,2.5,14,0
1771234860000,3,1.4320834,-1,4.012639815418568e-05,1.0,0.0,0.13114753,14,0,1,0,24809.25,24922.25,7.7924528301886795,0.6037735849056604,269,1
1771251360000,2,1.3854166,1,0.00021187295693934379,0.0,1.0,0.73888886,1,1,1,0,24872.5,24773.75,0.0851063829787234,1.4680851063829787,1,0
1771252080000,2,1.3839583,1,0.0002927577782713158,0.0,1.0,0.8543046,1,1,1,0,24872.5,24753.5,2.3181818181818183,1.4545454545454546,2,0
1771252680000,2,1.38125,1,0.0001515212735868116,0.0,1.0,0.7630058,1,1,1,0,24872.5,24733.75,0.4878048780487805,1.3902439024390243,1,0
1771252860000,3,1.3166667,1,0.0001718160961361592,0.0,1.0,0.23188406,1,1,1,0,24872.5,24728.0,0.09433962264150944,1.849056603773585,1,0
1771253220000,3,1.31625,1,0.00020235541705451455,0.0,1.0,0.6666667,0,1,1,0,24872.5,24692.25,5.2835820895522385,1.4328358208955223,46,0
1771256700000,3,1.305625,1,0.00032388663967611336,0.0,1.0,0.35036495,0,1,1,0,24872.5,24677.75,2.4269662921348316,1.101123595505618,53,0
1771295040000,3,1.4008334,1,0.00042616230695862166,1.0,0.0,0.115384616,16,0,0,1,24872.5,24617.5,0.07114624505928854,1.2608695652173914,41,0
1771298460000,3,1.3864583,1,0.00024389252469411813,1.0,0.0,0.119791664,9,0,0,1,24872.5,24595.0,0.1242603550295858,1.017751479289941,13,0
1771299420000,3,1.3804166,1,0.00015244367206317265,0.0,1.0,0.3084112,0,0,0,1,24872.5,24580.75,0.527027027027027,1.4864864864864864,4,0
1771299720000,3,1.3789583,1,0.0004576333238416792,0.0,1.0,0.008064516,1,0,0,1,24872.5,24571.75,0.8943089430894309,1.1382113821138211,98,0
1771306620000,3,0.93041664,1,0.00021373393178834233,0.0,1.0,0.3464567,2,0,0,1,24872.5,24558.0,7.144578313253012,1.2048192771084338,448,0
1771309320000,2,0.9977083,-1,0.0003756459587601653,1.0,0.0,0.04761905,9,0,0,1,24578.75,24634.0,0.65,1.225,19,0
1771310820000,2,0.99145836,-1,0.00013191273465246067,1.0,0.0,0.19512194,1,0,0,1,24578.75,24640.75,2.4393939393939394,1.393939393939394,60,0
1771315800000,2,0.97770834,-1,0.0006274160578032342,0.0,1.0,0.8005115,8,0,1,0,24578.75,24720.0,0.0,1.1794871794871795,1,0
1771327560000,3,1.3575,1,0.00045762866992769466,1.0,0.0,0.03816794,1,0,1,0,24697.5,24572.0,2.0317460317460316,1.1984126984126984,98,0
1771333980000,3,1.3366667,1,0.00020371577574967406,0.0,1.0,0.584,0,1,1,0,24697.5,24518.0,6.144230769230769,0.4230769230769231,39,1
1771336560000,2,1.4641666,-1,0.0005469185192687497,0.0,1.0,0.18885449,4,1,1,0,24578.75,24703.75,0.4961832061068702,1.1297709923664123,35,0
1771338900000,2,1.4558333,-1,0.0005854091808308773,0.0,1.0,0.8895238,0,1,1,0,24578.75,24783.5,0.3620689655172414,1.8275862068965518,1,0
1771338960000,2,1.455,-1,0.0005447502219352756,0.0,1.0,0.5748032,0,1,1,0,24578.75,24795.5,0.37037037037037035,1.8333333333333333,1,0
1771339020000,2,1.4547917,-1,0.00026209413211560366,0.0,1.0,0.7815126,0,1,1,0,24578.75,24806.75,4.0,1.0,1,0
1771339080000,2,1.4545833,-1,0.0002522526158596265,0.0,1.0,0.07692308,0,1,1,0,24578.75,24806.75,0.15833333333333333,1.2916666666666667,1,0
1771339320000,2,1.4541667,-1,0.0005142580567095551,0.0,1.0,0.06640625,2,1,1,0,24578.75,24809.5,3.01673640167364,0.301255230125523,8,1
1771340580000,3,1.3145833,1,0.0009387946692789649,1.0,0.0,0.5489068,3,1,1,0,24697.5,24461.25,0.8367346938775511,1.1224489795918366,30,0
1771342500000,3,1.4054166,1,0.00044963569289882175,0.0,1.0,0.5169082,1,1,1,0,24697.5,24453.25,8.77,0.91,30,1
1771345740000,2,1.4364583,-1,0.000534726986561201,1.0,1.0,0.53768843,6,1,1,0,24578.75,24796.5,1.7246376811594204,1.0797101449275361,125,0
1771354680000,3,1.0133333,-1,6.031059958787757e-05,0.0,1.0,0.031007752,2,1,0,0,24578.75,24872.75,0.472,1.048,37,0
1771357380000,3,1.0052084,-1,0.0002813222144077163,0.0,1.0,0.336,2,1,0,0,24608.5,24889.5,8.036144578313253,1.8674698795180722,693,0
1771404240000,3,1.8966666,-1,4.0135658525817265e-05,1.0,0.0,0.5212121,8,0,1,0,24802.0,24916.5,0.35443037974683544,1.0126582278481013,18,0
1771405620000,3,1.8870833,-1,0.00015054195102368528,1.0,0.0,0.0,5,0,1,0,24802.0,24916.75,0.029850746268656716,1.0,4,0
1771406040000,3,1.8847916,-1,7.022260565994202e-05,0.0,1.0,0.1,1,0,1,0,24802.0,24926.25,1.1333333333333333,1.1777777777777778,17,0
1771408140000,3,1.8810416,-1,0.00012029351617947793,0.0,1.0,0.072289154,10,0,1,0,24802.0,24942.0,1.7532467532467533,1.4805194805194806,137,0
1771416480000,2,1.29875,-1,0.00021040608374162133,0.0,1.0,0.6031746,1,0,1,0,24802.0,24957.0,1.12,1.2,4,0
1771416720000,2,1.2975,-1,0.0003106710494668484,0.0,1.0,0.20588236,0,0,1,0,24802.0,24959.5,0.14814814814814814,1.037037037037037,2,0
1771417500000,2,1.296875,-1,0.00025046837586286357,1.0,0.0,0.04519774,9,0,1,0,24802.0,24962.25,3.9763313609467454,0.04142011834319527,125,1
1771425720000,2,0.91875,1,0.00098884023167114,1.0,0.0,0.02425876,12,1,1,0,24944.0,24752.0,1.2845303867403315,0.5524861878453039,16,1
1771427280000,2,1.2629167,-1,0.0005394120408754458,0.0,1.0,0.7214429,2,1,1,0,24802.0,25049.0,0.5035971223021583,1.1654676258992807,7,0
1771427880000,3,0.584375,-1,0.00023948032768891504,0.0,1.0,0.47435898,0,1,1,0,24802.0,25074.75,1.6097560975609757,1.2560975609756098,22,0
1771429320000,3,0.57916665,-1,0.0003589912346306878,0.0,1.0,0.20338982,1,1,1,0,24802.0,25081.75,0.40425531914893614,1.3936170212765957,6,0
1771430880000,3,0.5775,-1,0.00015928639694170118,0.0,1.0,0.77131784,1,1,1,0,24802.0,25116.0,1.6440677966101696,1.1864406779661016,24,0
1771434480000,2,0.99875,-1,0.0002289035519859871,0.0,1.0,0.3063063,1,1,0,0,24802.0,25128.5,16.25974025974026,0.948051948051948,1162,1
1771439400000,2,0.994375,1,0.00027935190358368585,0.0,1.0,0.51724136,2,1,0,0,25118.75,25051.0,0.023809523809523808,1.0952380952380953,1,0
1771439640000,2,0.99354166,1,0.00023949227637408692,0.0,1.0,0.26865673,2,1,0,0,25118.75,25046.5,1.4285714285714286,1.2448979591836735,7,0
1771440360000,2,0.99145836,1,0.000429647688895106,0.0,1.0,0.41040462,3,1,0,0,25118.75,25009.75,0.5686274509803921,1.6470588235294117,6,0
1771440840000,2,0.9891667,1,0.0004900098001960039,0.0,1.0,0.15873016,1,1,0,0,25118.75,24982.0,0.37735849056603776,1.270440251572327,36,0
1771494660000,2,0.956875,1,0.00026149575572273406,0.0,1.0,0.85933506,2,0,1,0,25118.75,24850.5,2.8,1.5272727272727273,21,0
1771497840000,3,0.8725,1,0.000332212535486339,1.0,0.0,0.21839081,14,0,1,0,25118.75,24825.25,0.7794117647058824,1.3308823529411764,78,0
1771502820000,3,0.8495833,1,0.0003927690216022962,0.0,1.0,0.06735751,5,0,1,0,25054.25,24814.0,0.8555555555555555,1.0722222222222222,78,0
1771507560000,3,0.83229166,1,0.00020145450150083603,0.0,1.0,0.53968257,1,1,1,0,24897.5,24810.75,3.413793103448276,3.0,4,0
1771508100000,3,0.8310417,1,0.00014105082867361845,1.0,0.0,0.08287293,4,1,1,0,24897.5,24807.5,0.8253012048192772,1.3132530120481927,60,0
1771512240000,3,0.8175,1,0.0012906088043719373,1.0,0.0,0.125,8,1,1,0,24897.5,24762.5,0.7589285714285714,0.8273809523809523,11,1
1771513500000,2,0.97479165,-1,0.00030068556308383116,0.0,1.0,0.50872093,2,1,1,0,24856.0,24950.5,1.2485207100591715,0.5325443786982249,24,1
1771515300000,2,0.9685417,-1,0.00023068976238954474,0.0,1.0,0.7508091,0,1,1,0,24856.0,24944.5,3.8051948051948052,0.6753246753246753,32,1
1771517340000,3,0.79854167,1,0.0005529694459246152,0.0,1.0,0.080213904,2,1,1,0,25054.25,24852.0,1.552325581395349,1.3313953488372092,35,0
1771520040000,3,0.79083335,1,0.00016123668537684036,0.0,1.0,0.1682243,2,1,1,0,25054.25,24801.75,0.5468164794007491,1.2808988764044944,54,0
1771523400000,3,0.7775,1,0.00040327052394922825,0.0,1.0,0.37956205,1,1,0,0,24961.75,24782.75,0.9058823529411765,1.4,2,0
1771523700000,3,0.7764583,1,0.0002219240817891116,0.0,1.0,0.006849315,2,1,0,0,24961.75,24770.25,0.08275862068965517,1.1448275862068966,3,0
1771524000000,3,0.7754167,1,0.000333020495897793,0.0,1.0,0.17021276,2,1,0,0,24961.75,24765.0,2.8076923076923075,1.8717948717948718,20,0
1771525320000,3,0.7708333,1,0.0007873220954880387,0.0,1.0,0.23809524,2,1,0,0,24961.75,24748.0,9.8375,0.825,825,1
1771535040000,2,1.4885417,-1,0.0001206503051447301,0.0,1.0,0.8089172,1,1,0,0,24752.0,24872.0,5.233333333333333,1.6666666666666667,90,0
1771578660000,2,1.2985417,-1,0.0002504156900454755,0.0,1.0,0.12328767,4,0,1,0,24896.25,24964.75,0.21875,1.15625,4,0
1771579680000,2,1.296875,-1,0.00020017615501641443,1.0,0.0,0.47572815,5,0,1,0,24896.25,24985.25,5.944444444444445,0.7407407407407407,92,1
1771585800000,2,1.475,1,0.00035208788113513134,1.0,0.0,0.48101267,6,0,1,0,24961.75,24843.0,0.4715447154471545,1.2195121951219512,39,0
1771588320000,2,1.4647917,1,0.0003622459247333467,0.0,1.0,0.25675675,1,0,1,0,24961.75,24830.5,0.05454545454545454,1.1272727272727272,3,0
1771588740000,2,1.4633334,1,0.00014100110786584752,0.0,1.0,0.32380953,1,0,1,0,24961.75,24811.25,0.23943661971830985,1.352112676056338,3,0
1771594500000,2,1.4935417,1,0.0005449481290114237,0.0,1.0,0.59504133,2,1,1,0,24961.75,24758.5,0.20408163265306123,1.9183673469387754,5,0
1771595700000,2,1.4916667,1,0.0004043385526701507,0.0,1.0,0.43010753,8,1,1,0,24961.75,24721.75,1.349056603773585,1.4245283018867925,20,0
1771597080000,2,1.409375,1,0.00014161297174821214,0.0,1.0,0.4032258,2,1,1,0,24961.75,24707.75,0.05405405405405406,1.5,2,0
1771597320000,2,1.4083333,1,0.0002428436997237653,0.0,1.0,0.08737864,1,1,1,0,24961.75,24696.25,0.7340425531914894,1.8191489361702127,8,0
1771597860000,2,1.4060416,1,0.0003233531723977648,1.0,1.0,0.375,0,1,1,0,24961.75,24718.25,15.044444444444444,0.022222222222222223,30,1
1771599900000,3,1.1622916,-1,0.0007699769006929792,0.0,1.0,0.06708074,3,1,1,0,24752.0,25082.25,0.19307589880159787,1.047936085219707,43,0
1771602600000,3,1.1522917,-1,0.000498499516455469,0.0,1.0,0.43529412,1,1,1,0,24752.0,25098.0,0.2916666666666667,1.3854166666666667,2,0
1771603800000,3,1.1516666,-1,0.0006468047843652357,1.0,0.0,0.20425531,6,1,1,0,24752.0,25139.75,7.363636363636363,0.7914438502673797,1368,1
1771803900000,2,0.370625,1,0.00018043123064123253,0.0,1.0,0.8886076,1,0,0,0,25128.5,24935.75,3.25,1.3181818181818181,19,0
1771805160000,1,1.0,1,0.00032077306308202767,0.0,1.0,0.44680852,1,0,0,1,25059.25,24927.5,0.8269230769230769,1.1346153846153846,13,0
1771807260000,3,0.36791667,1,0.00038172923342742624,0.0,1.0,0.26041666,2,0,0,1,25059.25,24877.25,0.38028169014084506,1.1971830985915493,4,0
1771807860000,3,0.365625,1,0.00038169472457712244,0.0,1.0,0.5412844,6,0,0,1,25059.25,24873.75,0.28,1.86,5,0
1771809000000,3,0.36333334,1,0.0006033607192059773,0.0,1.0,0.5263158,10,0,0,1,25059.25,24839.0,0.9444444444444444,1.3555555555555556,44,0
1771811760000,3,0.35125,1,0.0006841596909207985,0.0,1.0,0.025,2,0,0,1,25059.25,24831.0,0.042735042735042736,1.4102564102564104,15,0
1771813260000,3,0.3475,1,0.0002518434943788532,0.0,1.0,0.24742268,6,0,0,1,25059.25,24810.75,1.8767123287671232,1.2054794520547945,178,0
1771824060000,2,1.4835416,1,5.0386464180262615e-05,0.0,1.0,0.11627907,2,0,0,1,24863.25,24807.0,5.078947368421052,0.21052631578947367,78,1
1771828740000,2,0.979375,-1,0.00020114248933944808,0.0,1.0,0.15625,0,0,0,1,24810.75,24864.75,0.7407407407407407,1.4814814814814814,15,0
1771829820000,2,0.97625,-1,3.0160150398616656e-05,0.0,1.0,0.3,3,0,0,1,24810.75,24868.0,0.0,1.1785714285714286,2,0
1771863480000,3,1.4016666,1,0.0002632671452728359,1.0,0.0,0.724359,5,1,1,0,25059.25,24667.75,8.290697674418604,0.7732558139534884,1432,1
1771889880000,2,0.94354165,-1,0.0002014524723254666,0.0,1.0,0.5714286,7,0,0,0,24678.5,24824.75,4.777777777777778,1.5555555555555556,105,0
1771896360000,2,0.92020833,-1,0.00021148462204676833,0.0,1.0,0.23287672,3,0,0,1,24678.5,24829.75,1.2142857142857142,1.4464285714285714,16,0
1771897440000,2,0.91625,-1,4.02657539762432e-05,0.0,1.0,0.26666668,2,0,0,1,24678.5,24836.0,1.9696969696969697,1.3636363636363635,29,0
1771935300000,2,1.4870833,-1,0.00041179542806636936,0.0,1.0,0.25128207,9,0,1,0,24678.5,24901.25,4.678082191780822,1.3013698630136987,149,0
1771943880000,2,0.99375,1,0.0011022236603937668,0.0,1.0,0.21442126,1,1,1,0,24890.25,24694.0,1.108695652173913,0.04589371980676329,6,1
1771944660000,2,1.3908334,-1,0.0009927300075206818,0.0,1.0,0.5964467,3,1,1,0,24796.25,24964.25,2.641509433962264,1.2830188679245282,35,0
1771947060000,2,1.3820833,-1,0.00025994541146359267,0.0,1.0,0.77602524,0,1,1,0,24796.25,25023.0,0.29577464788732394,1.0704225352112675,1,0
1771948380000,2,1.3808334,-1,0.0001898670930348756,1.0,0.0,0.1741573,9,1,1,0,24796.25,25031.25,0.7482993197278912,1.08843537414966,12,0
1771950000000,1,1.0,-1,2.9944602485402005e-05,1.0,0.0,0.03,7,1,1,0,24796.25,25047.0,0.6030927835051546,1.1030927835051547,49,0
1771981320000,3,1.3870833,-1,5.979192410411767e-05,0.0,1.0,0.9166667,0,0,0,1,24992.25,25088.5,3.0,1.1666666666666667,1,0
1771981380000,3,1.386875,-1,3.9868036798197964e-05,0.0,1.0,0.04,0,0,0,1,24992.25,25088.75,2.4583333333333335,1.7083333333333333,11,0
1771982520000,3,1.3845834,-1,0.00013941445927106153,0.0,1.0,0.033613447,4,0,0,1,24992.25,25108.5,0.2956521739130435,1.0782608695652174,24,0
1771984800000,3,1.3779167,-1,3.982318505834097e-05,0.0,1.0,0.4509804,9,0,0,1,24992.25,25113.25,3.2142857142857144,1.6785714285714286,31,0
1771986900000,3,1.3683333,-1,0.0001493518131310114,0.0,1.0,0.3255814,3,0,0,1,24992.25,25112.25,0.06896551724137931,1.3448275862068966,3,0
1771987140000,3,1.3670833,-1,3.981882434921109e-05,0.0,1.0,0.12,1,0,0,1,24992.25,25114.75,9.886363636363637,1.3863636363636365,547,0
1772020800000,3,1.2529167,-1,9.949852742179416e-05,0.0,1.0,0.44444445,4,0,1,0,25017.5,25128.5,0.24444444444444444,1.288888888888889,2,0
1772021460000,3,0.49958333,-1,9.948565914223465e-05,1.0,0.0,0.10526316,9,0,1,0,25017.5,25131.75,0.2235294117647059,1.0823529411764705,8,0
1772022480000,3,0.59583336,-1,0.0001988862370723946,1.0,0.0,0.37362638,1,0,1,0,25017.5,25150.0,0.9473684210526315,1.280701754385965,46,0
1772025600000,3,0.58458334,-1,0.00017892999860832223,1.0,1.0,0.15714286,6,1,1,0,25017.5,25154.0,1.0508474576271187,1.2542372881355932,35,0
1772027880000,3,0.57604164,-1,0.00019872024164381384,0.0,1.0,0.3372093,2,1,1,0,25017.5,25166.0,0.45614035087719296,1.4035087719298245,11,0
1772028840000,3,0.573125,-1,4.964996772752098e-05,0.0,1.0,0.011235955,4,1,1,0,25017.5,25177.5,1.1590909090909092,2.9204545454545454,16,0
1772032200000,3,0.56854165,-1,0.0007102693104468778,1.0,0.0,0.63980263,10,1,1,0,25017.5,25361.0,0.7579908675799086,1.1461187214611872,232,0
1772046540000,2,1.4995834,-1,0.00011824407547913485,0.0,1.0,0.7567568,2,1,0,0,25264.75,25374.25,1.6666666666666667,1.7777777777777777,9,0
1772047320000,2,1.49625,-1,6.896279949558639e-05,0.0,1.0,0.10638298,4,1,0,0,25264.75,25377.75,0.023809523809523808,1.119047619047619,9,0
1772048460000,2,1.4935417,-1,0.0001379323934225953,1.0,0.0,0.27450982,10,1,0,0,25264.75,25379.0,1.9189189189189189,1.7027027027027026,60,0
1772063040000,2,1.454375,1,0.00039526472855194765,0.0,1.0,0.4814815,1,0,0,0,25338.436,25274.5,0.8857142857142857,0.24285714285714285,44,1
1772069820000,2,1.39375,1,0.00036593084895956957,1.0,0.0,0.05263158,7,0,0,1,25495.0,25264.75,3.7857142857142856,1.2857142857142858,777,0
1772078040000,2,0.99125,-1,0.00025677997906255553,1.0,0.0,0.055555556,12,0,0,1,25264.75,25323.75,1.4852941176470589,1.161764705882353,134,0
1772086920000,2,0.9608333,-1,9.868356129235993e-06,0.0,1.0,0.3939394,8,0,0,1,25264.75,25333.75,0.775,1.2,12,0
1772088540000,2,0.9554167,-1,4.932279798368402e-05,0.0,1.0,0.49315068,2,0,0,1,25264.75,25344.5,1.4054054054054055,1.054054054054054,18,0
1772114100000,2,0.968125,-1,8.853649179069974e-05,1.0,1.0,0.0647482,7,1,1,0,25264.75,25415.5,3.9153846153846152,0.4846153846153846,39,1
1772117400000,3,0.91791666,1,0.0003963496199998018,0.0,1.0,0.7514451,1,1,1,0,25402.0,25209.0,0.20930232558139536,1.2209302325581395,1,0
1772118180000,3,0.914375,1,0.0003678773477037494,0.0,1.0,0.6666667,2,1,1,0,25402.0,25135.0,0.5492957746478874,2.3380281690140845,9,0
1772119380000,3,0.91,1,0.0008224014121234003,0.0,1.0,0.8496094,1,1,1,0,25402.0,24902.0,0.01948051948051948,1.0714285714285714,1,0
1772119560000,3,0.90729165,1,0.00026076403863319525,1.0,0.0,0.11764706,1,1,1,0,25402.0,24911.0,0.04285714285714286,1.0904761904761904,1,0
1772119740000,3,0.906875,1,0.0008531994981179423,0.0,1.0,0.3993808,1,1,1,0,25402.0,24885.0,0.07216494845360824,1.4742268041237114,5,0
1772120340000,3,0.90541667,1,0.0003920110165147205,1.0,0.0,0.010893246,5,1,1,0,25402.0,24862.0,1.0881057268722467,1.433920704845815,1251,0
1772165340000,2,1.4989583,-1,7.989533710838802e-05,0.0,1.0,0.41025642,4,0,0,1,24954.0,25036.0,3.1739130434782608,1.2608695652173914,54,0
1772168880000,2,1.486875,-1,4.991315111705632e-05,0.0,1.0,0.8,1,0,0,1,24954.0,25044.75,3.8,1.4,5,0
1772170380000,2,1.4847916,-1,2.9929963884510247e-05,0.0,1.0,0.7941176,1,0,0,1,24954.0,25059.5,2.4285714285714284,1.2857142857142858,12,0
1772171280000,2,1.478125,-1,0.00018957724274867047,0.0,1.0,0.3611111,3,0,0,1,24954.0,25060.5,10.956521739130435,1.3043478260869565,93,0
1772173560000,2,0.9972917,1,0.00021002520302436292,0.0,1.0,0.6017699,5,0,0,1,25093.75,24991.75,8.088888888888889,0.5111111111111111,171,1
1772184060000,2,1.3589584,-1,6.97551593905392e-05,0.0,1.0,0.58878505,0,0,1,0,25012.0,25098.75,7.045454545454546,0.4090909090909091,41,1
1772186880000,2,0.94958335,1,0.00011003521126760564,0.0,1.0,0.51655626,4,0,1,0,25093.75,24989.25,0.1780821917808219,1.3013698630136987,3,0
1772187240000,2,0.9477083,1,0.00011009468142602638,0.0,1.0,0.45783132,1,0,1,0,25093.75,24966.0,2.522222222222222,1.3,83,0
1772193780000,3,0.90375,1,0.00018053619249170036,0.0,1.0,0.45637584,1,0,1,0,25093.75,24921.25,2.617283950617284,1.4938271604938271,44,0
1772198940000,2,1.2697917,1,0.00011054498678484931,0.0,1.0,0.8061224,1,1,1,0,25093.75,24874.0,2.6842105263157894,13.894736842105264,1,0
1772199480000,2,1.26875,1,0.00021159969368425295,0.0,1.0,0.7930029,1,1,1,0,25093.75,24805.75,0.7183098591549296,1.3661971830985915,3,0
1772199780000,2,1.2664584,1,0.00038294870502872115,0.0,1.0,0.1590909,1,1,1,0,25093.75,24795.5,3.126126126126126,1.5585585585585586,60,0
1772203440000,2,0.5910417,1,0.0007359390279556017,0.0,1.0,0.23809524,1,1,1,0,25093.75,24780.0,3.01171875,3.328125,436,0
1772406060000,3,0.8122917,1,0.0007275593415587959,0.0,1.0,0.2599278,0,0,0,0,25093.75,24689.0,3.1414634146341465,1.053658536585366,416,0
1772414580000,1,1.0,-1,0.00044211330158155986,1.0,0.0,0.6338798,10,0,0,1,24678.5,24893.25,0.3805970149253731,1.2388059701492538,8,0
1772431260000,2,0.5879167,1,0.00020261782226364632,0.0,1.0,0.53409094,2,0,0,1,24901.25,24672.0,2.0,1.5121951219512195,17,0
1772432940000,3,0.62125,1,0.0004766685936248111,1.0,0.0,0.3440367,8,0,0,1,24901.25,24633.25,0.27972027972027974,1.1818181818181819,10,0
1772433660000,3,0.616875,1,0.00020304362392259978,0.0,1.0,0.27380952,1,0,0,1,24901.25,24620.25,0.4918032786885246,1.278688524590164,3,0
1772434320000,3,0.61583334,1,0.00044814731824570695,0.0,1.0,0.505291,1,0,0,1,24901.25,24534.5,0.47058823529411764,1.0588235294117647,17,0
1772436180000,3,0.61041665,1,0.00035618334283155583,1.0,0.0,0.04090909,13,0,0,1,24901.25,24533.25,0.02843601895734597,1.052132701421801,36,0
1772438940000,3,0.60020834,1,0.0004078885648440846,0.0,1.0,0.8564593,1,0,1,0,24901.25,24504.0,0.6666666666666666,2.2333333333333334,2,0
1772458500000,2,0.9947917,-1,0.00045494065551893566,0.0,1.0,0.18545455,10,1,1,0,24477.0,24739.75,1.59375,1.2901785714285714,56,0
1772462340000,2,0.98104167,-1,0.0012173773064772522,0.0,1.0,0.6044499,2,1,1,0,24477.0,24885.25,0.05625,1.128125,9,0
1772463600000,2,0.9775,-1,0.0003116298239794123,1.0,1.0,0.0234375,10,1,1,0,24594.5,24899.0,0.0026666666666666666,1.0106666666666666,3,0
1772464680000,3,1.9116666,-1,0.0003508560888568106,1.0,0.0,0.47239265,5,1,1,0,24594.5,24947.75,1.4593023255813953,1.2325581395348837,29,0
1772466780000,3,1.9027083,-1,0.0007518570870049021,1.0,0.0,0.062222224,6,1,1,0,24594.5,24957.75,0.5260663507109005,1.2227488151658767,15,0
1772479440000,2,1.4966667,-1,0.0002890490286955915,1.0,1.0,0.03846154,3,1,0,0,24594.5,25089.5,0.31,1.13,6,0
1772480160000,2,1.49375,-1,3.985175148447774e-05,0.0,1.0,0.9587629,0,1,0,0,24594.5,25094.0,1.75,5.25,1,0
1772480580000,2,1.4922917,-1,0.00014943513518898564,1.0,0.0,0.020618556,6,1,0,0,24594.5,25098.25,0.08421052631578947,1.0736842105263158,4,0
1772480940000,3,1.0027083,-1,0.00021917153161051228,0.0,1.0,0.6567164,2,1,0,0,24594.5,25100.0,87.0,0.5217391304347826,701,1
1772482560000,2,0.9977083,1,0.0005508648578267881,0.0,1.0,0.2857143,1,1,0,0,25093.75,24947.0,1.436842105263158,1.063157894736842,139,0
1772494560000,2,0.95520836,1,0.0003606780747805875,0.0,1.0,0.6,1,0,0,0,25093.75,24944.0,6.8,1.75,37,0
1772496900000,2,0.9472917,1,0.00027057361606606006,0.0,1.0,0.48809522,1,0,0,1,25093.75,24939.5,0.4186046511627907,1.302325581395349,1,0
1772498640000,2,0.94666666,1,0.0002606725351406629,1.0,0.0,0.29245284,18,0,0,1,25093.75,24928.25,0.22666666666666666,1.1466666666666667,13,0
1772500200000,2,0.9379167,1,0.0004615600730468985,1.0,0.0,0.016304348,8,0,0,1,25093.75,24904.0,0.281767955801105,1.0552486187845305,27,0
1772528700000,2,1.28125,1,0.0004486682709956357,1.0,1.0,0.5680345,6,0,1,0,25093.75,24505.5,0.53,1.07,29,0
1772531220000,3,0.72791666,1,0.00024512056867971935,0.0,1.0,0.24031007,1,0,1,0,25093.75,24471.75,0.16326530612244897,1.1938775510204083,3,0
1772531940000,3,0.7270833,1,0.00034757718258024943,0.0,1.0,0.81914896,0,0,1,0,25093.75,24446.5,1.8529411764705883,1.2352941176470589,1,0
1772532240000,3,0.725,1,9.206501836185644e-05,1.0,0.0,0.19786096,2,0,1,0,25093.75,24437.0,0.21333333333333335,1.2,4,0
1772532780000,3,0.72333336,1,0.0001739931426232025,0.0,1.0,0.10810811,3,0,1,0,25093.75,24422.0,0.7954545454545454,1.7424242424242424,20,0
1772534460000,3,0.71791667,1,0.0005019463224749027,1.0,0.0,0.094339624,3,0,1,0,25093.75,24392.75,0.5208333333333334,1.3875,39,0
1772536860000,3,0.7083333,1,0.0005331692812467958,0.0,1.0,0.02764977,1,0,1,0,25093.75,24369.5,4.5260663507109005,1.113744075829384,244,0
1772548440000,2,0.99375,-1,0.0006706908115358819,0.0,1.0,0.10585585,3,1,1,0,24477.0,24627.0,0.25692695214105793,1.1738035264483626,3,0
1772548740000,2,0.9920833,-1,0.0006505850182468766,0.0,1.0,0.045774646,0,1,1,0,24477.0,24661.0,1.7749077490774907,0.2952029520295203,23,1
1772551380000,3,0.6620833,1,0.0001433750486451058,0.0,1.0,0.8425787,0,1,1,0,24607.25,24385.25,0.009523809523809525,1.8285714285714285,2,0
1772552100000,3,0.65729165,1,0.0002770992836470371,0.0,1.0,0.3277311,6,1,1,0,24607.25,24350.75,3.3041666666666667,0.6208333333333333,42,1
1772556480000,2,0.9714583,-1,0.00028319443320657013,0.0,1.0,0.8148148,2,1,1,0,24369.5,24725.0,3.1083333333333334,1.625,92,0
1772562900000,2,0.995625,-1,0.0003529791439751503,0.0,1.0,0.8833333,0,1,0,0,24369.5,24797.75,2.1714285714285713,1.2571428571428571,2,0
1772563800000,2,0.9922917,-1,0.0006749065707694942,0.0,1.0,0.7254902,9,1,0,0,24369.5,24835.0,6.185714285714286,1.542857142857143,55,0
1772588220000,2,1.495625,1,0.00039565389414736584,1.0,0.0,0.2122449,6,0,0,1,24850.25,24629.75,0.9119170984455959,1.16580310880829,39,0
1772590560000,2,1.4841666,1,0.000385688911443796,0.0,1.0,0.51282054,0,0,0,1,24804.25,24621.75,3.8421052631578947,1.1578947368421053,12,0
1772591760000,2,1.4816667,1,0.0003555681979803726,0.0,1.0,0.5511364,0,0,0,1,24804.25,24588.75,2.962025316455696,1.1518987341772151,28,0
1772593620000,2,1.3991667,1,0.0003151239148555513,0.0,1.0,0.14728682,3,0,0,1,24804.25,24585.75,0.5636363636363636,1.1363636363636365,8,0
1772595300000,2,1.3966666,1,0.00011205623185453064,0.0,1.0,0.7923323,0,0,0,1,24804.25,24525.0,6.369230769230769,1.523076923076923,157,0
1772619840000,2,1.3983333,-1,0.0006942697590179604,0.0,1.0,0.7980769,7,0,1,0,24611.5,24866.0,1.6952380952380952,1.2190476190476192,37,0
1772622240000,2,1.3122916,-1,9.046135289978893e-05,0.0,1.0,0.37984496,1,0,1,0,24611.5,24874.75,0.825,1.1125,12,0
1772623080000,2,1.3091667,-1,0.0003015196590817721,0.0,1.0,0.5425532,1,0,1,0,24611.5,24883.0,0.06976744186046512,1.9534883720930232,1,0
1772623260000,2,1.3085417,-1,0.0001807973161642845,0.0,1.0,0.42391303,1,0,1,0,24611.5,24894.5,12.169811320754716,3.30188679245283,109,0
1772630220000,2,1.2852083,-1,0.00042166557903719693,1.0,0.0,0.10559006,2,1,1,0,24611.5,24928.0,1.5208333333333333,1.7569444444444444,73,0
1772636580000,1,1.0,-1,0.0004605157776709915,0.0,1.0,0.057142857,2,1,1,0,24720.0,24983.5,0.1303030303030303,1.1090909090909091,5,0
1772638380000,2,0.7825,-1,0.00034825524124138066,0.0,1.0,0.6873065,3,1,1,0,24720.0,25147.75,3.386138613861386,1.0297029702970297,28,0
1772670240000,3,0.996875,-1,7.92361633849689e-05,1.0,0.0,0.42937854,6,0,0,1,25093.75,25243.0,5.396039603960396,0.4158415841584158,78,1
1772675820000,2,0.95375,1,0.0002393394231919901,0.0,1.0,0.74747473,0,0,0,1,25217.0,25044.0,2.25,1.08,91,0
1772682000000,2,0.9941667,1,0.0,1.0,0.0,0.12230216,9,0,0,1,25217.0,25025.5,1.6557377049180328,1.1147540983606556,140,0
1772690400000,2,1.4875,1,0.00022974498306879365,0.0,1.0,0.7012987,0,0,0,1,25217.0,25022.0,0.6956521739130435,1.6521739130434783,1,0
1772691420000,2,1.4870833,1,0.00018010626269499006,0.0,1.0,0.7815126,2,0,0,1,25217.0,24980.75,7.903846153846154,1.5961538461538463,133,0
1772699520000,3,0.99375,1,0.000670274812673196,0.0,1.0,0.092391305,2,0,1,0,25217.0,24973.0,4.592814371257485,1.2574850299401197,345,0
1772720700000,3,0.9214583,1,7.01009453613203e-05,1.0,0.0,0.0625,8,1,1,0,25217.0,24962.25,5.56,1.4666666666666666,65,0
1772724960000,3,0.90625,1,0.00037068948243733346,1.0,1.0,0.39221558,4,1,1,0,25217.0,24930.5,2.793103448275862,1.0935960591133005,113,0
1772733060000,3,0.88125,1,0.00024195255713608824,0.0,1.0,0.81639344,1,1,0,0,25208.25,24792.25,1.1517857142857142,1.1160714285714286,4,0
1772734020000,3,0.87604165,1,0.0004838270721406324,1.0,0.0,0.0,11,1,0,0,25208.25,24785.25,0.22058823529411764,1.0441176470588236,20,0
1772735280000,3,0.869375,1,0.0003427523009768441,0.0,1.0,0.7117117,1,1,0,0,25208.25,24781.5,4.3125,1.5625,4,0
1772735880000,3,0.86833334,1,0.0005141336344207428,1.0,0.0,0.06912442,5,1,0,0,25208.25,24774.0,6.2772277227722775,1.7524752475247525,1072,0
1772803860000,3,1.3310417,1,0.0004030673424762442,1.0,0.0,0.08560311,0,1,1,0,24980.0,24751.0,0.625531914893617,1.1914893617021276,10,0
1772805120000,3,1.3289584,1,0.0005169477781381771,0.0,1.0,0.65235174,1,1,1,0,24980.0,24651.25,0.041176470588235294,1.2470588235294118,2,0
1772806260000,3,1.32625,1,0.00038582597217991677,0.0,1.0,0.7242798,2,1,1,0,24980.0,24613.0,6.119402985074627,1.0746268656716418,25,0
1772807760000,3,1.3175,1,0.000497482131254061,0.0,1.0,0.7117647,0,1,1,0,24980.0,24611.75,24.244897959183675,1.5510204081632653,361,0
1772829600000,3,1.2420833,1,0.00023358079356535692,0.0,1.0,0.14766839,2,1,0,0,24921.0,24611.0,0.14893617021276595,4.382978723404255,80,0
1773008400000,3,1.225,1,0.0012373174956693887,1.0,1.0,0.73239434,11,0,0,0,24921.0,24216.0,0.45394736842105265,1.368421052631579,87,0
1773013800000,3,0.60270834,1,0.0005373121990535039,0.0,1.0,0.281106,2,0,0,1,24921.0,24181.5,0.0641025641025641,1.3717948717948718,7,0
1773014640000,3,0.600625,1,0.00026888948642108095,0.0,1.0,0.27380952,7,0,0,1,24500.0,24167.0,0.5792349726775956,1.1967213114754098,15,0
1773045900000,2,0.980625,-1,0.00015410536697624722,1.0,0.0,0.047272727,9,0,1,0,24210.25,24337.75,0.0648854961832061,1.1946564885496183,29,0
1773047940000,2,0.971875,-1,2.050146585480862e-05,0.0,1.0,0.85561496,1,0,1,0,24210.25,24389.0,0.25925925925925924,2.5555555555555554,1,0
1773048300000,2,0.97083336,-1,0.0004812220993570054,0.0,1.0,0.507772,4,0,1,0,24210.25,24428.75,1.0526315789473684,2.4,7,0
1773048900000,2,0.9683333,-1,0.00041882035671236237,0.0,1.0,0.8831909,1,0,1,0,24210.25,24495.0,13.658536585365853,2.707317073170732,235,0
1773063360000,2,1.49375,-1,0.0006227921507769588,1.0,0.0,0.08962264,5,1,1,0,24344.75,24526.0,0.8911917098445595,0.18652849740932642,9,1
1773064200000,2,1.478125,1,0.00022593068035943519,0.0,1.0,0.93272173,0,1,1,0,24460.0,24338.25,4.7272727272727275,2.090909090909091,1,0
1773064260000,2,1.476875,1,0.0004619791185438418,0.0,1.0,0.48,0,1,1,0,24460.0,24332.25,1.4743589743589745,1.6282051282051282,2,0
1773064380000,2,1.4764583,1,0.00019527436047646945,0.0,1.0,0.88414633,0,1,1,0,24460.0,24320.0,11.421052631578947,2.4210526315789473,2,0
1773064560000,2,1.4760417,1,0.0011485412500640928,0.0,1.0,0.32022473,1,1,1,0,24460.0,24313.25,1.6322314049586777,0.3760330578512397,8,1
1773065100000,2,1.4866667,-1,0.000317867213534991,0.0,1.0,0.013020833,0,1,1,0,24344.75,24476.0,0.6094986807387863,0.24538258575197888,6,1
1773065640000,2,1.4727083,1,0.00024661419264678685,0.0,1.0,0.26229507,3,1,1,0,24460.0,24323.5,3.2666666666666666,0.4888888888888889,9,1
1773068160000,2,1.4827083,-1,7.123376887694875e-05,0.0,1.0,0.8347719,3,1,1,0,24344.75,24584.75,0.35074626865671643,1.1567164179104477,7,0
1773084900000,2,1.4835416,-1,0.00038068904717538743,0.0,1.0,0.86236393,0,1,0,0,24575.5,24999.0,0.2994350282485876,1.5084745762711864,2,0
1773086340000,2,1.4797916,-1,0.0014088869792863638,0.0,1.0,0.4919355,21,1,0,0,24575.5,25055.0,2.5317460317460316,1.1666666666666667,628,0
1773128100000,3,1.406875,-1,0.00031934534204879994,0.0,1.0,0.033898305,3,0,1,0,24854.25,25076.75,0.23391812865497075,1.3099415204678362,25,0
1773154980000,2,0.95104164,-1,0.00022838985154659649,0.0,1.0,0.80686694,1,1,1,0,24854.25,25182.0,8.066666666666666,1.4,133,0
1773163800000,2,0.9841667,-1,8.923083024330273e-05,0.0,1.0,0.5502392,2,1,0,0,25080.0,25217.75,6.723404255319149,0.3404255319148936,44,1
1773168120000,2,0.9845833,1,0.00019005891826466204,0.0,1.0,0.43879473,21,1,0,0,25182.0,24987.5,0.3422818791946309,1.023489932885906,45,0
1773214200000,2,0.995,1,0.00011999040076793856,0.0,1.0,0.7916667,1,0,1,0,25182.0,24998.0,0.45,1.6,1,0
1773214980000,2,0.99354166,1,0.00025046335721084004,0.0,1.0,0.7258065,2,0,1,0,25182.0,24947.5,4.3088235294117645,1.0147058823529411,71,0
1773232860000,2,0.99375,-1,0.002420435678422116,0.0,1.0,0.10236221,11,1,1,0,24892.5,25056.0,0.29385964912280704,1.3092105263157894,49,0
1773236940000,2,0.98104167,-1,0.00012949754950790932,0.0,1.0,0.184375,7,1,1,0,24892.5,25115.5,0.5440613026819924,1.9578544061302683,11,0
1773244260000,3,1.2025,1,0.00014058765640376775,0.0,1.0,0.093495935,3,1,1,0,25182.0,24892.0,1.5650224215246638,1.3273542600896862,107,0
1773251400000,3,1.1795833,1,0.0004219536453781006,1.0,1.0,0.007832898,12,1,0,0,25182.0,24873.75,0.4,1.0605263157894738,214,0
1773269040000,3,1.12,1,0.00020144232706176222,0.0,1.0,0.80191696,2,0,0,0,25006.75,24816.0,1.467741935483871,2.5806451612903225,25,0
1773270660000,3,1.110625,1,0.0007960098745528742,0.0,1.0,0.01863354,2,0,0,1,25006.75,24791.5,0.43037974683544306,1.4177215189873418,19,0
1773272400000,3,1.1060417,1,0.0004945548501700663,0.0,1.0,0.6225166,5,0,0,1,25006.75,24746.5,0.543859649122807,1.5614035087719298,4,0
1773272760000,3,1.1033334,1,0.00015159937338925667,0.0,1.0,0.1919192,1,0,0,1,25006.75,24732.5,4.4875,1.2625,169,0
1773284520000,2,1.4802083,1,0.00047532362459546925,1.0,1.0,0.11038961,22,0,0,1,24842.25,24703.75,0.6058394160583942,1.0583941605839415,35,0
1773292920000,2,1.4995834,-1,0.0001816860465116279,1.0,0.0,0.5277778,16,0,0,1,24696.25,24777.5,0.3137254901960784,1.0784313725490196,21,0
1773294480000,2,1.4910417,-1,0.0002724768142414548,1.0,0.0,0.08053691,5,0,0,1,24696.25,24779.5,0.40145985401459855,1.0656934306569343,37,0
1773302700000,2,1.4264584,-1,9.036961171190167e-05,0.0,1.0,0.9716312,2,0,1,0,24696.25,24900.0,6.5,1.875,3,0
1773315840000,2,1.4910417,-1,0.0003210144055214478,0.0,1.0,0.13414635,1,0,1,0,24696.25,24929.0,13.225352112676056,0.04225352112676056,123,1
1773323340000,3,0.9277083,1,0.0009413050739379953,0.0,1.0,0.024390243,2,1,1,0,24926.75,24676.5,0.5083333333333333,1.1333333333333333,4,0
1773324720000,3,0.92645836,1,0.0007606413728055496,1.0,1.0,0.06465517,16,1,1,0,24926.75,24630.5,0.10138248847926268,1.1267281105990783,17,0
1773325800000,3,0.9189583,1,0.00018277266127148849,0.0,1.0,0.81764704,0,1,1,0,24926.75,24613.0,0.9354838709677419,2.225806451612903,2,0
1773325980000,3,0.918125,1,8.131486130733969e-05,0.0,1.0,0.8873239,0,1,1,0,24926.75,24593.75,5.625,2.5,1,0
1773326040000,3,0.91791666,1,0.00021336693015789154,0.0,1.0,0.092307694,0,1,1,0,24926.75,24590.75,1.8644067796610169,1.4745762711864407,3,0
1773326340000,3,0.91729164,1,0.0007112303268611373,0.0,1.0,0.25824177,1,1,1,0,24926.75,24572.5,3.5407407407407407,1.1703703703703703,33,0
1773328440000,3,0.91,1,0.00031544136352073263,0.0,1.0,0.14492753,1,1,1,0,24926.75,24561.0,4.906779661016949,1.1101694915254237,272,0
1773345780000,2,1.0902083,1,0.00016295270297796065,1.0,0.0,0.28915662,6,1,0,0,24735.25,24543.0,0.059322033898305086,1.1694915254237288,4,0
1773360420000,2,0.9625,1,0.0004387352181942475,0.0,1.0,0.116883114,5,0,0,1,24613.5,24491.5,2.735294117647059,0.22058823529411764,10,1
1773362340000,2,1.4964583,-1,0.00042623583019576404,1.0,0.0,0.54891306,1,0,0,1,24517.0,24647.25,1.0481927710843373,1.0,26,0
1773384420000,2,1.3783333,1,0.00013261787688980474,0.0,1.0,0.7477477,1,0,0,1,24735.25,24503.25,0.35714285714285715,2.0357142857142856,1,0
1773384660000,2,1.3775,1,0.0002756367719871369,0.0,1.0,0.43089432,2,0,0,1,24735.25,24482.0,0.02857142857142857,1.1285714285714286,3,0
1773385920000,3,0.96375,1,0.0003478332037484143,0.0,1.0,0.81560284,2,0,1,0,24599.75,24423.75,0.17307692307692307,1.2115384615384615,3,0
1773386640000,3,0.959375,1,8.19252432155658e-05,0.0,1.0,0.036697246,2,0,1,0,24599.75,24410.5,1.4952380952380953,1.0666666666666667,41,0
1773397500000,2,0.9585417,-1,0.000355694671693818,0.0,1.0,0.05263158,5,0,1,0,24397.5,24613.25,1.0,1.4,25,0
1773400080000,2,0.95208335,-1,0.00048723544637872406,1.0,1.0,0.2929293,2,0,1,0,24397.5,24645.5,0.2357142857142857,1.2285714285714286,18,0
1773406980000,2,1.2529167,-1,0.0004756362900369377,0.0,1.0,0.2386059,17,1,1,0,24397.5,24735.25,0.75,1.278169014084507,40,0
1773409620000,2,1.2410417,-1,0.0003933394519470303,0.0,1.0,0.8429752,1,1,1,0,24397.5,24805.0,27.68421052631579,0.43859649122807015,119,1
1773417660000,3,0.9529167,1,0.0003688411216868334,1.0,1.0,0.34138972,4,1,0,0,24735.25,24391.75,0.7706422018348624,1.1055045871559632,58,0
1773421140000,3,0.9377083,1,0.00044063246129095063,0.0,1.0,0.5520833,0,1,0,0,24735.25,24386.0,7.209302325581396,1.2790697674418605,48,0
1773425100000,3,0.9275,1,0.0006053082455294395,1.0,0.0,0.10869565,15,1,0,0,24735.25,24353.0,1.920731707317073,1.0548780487804879,95,0
1773431400000,3,0.90416664,1,0.00021555263590080474,0.0,1.0,0.5840708,10,1,0,0,24735.25,24350.75,3.5319148936170213,1.0638297872340425,61,0
1773435180000,2,1.1891667,1,0.00027721593067548284,0.0,1.0,0.35714287,1,1,0,0,24472.75,24342.5,0.13333333333333333,1.3111111111111111,2,0
1773612060000,2,1.1885417,1,0.0007294020957468667,1.0,0.0,0.0,1,0,0,0,24472.75,24270.0,0.7606837606837606,0.7863247863247863,57,1
1773616080000,2,0.36291668,-1,0.00012248522521970788,1.0,0.0,0.067226894,8,0,0,1,24270.0,24495.75,0.5990990990990991,1.2747747747747749,59,0
1773620700000,2,1.4985417,-1,0.00010194199500484225,1.0,1.0,0.08227848,9,0,0,1,24270.0,24526.25,0.5862068965517241,1.3241379310344827,204,0
1773633840000,2,0.9897917,-1,7.13324909305833e-05,1.0,0.0,0.42222223,14,0,0,1,24407.0,24539.75,0.0,1.1730769230769231,4,0
1773640380000,2,0.9897917,-1,0.00011198322287715441,0.0,1.0,0.20967741,1,0,0,1,24407.0,24560.0,0.3469387755102041,1.1020408163265305,5,0
1773641040000,2,0.98791665,-1,4.0716612377850165e-05,1.0,0.0,0.0,5,0,0,1,24407.0,24562.0,0.0,1.255813953488372,8,0
1773657660000,2,1.4952084,-1,0.00013225091049665302,0.0,1.0,0.28688523,13,0,1,0,24407.0,24582.5,0.0,1.7471264367816093,1,0
1773658260000,3,0.96625,-1,0.0002744655545729011,0.0,1.0,0.78612715,1,0,1,0,24407.0,24600.0,0.3783783783783784,1.0,3,0
1773658620000,3,0.96375,-1,0.00033528748361663435,0.0,1.0,0.30666667,2,0,1,0,24407.0,24614.0,1.8846153846153846,1.8461538461538463,39,0
1773661680000,3,0.955,-1,0.00015228117195589938,0.0,1.0,0.45833334,1,0,1,0,24407.0,24636.75,0.14102564102564102,1.0128205128205128,13,0
1773669540000,2,0.33791667,-1,0.000313302205243264,0.0,1.0,0.7029703,1,1,1,0,24478.0,24744.25,5.4,1.5333333333333334,9,0
1773688140000,2,0.948125,-1,7.060508558345016e-05,1.0,1.0,0.980057,0,1,0,0,24617.25,24787.5,10.428571428571429,17.428571428571427,1,0
1773688380000,2,0.9479167,-1,0.0012615940493131883,0.0,1.0,0.0043668123,3,1,0,0,24617.25,24816.25,0.793859649122807,0.2631578947368421,251,1
1773707160000,2,1.495,1,0.00010160330007518644,0.0,1.0,0.12195122,1,0,0,1,24765.75,24603.0,1.5833333333333333,1.0277777777777777,24,0
1773709020000,2,1.4895834,1,0.00014231113279661707,0.0,1.0,0.54545456,1,0,0,1,24765.75,24590.0,3.4,1.7,115,0
1773716040000,2,0.9891667,1,0.00021351661871015626,0.0,1.0,0.22727273,2,0,0,1,24765.75,24583.0,0.4411764705882353,2.235294117647059,5,0
1773717300000,2,0.98770833,1,0.0002441157922574608,1.0,1.0,0.09589041,16,0,0,1,24634.0,24572.5,0.5757575757575758,1.2575757575757576,26,0
1773723900000,2,0.97729164,-1,5.074184578538229e-05,0.0,1.0,0.30769232,14,0,0,1,24566.75,24635.75,0.18518518518518517,1.0740740740740742,7,0
1773725340000,2,0.9725,-1,8.117294911470752e-05,1.0,1.0,0.31944445,14,0,0,1,24566.75,24640.75,5.755102040816326,0.4897959183673469,25,1
1773727860000,2,0.97625,1,0.0001427173381177622,1.0,1.0,0.6284404,5,0,0,1,24634.0,24517.5,4.864197530864198,0.6296296296296297,199,1
1773739800000,2,1.41875,-1,3.044387164863713e-05,0.0,1.0,0.9444444,0,0,1,0,24478.0,24636.25,11.0,1.6666666666666667,1,0
1773740940000,2,1.415,-1,0.0001928738199167597,0.0,1.0,0.24528302,1,0,1,0,24478.0,24634.75,4.5,1.075,76,0
1773745980000,2,1.3989583,-1,0.00017254503933011926,1.0,1.0,0.008196721,8,0,1,0,24526.5,24635.5,0.0,1.1074380165289257,10,0
1773747600000,2,1.3952084,-1,0.00019276619489676862,0.0,1.0,0.9166667,15,0,1,0,24526.5,24646.0,18.4,1.5,27,0
1773749880000,2,1.4235417,-1,0.0,0.0,1.0,0.6807229,5,1,1,0,24526.5,24681.5,0.0,2.1320754716981134,2,0
1773750540000,2,1.420625,-1,8.097821685966476e-05,0.0,1.0,0.671875,2,1,1,0,24526.5,24700.0,0.23809523809523808,1.619047619047619,2,0
1773750960000,2,1.4185417,-1,0.00034390678103252955,0.0,1.0,0.28947368,4,1,1,0,24526.5,24724.5,0.20987654320987653,1.2839506172839505,24,0
1773754500000,2,1.2214583,-1,0.0002214304406465769,0.0,1.0,0.88990825,1,1,1,0,24597.5,24855.5,1.4583333333333333,1.125,3,0
1773754680000,3,1.2795833,-1,7.040766035344645e-05,0.0,1.0,0.91566265,0,1,1,0,24597.5,24857.0,15.0,2.142857142857143,5,0
1773755820000,3,1.2785417,-1,9.043862734261167e-05,1.0,0.0,0.40416667,7,1,1,0,24597.5,24896.75,3.7482517482517483,1.048951048951049,680,0
1773801060000,3,1.1214583,-1,0.00015057217426219636,0.0,1.0,0.7590361,1,0,0,1,24775.75,24909.0,0.0,1.2,1,0
1773801360000,3,1.118125,-1,0.00010037338900710643,1.0,0.0,0.0,1,0,0,1,24775.75,24909.5,0.24390243902439024,1.024390243902439,10,0
1773802080000,3,1.1154166,-1,0.0001304880252143015,0.0,1.0,0.07692308,2,0,0,1,24775.75,24909.75,2.75,1.7083333333333333,58,0
1773806340000,3,1.1029167,-1,0.00016054102324834693,0.0,1.0,0.60493827,1,0,0,1,24775.75,24925.25,0.21875,1.03125,12,0
1773807180000,2,0.785,-1,8.024152699625874e-05,0.0,1.0,0.3846154,1,0,0,1,24775.75,24926.75,3.0625,1.375,38,0
1773809640000,2,0.776875,-1,6.0176316607660446e-05,0.0,1.0,0.16666667,3,0,0,1,24775.75,24928.25,1.65,1.8,17,0
1773811200000,3,0.78520834,-1,4.0102662816811036e-05,0.0,1.0,0.38636363,1,0,0,1,24775.75,24937.0,0.1111111111111111,1.0,5,0
1773812040000,3,0.78229165,-1,2.0044297898355367e-05,0.0,1.0,0.42857143,3,0,0,1,24775.75,24947.0,0.17857142857142858,1.2857142857142858,15,0
1773813360000,3,0.77708334,-1,3.00610238784733e-05,0.0,1.0,0.32,2,0,0,1,24775.75,24950.0,0.17647058823529413,1.8823529411764706,4,0
1773813720000,3,0.775,-1,6.011361473184319e-05,0.0,1.0,0.20689656,1,0,0,1,24775.75,24954.25,0.4782608695652174,1.4782608695652173,5,0
1773814500000,3,0.7735417,-1,0.00013020181280985527,0.0,1.0,0.16666667,4,0,0,1,24775.75,24964.5,0.28888888888888886,1.8444444444444446,5,0
1773815640000,3,0.7708333,-1,8.004402421331733e-05,1.0,0.0,0.39814815,7,0,0,1,24775.75,24990.0,13.353846153846154,0.26153846153846155,356,1
1773832080000,2,0.975,1,0.00021055797864340503,0.0,1.0,0.47457626,7,0,1,0,24970.0,24926.25,2.935483870967742,4.129032258064516,18,0
1773833520000,2,0.96958333,1,0.00010048130545312044,0.0,1.0,0.5232068,2,0,1,0,24970.0,24877.75,0.8495575221238938,1.079646017699115,30,0
1773837000000,3,0.89375,1,0.00026248573995739654,0.0,1.0,0.8893617,0,1,1,0,24970.0,24756.75,1.5384615384615385,2.0384615384615383,1,0
1773837060000,3,0.8935417,1,3.0302112057210386e-05,0.0,1.0,0.9677419,0,1,1,0,24970.0,24750.0,6.0,17.0,1,0
1773837120000,3,0.8933333,1,6.0631783180743344e-05,0.0,1.0,0.9130435,0,1,1,0,24970.0,24738.0,2.1666666666666665,8.5,1,0
1773837180000,3,0.893125,1,0.0003234316093754738,0.0,1.0,0.5,0,1,1,0,24970.0,24726.75,5.34375,2.71875,9,0
1773838200000,3,0.8910417,1,0.000516607408758015,0.0,1.0,0.77894735,0,1,1,0,24970.0,24664.5,1.3492063492063493,1.3174603174603174,7,0
1773838980000,3,0.888125,1,0.00012171126032010061,1.0,0.0,0.27118644,2,1,1,0,24970.0,24645.5,3.1550387596899223,1.0852713178294573,82,0
1773845400000,3,0.8697917,1,0.00024389500320112193,0.0,1.0,0.61890244,22,1,1,0,24970.0,24594.75,2.84,1.104,131,0
1773854640000,2,1.1497917,1,7.11968185193096e-05,1.0,0.0,0.19883041,13,1,0,0,24714.75,24578.0,2.4744525547445257,1.0875912408759123,70,0
1773858960000,2,1.1302084,1,0.00021345151093176668,0.0,1.0,0.013452915,1,1,0,0,24714.75,24569.75,0.25,1.0818181818181818,14,0
1773860640000,2,1.1270833,1,0.00023437101951393488,1.0,0.0,0.2046332,4,1,0,0,24714.75,24520.25,0.24757281553398058,1.0048543689320388,15,0
1773862320000,2,1.083125,1,0.0005305039787798408,1.0,0.0,0.1875,9,1,0,0,24714.75,24492.0,0.28846153846153844,1.0096153846153846,6,0
1773862680000,2,1.0795833,1,0.00018369221349117258,0.0,1.0,0.425,0,1,0,0,24714.75,24491.75,0.30434782608695654,1.5217391304347827,1,0
1773862740000,2,1.079375,1,0.00017351896460213122,0.0,1.0,0.5952381,0,1,0,0,24714.75,24488.75,1.588235294117647,1.411764705882353,1,0
1773864000000,2,1.0791667,1,0.0004092615897766455,0.0,1.0,0.7615894,1,1,0,0,24714.75,24424.25,1.4444444444444444,1.3333333333333333,5,0
1773864540000,2,0.66125,1,0.0004096388009872295,0.0,1.0,0.09638554,1,1,0,0,24714.75,24401.75,0.3333333333333333,1.0133333333333334,3,0
1773865260000,2,0.66,1,0.00045080581539501857,0.0,1.0,0.4587156,1,1,0,0,24714.75,24385.0,0.0847457627118644,1.88135593220339,4,0
1773866400000,2,0.65729165,1,0.00044129267967282765,0.0,1.0,0.08139535,13,1,0,0,24714.75,24349.5,0.6455696202531646,1.0759493670886076,57,0
1773884640000,2,0.99375,-1,0.0002147788289440041,0.0,1.0,0.7348485,1,0,0,1,24346.5,24449.0,1.0,1.0,11,0
1773885480000,2,0.98854166,-1,0.00010224217080577054,0.0,1.0,0.0,2,0,0,1,24346.5,24454.25,2.675675675675676,1.2702702702702702,10,0
1773886980000,2,0.98583335,-1,0.00020421291238244995,0.0,1.0,0.82901555,1,0,0,1,24346.5,24489.25,0.7272727272727273,1.0,9,0
1773888180000,2,0.98083335,-1,0.00023467711489995612,0.0,1.0,0.7368421,7,0,0,1,24346.5,24507.75,25.16,0.0,270,1
1773904500000,3,1.4597917,1,0.00018472716823513715,0.0,1.0,0.0,1,0,1,0,24507.75,24343.0,1.184,1.048,21,0
1773906420000,3,1.455,1,0.000297600722451409,1.0,0.0,0.13986014,11,0,1,0,24507.75,24341.5,0.15447154471544716,1.0975609756097562,8,0
1773907080000,3,1.4510417,1,0.00010273796681563672,0.0,1.0,0.76,1,0,1,0,24507.75,24331.25,1.2916666666666667,1.625,1,0
1773907560000,3,1.4502083,1,0.0004006204480785627,0.0,1.0,0.56852794,1,0,1,0,24424.5,24325.75,1.4941176470588236,1.4941176470588236,27,0
1773913980000,2,1.476875,-1,0.0004503536299526105,0.0,1.0,0.52380955,2,0,1,0,24270.0,24436.25,8.757142857142858,0.8571428571428571,130,1
1773921960000,2,1.4745834,1,0.0004531130929087801,0.0,1.0,0.2275449,3,1,1,0,24424.5,24265.5,1.4108527131782946,1.37984496124031,20,0
1773923340000,3,0.94458336,1,0.0005565002318750966,0.0,1.0,0.44360903,1,1,1,0,24424.5,24242.5,0.3918918918918919,1.6081081081081081,1,0
1773923520000,3,0.94375,1,0.0005568215799296754,0.0,1.0,0.27878788,2,1,1,0,24424.5,24231.25,1.2941176470588236,1.4201680672268908,19,0
1773924840000,3,0.939375,1,0.0001238390092879257,0.0,1.0,0.14503817,1,1,1,0,24424.5,24208.25,0.3125,1.125,12,0
1773925680000,3,0.93604165,1,0.00017556905027471393,0.0,1.0,0.6229508,1,1,1,0,24424.5,24202.75,1.434782608695652,1.608695652173913,2,0
1773926160000,3,0.93541664,1,0.0005474867260293784,1.0,0.0,0.26589596,1,1,1,0,24424.5,24186.75,2.354330708661417,3.188976377952756,14,0
1773927660000,3,0.93125,1,0.00016575329693667188,1.0,1.0,0.0020491802,5,1,1,0,24424.5,24113.75,1.8767967145790554,0.5667351129363449,325,1
1773947280000,2,1.36125,-1,0.0005631726072843817,0.0,1.0,0.6886228,1,1,0,0,24166.5,24474.0,1.7788461538461537,1.0384615384615385,3,0
1773948300000,2,1.36,-1,0.0001433544951873848,1.0,0.0,0.0,13,1,0,0,24166.5,24462.0,2.002463054187192,0.8325123152709359,803,1
1773983640000,2,0.9625,1,3.0793865861920304e-05,0.0,1.0,0.5576923,1,0,0,1,24424.5,24350.0,2.652173913043478,1.5217391304347827,69,0
1773988200000,2,1.4939584,1,0.0,0.0,1.0,0.104166664,1,0,0,1,24424.5,24340.0,0.5813953488372093,1.3255813953488371,9,0
1773989040000,2,1.491875,1,8.221993833504625e-05,0.0,1.0,0.3902439,1,0,0,1,24424.5,24323.0,0.08,1.0,4,0
1773990180000,2,1.49,1,0.0003706792697618386,0.0,1.0,0.8032129,1,0,1,0,24424.5,24270.25,9.387755102040817,1.8571428571428572,158,0
1774001100000,2,1.2991667,1,7.240904906230281e-05,0.0,1.0,0.42045453,0,0,1,0,24424.5,24155.5,0.2549019607843137,2.0980392156862746,2,0
1774001220000,2,1.2985417,1,0.0001346048312780211,0.0,1.0,0.835443,0,0,1,0,24424.5,24141.5,0.38461538461538464,4.076923076923077,1,0
1774001280000,2,1.2983333,1,0.00014501760928112699,0.0,1.0,0.7586207,0,0,1,0,24424.5,24131.5,0.6428571428571429,2.642857142857143,1,0
1774001340000,2,1.298125,1,0.0003314585210735113,0.0,1.0,0.13043478,0,0,1,0,24424.5,24125.75,0.0,2.825,1,0
1774001520000,2,1.2977084,1,0.0,0.0,1.0,0.07317073,1,0,1,0,24424.5,24116.0,6.157894736842105,9.0,198,0
1774217580000,3,1.5,1,0.0010857990019001481,0.0,1.0,0.3046729,13,0,0,0,24424.5,23888.0,1.2338709677419355,1.043010752688172,509,0
1774248780000,2,1.44125,1,0.0002304388813239761,0.0,1.0,0.8877551,0,0,0,1,24072.75,23862.0,0.3181818181818182,3.0454545454545454,2,0
1774249140000,2,1.4385417,1,4.1968313922988145e-05,0.0,1.0,0.32142857,2,0,0,1,24072.75,23826.5,2.1140350877192984,1.3596491228070176,23,0
1774264560000,3,0.9114583,-1,0.0009000171913396099,0.0,1.0,0.81888413,2,0,1,0,23772.75,24763.5,5.270142180094787,0.6382306477093207,4666,1
1774281600000,2,0.98854166,1,0.00012304411131390603,0.0,1.0,0.7266436,1,1,0,0,24445.0,24370.75,3.240506329113924,0.3670886075949367,8,1
1774282200000,3,0.9483333,-1,7.156659271452087e-05,0.0,1.0,0.4117647,2,1,0,0,23815.75,24454.5,0.0625,1.6,2,0
1774282380000,3,0.9475,-1,0.0008078783478376471,0.0,1.0,0.27480915,1,1,0,0,23815.75,24466.5,5.8,1.263157894736842,84,0
1774287480000,3,0.9297917,-1,0.0003475238922675934,0.0,1.0,0.11666667,1,1,0,0,23815.75,24472.75,2.169811320754717,1.0566037735849056,21,0
1774289220000,3,0.925,-1,0.00030635377734207465,1.0,0.0,0.11034483,3,1,0,0,24305.0,24489.0,0.06201550387596899,1.189922480620155,26,0
1774291140000,3,0.918125,-1,0.00034653566259657133,0.0,1.0,0.59786475,2,1,0,0,24305.0,24537.0,7.327433628318584,0.6814159292035398,281,1
1774312200000,2,1.459375,1,0.0007298669791730916,0.0,1.0,0.07124682,10,0,0,1,24507.75,24301.75,0.06575342465753424,1.3753424657534246,9,0
1774313400000,3,0.94166666,1,0.0003803023917936911,0.0,1.0,0.589404,10,0,0,1,24507.75,24301.75,1.6290322580645162,1.3064516129032258,12,0
1774315440000,3,0.9370833,1,0.00027820137658162634,1.0,0.0,0.264,7,0,0,1,24507.75,24256.25,0.29891304347826086,1.2717391304347827,17,0
1774317300000,3,0.92895836,1,0.0004435504667595028,0.0,1.0,0.3846154,8,0,0,1,24507.75,24225.5,0.6057692307692307,1.0865384615384615,16,0
1774318320000,3,0.92270833,1,2.0627700939591777e-05,0.0,1.0,0.2747253,0,0,0,1,24507.75,24222.75,4.121212121212121,1.1666666666666667,173,0
1774329060000,2,0.98625,1,0.0002375149737700855,0.0,1.0,0.5555556,1,0,0,1,24307.25,24203.25,8.295454545454545,1.8863636363636365,17,0
1774330440000,2,0.9816667,1,0.0001033228632831873,0.0,1.0,0.14634146,6,0,0,1,24307.25,24193.5,3.6,0.21904761904761905,42,1
1774333200000,2,0.9841667,-1,0.0005349519057661643,0.0,1.0,0.68292683,4,0,0,1,24222.75,24314.25,0.4230769230769231,1.7692307692307692,1,0
1774334580000,2,0.983125,-1,0.000102639898181221,0.0,1.0,0.8189655,1,0,0,1,24222.75,24363.0,1.0714285714285714,1.4523809523809523,3,0
1774335000000,2,0.97770834,-1,0.0003078880929411523,0.0,1.0,0.6181818,2,0,0,1,24222.75,24367.5,1.7142857142857142,4.190476190476191,3,0
1774335180000,2,0.9764583,-1,8.202688431133304e-05,0.0,1.0,0.9298246,0,0,0,1,24222.75,24384.25,3.375,6.625,1,0
1774335240000,2,0.97625,-1,5.124158356989864e-05,0.0,1.0,0.9375,0,0,0,1,24222.75,24395.5,18.2,7.6,8,0
1774357800000,2,1.385625,1,0.001103923571347509,0.0,1.0,0.1446541,1,1,1,0,24434.25,24205.0,2.2941176470588234,1.0514705882352942,29,0
1774359720000,2,1.379375,1,3.106747856343979e-05,0.0,1.0,0.47972974,1,1,1,0,24434.25,24140.25,0.5367965367965368,1.0735930735930737,9,0
1774360260000,3,0.926875,1,0.0002795870395874538,0.0,1.0,0.78571427,0,1,1,0,24434.25,24136.0,6.296296296296297,1.1851851851851851,1,0
1774360320000,3,0.9266667,1,0.0003308861544824734,0.0,1.0,0.15346535,0,1,1,0,24434.25,24134.75,6.941520467836257,0.4678362573099415,390,1
1774385160000,2,1.458125,-1,0.00037778617302606723,1.0,1.0,0.21348314,19,1,0,0,24193.5,24547.75,1.2809523809523808,0.9507936507936507,2023,1
1774441500000,2,0.99625,1,0.002127028602399043,0.0,1.0,0.07801419,2,1,1,0,24507.75,24395.25,0.03461538461538462,1.2346153846153847,6,0
1774441980000,2,0.99333334,1,0.0005330763631890269,0.0,1.0,0.3482143,1,1,1,0,24507.75,24373.0,6.904109589041096,0.0547945205479452,63,1
1774446180000,3,0.13,-1,0.00036727947927931603,1.0,0.0,0.23655914,5,1,1,0,24426.5,24526.0,1.0985915492957747,0.04225352112676056,6,1
1774447260000,2,0.97729164,1,0.000554596992851861,0.0,1.0,0.6,1,1,1,0,24507.75,24328.5,2.967032967032967,0.11538461538461539,34,1
1774449780000,3,0.11770833,-1,0.0003876720294630742,0.0,1.0,0.6930693,1,1,1,0,24193.5,24514.75,0.6935483870967742,1.1129032258064515,5,0
1774450440000,3,0.115,-1,0.0005510035407079375,1.0,0.0,0.176,2,1,1,0,24193.5,24519.25,11.844660194174757,0.46601941747572817,995,1
1774493100000,2,1.468125,1,0.0008757740296938912,1.0,0.0,0.077319585,8,0,0,1,24540.0,24243.0,2.983240223463687,1.100558659217877,196,0
1774497000000,2,0.99291664,-1,0.00021502293577981653,0.0,1.0,0.19473684,10,0,0,1,24283.75,24421.25,2.973856209150327,0.0718954248366013,95,1
1774503180000,2,1.4322916,1,0.00020602414602991471,1.0,0.0,0.28,6,0,0,1,24382.0,24260.5,0.5111111111111111,1.2222222222222223,19,0
1774504980000,2,1.4266666,1,0.0002165506573859242,0.0,1.0,0.4,2,0,0,1,24382.0,24238.5,0.5652173913043478,1.173913043478261,10,0
1774513860000,3,0.89395833,1,0.00021697577103890064,0.0,1.0,0.37333333,1,0,1,0,24298.0,24187.25,1.6808510638297873,1.1914893617021276,6,0
1774514760000,3,0.89229167,1,0.00020683592740058948,0.0,1.0,0.6763006,1,0,1,0,24298.0,24168.75,0.7142857142857143,1.9821428571428572,2,0
1774515000000,3,1.09,1,0.00022764429544090562,0.0,1.0,0.15555556,2,0,1,0,24298.0,24155.0,1.5263157894736843,1.0,13,0
1774516200000,3,1.086875,1,0.000279367181599015,0.0,1.0,0.16129032,7,0,1,0,24298.0,24155.0,0.24615384615384617,1.0384615384615385,8,0
1774518120000,3,1.0835416,1,0.0004766888776049493,1.0,0.0,0.46946564,11,0,1,0,24298.0,24108.5,1.7050359712230216,1.014388489208633,134,0
1774526400000,3,1.0508333,1,3.112646683474959e-05,0.0,1.0,0.9752066,0,1,1,0,24298.0,24094.5,7.0,9.333333333333334,1,0
1774532580000,2,0.991875,1,0.00013495977160654036,1.0,0.0,0.09931507,3,1,1,0,24298.0,24066.0,1.6653992395437263,1.505703422053232,72,0
1774536960000,2,0.9760417,1,0.0014957153985977669,0.0,1.0,0.18707483,1,1,1,0,24298.0,24032.75,0.6401673640167364,1.2594142259414225,81,0
1774541880000,2,0.9589583,1,0.0007385063449136676,0.0,1.0,0.15023474,1,1,0,0,24298.0,24017.25,0.09392265193370165,1.149171270718232,8,0
1774543260000,2,0.95708334,1,0.00038561349021896593,0.0,1.0,0.6482412,9,1,0,0,24298.0,23978.5,0.6142857142857143,1.6142857142857143,8,0
1774543860000,2,0.95208335,1,0.0001147087960790448,0.0,1.0,0.15068494,1,1,0,0,24298.0,23971.0,2.064516129032258,1.064516129032258,21,0
1774552500000,2,1.9985417,1,0.00029373813245491643,0.0,1.0,0.0729927,4,1,0,0,24298.0,23823.0,0.13385826771653545,1.110236220472441,10,0
1774553760000,2,1.9947916,1,0.0001784608278482873,0.0,1.0,0.30985916,3,1,0,0,24298.0,23810.5,0.14285714285714285,1.1122448979591837,8,0
1774555020000,2,1.9908333,1,0.00018922470433639947,0.0,1.0,0.5586592,3,1,0,0,24298.0,23776.75,0.31645569620253167,1.0886075949367089,2,0
1774556700000,2,0.9977083,-1,0.0011389283624508903,1.0,0.0,0.17703862,13,1,0,0,23772.75,24024.5,0.318122555410691,0.7457627118644068,688,1
1774601700000,2,1.3014584,1,0.0002838698824568413,0.0,1.0,0.852459,2,0,1,0,23975.75,23771.75,2.0,1.6666666666666667,1,0
1774602720000,2,1.3008333,1,0.00026342686743306324,0.0,1.0,0.5597484,1,0,1,0,23975.75,23709.75,1.9642857142857142,1.4214285714285715,83,0
1774609140000,3,0.8677083,1,0.000274972238379779,0.0,1.0,0.815427,1,0,1,0,23975.75,23632.25,0.7014925373134329,1.2238805970149254,1,0
1774609320000,3,0.8625,1,0.0001269827832509709,0.0,1.0,0.6103896,1,0,1,0,23975.75,23622.25,0.4,1.05,4,0
1774610100000,3,0.86104167,1,0.00040210363692157923,1.0,0.0,0.12258065,7,0,1,0,23975.75,23609.75,1.338235294117647,1.1544117647058822,93,0
1774615680000,2,0.99,1,0.0001376666560769239,0.0,1.0,0.85227275,0,1,1,0,23975.75,23604.5,1.6153846153846154,3.3846153846153846,1,0
1774615740000,2,0.9897917,1,0.0003071513302830029,0.0,1.0,0.5538462,0,1,1,0,23975.75,23596.75,4.206896551724138,1.0,11,0
1774617420000,2,0.9875,1,0.0003180290678568021,1.0,0.0,0.21714285,7,1,1,0,23689.25,23575.25,1.5985401459854014,1.5474452554744527,17,0
1774619160000,2,0.98020834,1,0.0006476477645534946,1.0,1.0,0.07013575,10,1,1,0,23689.25,23531.5,0.12165450121654502,1.1070559610705597,7,0
1774619940000,2,0.97625,1,0.00014909160614257416,0.0,1.0,0.8964286,1,1,1,0,23689.25,23472.0,4.551724137931035,4.862068965517241,1,0
1774635240000,2,0.9714583,1,0.00041776463783019474,1.0,0.0,0.8549618,4,1,0,0,23611.0,23327.0,2.6710526315789473,1.25,49,0
1774822440000,1,1.0,1,0.0007882603202712479,0.0,1.0,0.29661018,8,0,0,0,23611.0,23134.0,0.7349397590361446,1.1285140562248996,78,0
1774827600000,2,0.99333334,1,0.0006697923643670462,1.0,0.0,0.040697675,8,0,0,1,23611.0,23126.0,0.04242424242424243,1.2121212121212122,10,0
1774829100000,2,0.9895833,1,0.000108242680088759,0.0,1.0,0.5,3,0,0,1,23242.0,23093.75,4.378151260504202,0.23529411764705882,15,1
1774830600000,2,0.99583334,-1,0.00044080807646407417,0.0,1.0,0.21146953,3,0,0,1,23158.68,23263.0,0.9772727272727273,0.5681818181818182,10,1
1774839300000,2,0.96458334,-1,0.00020412767648986344,0.0,1.0,0.13636364,4,0,0,1,23093.75,23274.5,0.3263157894736842,1.2210526315789474,11,0
1774870620000,2,0.98375,-1,0.004483540825780892,0.0,1.0,0.1865942,11,0,1,0,23373.75,23580.0,0.9576837416481069,0.6258351893095768,129,1
1774879620000,2,0.96541667,1,0.0005149109633125939,0.0,1.0,0.6698113,9,1,1,0,23538.0,23293.0,1.5714285714285714,1.1357142857142857,29,0
1774890360000,2,0.9741667,1,0.00020408601688543256,0.0,1.0,0.25,1,1,0,0,23538.0,23259.0,0.15315315315315314,1.054054054054054,4,0
1774892160000,2,0.97291666,1,0.0002804685983042437,0.0,1.0,0.78038377,1,1,0,0,23538.0,23169.0,2.3009708737864076,1.3883495145631068,50,0
1774899000000,3,0.81125,1,0.0002604505795025394,1.0,0.0,0.6832298,1,1,0,0,23538.0,23024.25,4.519607843137255,1.1274509803921569,158,0
1774912260000,3,0.7608333,1,0.0009547367964240767,0.0,1.0,0.34705883,3,0,0,1,23165.0,23021.0,1.2522522522522523,1.3873873873873874,61,0
1774916040000,2,1.4475,1,0.00021720715045939312,0.0,1.0,0.5048544,1,0,0,1,23165.0,23009.0,0.45098039215686275,1.2156862745098038,1,0
1774916760000,2,1.446875,1,0.0005549933074336456,1.0,0.0,0.20149253,3,0,0,1,23165.0,22960.5,4.200934579439252,0.4252336448598131,19,1
1774918500000,2,0.953125,-1,0.0007204920853406745,0.0,1.0,0.40337712,7,0,0,1,23024.25,23284.5,0.5660377358490566,1.1446540880503144,30,0
1774943160000,2,0.99125,-1,0.00019277314884229014,0.0,1.0,0.8269231,0,0,1,0,23234.0,23348.0,1.2777777777777777,1.1111111111111112,1,0
1774944000000,2,0.9902083,-1,0.00018188821364375588,0.0,1.0,0.8197674,0,0,1,0,23238.0,23373.75,3.2580645161290325,2.2903225806451615,4,0
1774954200000,2,1.4660417,1,0.00033339427637310044,1.0,0.0,0.15322581,7,0,1,0,23538.0,23238.0,10.657142857142857,0.24761904761904763,183,1
1774959000000,3,1.498125,-1,0.0006086167316213763,1.0,0.0,0.09881423,1,1,1,0,23238.0,23428.0,1.043859649122807,1.144736842105263,25,0
1774961100000,3,1.4927083,-1,5.3339022829101774e-05,0.0,1.0,0.2080537,10,1,1,0,23238.0,23436.25,1.6779661016949152,1.2203389830508475,46,0
1774963920000,3,1.4810417,-1,0.0003840614498319731,0.0,1.0,0.0,1,1,1,0,23238.0,23442.75,0.12962962962962962,1.3101851851851851,2,0
1774965360000,3,1.4804167,-1,0.0005201532859887689,0.0,1.0,0.7662142,1,1,1,0,23238.0,23568.5,0.5290322580645161,1.232258064516129,3,0
1774966080000,3,1.475,-1,0.0001590988640341108,1.0,0.0,0.14497042,8,1,1,0,23238.0,23581.0,0.18685121107266436,1.1038062283737025,25,0
1774967760000,3,1.468125,-1,0.00037108111833246746,1.0,0.0,0.019607844,3,1,1,0,23238.0,23588.5,2.376,1.456,122,0
1774975560000,3,1.1920834,-1,0.0015847361571722429,0.0,1.0,0.6282811,3,1,0,0,23238.0,23860.0,0.48291571753986334,1.0250569476082005,18,0
1774976700000,3,1.1866666,-1,0.000692092320921112,0.0,1.0,0.024896266,1,1,0,0,23238.0,23862.75,0.7446808510638298,1.0765957446808512,12,0
1774977900000,3,1.18375,-1,0.0005028231424351305,0.0,1.0,0.20576131,6,1,0,0,23238.0,23877.25,1.694300518134715,1.0518134715025906,96,0
1774983720000,3,1.1622916,-1,0.0004923373453589348,0.0,1.0,0.32,1,1,0,0,23747.25,23879.75,2.588235294117647,1.4705882352941178,8,0
1774984620000,3,1.1604167,-1,0.00029305869547014985,0.0,1.0,0.58436215,1,1,0,0,23747.25,23904.75,0.27722772277227725,1.0693069306930694,4,0
1774984920000,3,1.158125,-1,0.0004708048670760925,0.0,1.0,0.6393443,1,1,0,0,23747.25,23906.5,1.0909090909090908,1.4090909090909092,1,0
1774986660000,3,1.1575,-1,0.0011274898734705808,0.0,1.0,0.4522613,1,1,0,0,23747.25,23974.0,0.944954128440367,1.2568807339449541,158,0
1775000700000,2,0.9689583,-1,0.00029150876608503726,0.0,1.0,0.4292683,7,0,0,1,23868.0,24020.0,0.3076923076923077,1.1282051282051282,8,0
1775001600000,2,0.9639583,-1,0.0004368583642774675,0.0,1.0,0.503268,2,0,0,1,23868.0,24045.75,0.3684210526315789,1.1710526315789473,3,0
1775002560000,1,1.0,-1,0.00030155874676344275,1.0,0.0,0.06521739,13,0,0,1,23868.0,24049.0,1.8837209302325582,1.2790697674418605,308,0
1775021760000,3,0.98229164,-1,0.00042595189860266996,1.0,0.0,0.14942528,11,0,0,1,23868.0,24074.0,0.013513513513513514,1.2635135135135136,36,0
1775024280000,3,0.9725,-1,0.00024906600249066,0.0,1.0,0.60209423,0,0,0,1,23868.0,24109.0,0.25,1.2236842105263157,3,0
1775025480000,3,0.970625,-1,0.00011384099517728148,0.0,1.0,0.84115523,0,0,0,1,23868.0,24167.5,1.1136363636363635,1.1818181818181819,4,0
1775026140000,3,0.96625,-1,9.307135470527404e-05,0.0,1.0,0.31182796,1,0,0,1,23868.0,24177.25,0.5,1.265625,12,0
1775026920000,3,0.96208334,-1,7.243152633920719e-05,1.0,0.0,0.0882353,0,0,1,0,23868.0,24168.5,3.838709677419355,1.7419354838709677,35,0
1775029140000,3,0.95479167,-1,0.0002378613165106779,0.0,1.0,0.12698413,1,0,1,0,23868.0,24179.5,11.781818181818181,1.3636363636363635,239,0
1775043720000,2,0.95458335,-1,0.00023778016706641302,0.0,1.0,0.025316456,1,0,1,0,23956.0,24187.75,0.07792207792207792,1.3506493506493507,10,0
1775044440000,2,0.95166665,-1,0.00038240127329288836,0.0,1.0,0.30864197,1,0,1,0,23956.0,24203.0,0.07142857142857142,1.0892857142857142,3,0
1775044980000,2,0.9504167,-1,0.00015498269359921475,1.0,1.0,0.023076924,5,1,1,0,23956.0,24205.5,2.1496062992125986,2.2440944881889764,41,0
1775055780000,2,0.9766667,-1,0.00038108578550020083,0.0,1.0,0.72115386,1,1,1,0,24036.25,24282.0,0.8448275862068966,1.3103448275862069,3,0
1775092020000,2,1.436875,1,0.001285600240531658,0.0,1.0,0.8898488,2,0,0,1,24253.75,24082.25,11.03921568627451,1.6274509803921569,9,0
1775092560000,2,1.4341667,1,0.0008611745175347582,0.0,1.0,0.72240806,0,0,0,1,24253.75,24074.25,0.7228915662650602,2.927710843373494,1,0
1775092620000,2,1.4339583,1,0.00016640146433288613,0.0,1.0,0.9471947,0,0,0,1,24253.75,24034.25,5.625,7.8125,1,0
1775092680000,2,1.43375,1,0.00016659031277331223,0.0,1.0,0.9255814,0,0,0,1,24253.75,24007.0,4.75,5.8125,1,0
1775092800000,2,1.4333333,1,0.0004992355455708447,0.0,1.0,0.03255814,0,0,0,1,24253.75,23984.75,0.46634615384615385,1.1778846153846154,2,0
1775093580000,2,1.4329166,1,0.00016723806338322602,0.0,1.0,0.9626168,0,0,0,1,24253.75,23914.0,14.6875,1.4375,15,0
1775094540000,3,0.7775,1,0.0002715773420934435,0.0,1.0,0.24,1,0,0,1,24253.75,23912.25,0.9210526315789473,1.1140350877192982,21,0
1775097960000,3,0.7729167,1,0.00025147215993629374,1.0,0.0,0.5422535,9,0,0,1,24253.75,23853.5,0.2692307692307692,1.1076923076923078,17,0
1775099040000,3,0.76166666,1,0.0,0.0,1.0,0.70454544,0,0,0,1,24253.75,23858.25,10.076923076923077,2.230769230769231,33,0
1775101380000,3,0.7547917,1,0.0003356232628874089,0.0,1.0,0.310559,1,0,0,1,24253.75,23828.25,0.04504504504504504,1.0810810810810811,6,0
1775101860000,3,0.7522917,1,0.00028326828654160895,0.0,1.0,0.7096774,1,0,0,1,24253.75,23820.25,0.7222222222222222,1.6666666666666667,1,0
1775103420000,3,0.75166667,1,0.00028342885935630157,1.0,1.0,0.032786883,12,0,0,1,24253.75,23808.75,0.11864406779661017,1.1355932203389831,19,0
1775129220000,3,0.959375,1,0.00021066380163896437,0.0,1.0,0.7322835,1,0,1,0,23882.25,23729.5,0.08823529411764706,1.5294117647058822,1,0
1775130660000,3,0.95666665,1,0.00012651688473257493,1.0,0.0,0.6268657,8,0,1,0,23882.25,23700.5,0.64,1.2266666666666666,7,0
1775132040000,3,0.9504167,1,0.0002111464194845916,0.0,1.0,0.43103448,2,1,1,0,23882.25,23666.5,8.1010101010101,0.5353535353535354,104,1
1775139000000,3,0.97541666,-1,2.0881186051367718e-05,0.0,1.0,0.77873564,4,1,1,0,23666.5,23945.5,0.15584415584415584,2.0,1,0
1775139120000,3,0.9725,-1,5.2211687064032416e-05,0.0,1.0,0.43636364,0,1,1,0,23666.5,23948.75,1.8387096774193548,1.1290322580645162,1,0
1775139180000,3,0.97229165,-1,0.0003759751856377479,0.0,1.0,0.47826087,0,1,1,0,23666.5,23949.75,1.0,1.8958333333333333,2,0
1775140200000,3,0.971875,-1,0.0003646251132942316,0.0,1.0,0.34527686,9,1,1,0,23666.5,24006.0,0.13930348258706468,1.527363184079602,3,0
1775140380000,3,0.968125,-1,0.0003538128538128538,0.0,1.0,0.8515284,0,1,1,0,23666.5,24032.5,1.5294117647058822,7.382352941176471,2,0
1775141340000,3,0.9675,-1,0.0015993231251805688,1.0,0.0,0.27493918,12,1,1,0,23666.5,24267.75,0.924496644295302,1.0469798657718121,1537,0
1775184780000,2,1.4695834,1,0.0001552200502912963,1.0,1.0,0.15675676,2,0,0,1,24235.75,24151.0,0.08974358974358974,1.1282051282051282,218,0
1775220000000,3,1.34375,-1,0.001187452243768457,0.0,1.0,0.18568233,10,1,1,0,24063.5,24240.25,1.3104395604395604,0.21978021978021978,35,1
1775427060000,2,1.271875,1,6.254495418582106e-05,0.0,1.0,0.9873684,0,0,0,0,24235.75,23981.25,24.333333333333332,1.1666666666666667,1,0
1775427720000,2,0.56,1,8.333941016532455e-05,1.0,0.0,0.034883723,10,0,0,0,24235.75,23981.0,3.180722891566265,0.14859437751004015,186,1
1775436660000,1,1.0,-1,0.00033067757902677453,1.0,0.0,0.8586066,3,0,0,1,24063.5,24209.25,0.0,1.3333333333333333,6,0
1775437140000,2,1.475625,-1,0.00012390550140426235,0.0,1.0,0.46666667,2,0,0,1,24063.5,24215.0,0.125,1.8333333333333333,1,0
1775439000000,3,0.58166665,-1,0.0003404448479346346,0.0,1.0,0.14864865,2,0,0,1,24063.5,24241.25,2.634920634920635,1.5555555555555556,39,0
1775442300000,3,0.573125,-1,0.00012333751310461078,0.0,1.0,0.85927504,1,0,0,1,24063.5,24326.5,10.984848484848484,1.196969696969697,335,0
1775446200000,2,0.99604166,1,0.0010350359674998707,0.0,1.0,0.24909747,11,0,0,1,24235.75,24128.75,1.1009615384615385,0.12980769230769232,34,1
1775448840000,3,0.5491667,-1,0.0001547396762845972,0.0,1.0,0.53061223,10,0,0,1,24184.0,24238.0,0.6304347826086957,1.826086956521739,20,0
1775451180000,3,0.54291666,-1,0.00012367054167697255,0.0,1.0,0.86567163,1,0,0,1,24184.0,24261.0,1.7222222222222223,2.7222222222222223,16,0
1775452320000,3,0.535625,-1,0.00011332728921124207,0.0,1.0,0.20930232,3,0,0,1,24184.0,24268.75,5.588235294117647,1.6176470588235294,60,0
1775456520000,3,0.5225,-1,0.00013388673182487614,1.0,0.0,0.08974359,8,0,0,1,24184.0,24277.5,0.7323943661971831,1.3661971830985915,28,0
1775458860000,3,0.514375,-1,0.0004840470452532493,1.0,0.0,0.030612245,9,0,1,0,24184.0,24291.25,0.7631578947368421,1.1157894736842104,47,0
1775462340000,3,0.5022917,-1,9.250313482845808e-05,0.0,1.0,0.6363636,7,0,1,0,24184.0,24325.75,0.046875,1.25,1,0
1775464080000,3,0.14479166,-1,0.00011289925281221775,0.0,1.0,0.37373737,2,0,1,0,24184.0,24360.75,0.06451612903225806,1.1774193548387097,4,0
1775465460000,3,0.14333333,-1,0.00019478389239727714,0.0,1.0,0.5121951,9,0,1,0,24184.0,24393.5,0.4875,1.2375,14,0
1775466900000,3,0.13645834,-1,0.0005433668238671314,1.0,0.0,0.018691588,10,0,1,0,24184.0,24398.25,4.828571428571428,1.457142857142857,276,0
1775484120000,3,0.976875,-1,0.001444775752359288,1.0,0.0,0.04187192,2,1,1,0,24184.0,24453.0,1.9074550128534704,0.36503856041131105,654,1
1775496120000,3,1.485,1,0.0002579713135899288,1.0,0.0,0.07317073,8,1,0,0,24347.0,24202.5,1.4360902255639099,0.3533834586466165,62,1
1775499900000,2,1.4825,-1,0.0005133048620236531,0.0,1.0,0.27522936,1,1,0,0,24245.25,24364.5,1.0632911392405062,1.2658227848101267,84,0
1775527800000,3,1.3797916,1,0.0001966283413881961,1.0,1.0,0.720524,3,0,0,1,24383.0,24152.5,6.203125,0.6171875,385,1
1775549040000,2,0.975,-1,0.0007192618318571341,0.0,1.0,0.29238328,2,0,1,0,24128.75,24348.0,0.1875,1.1319444444444444,17,0
1775551200000,2,0.970625,-1,0.0002872177828838717,1.0,0.0,0.5701358,5,0,1,0,24128.75,24383.0,0.5684210526315789,1.2,30,0
1775554080000,3,1.3854166,-1,0.00026633068027001833,0.0,1.0,0.71348315,1,0,1,0,24128.75,24412.25,0.2549019607843137,1.1176470588235294,4,0
1775555100000,3,1.3808334,-1,6.142631913020332e-05,0.0,1.0,0.056603774,11,0,1,0,24128.75,24421.0,7.08,0.43333333333333335,254,1
1775571300000,2,1.5877084,1,0.00012501562695336918,1.0,0.0,0.66877973,7,1,1,0,24303.25,23994.0,1.9090909090909092,1.229665071770335,45,0
1775574120000,3,1.0620834,1,0.0004690480409426823,0.0,1.0,0.73214287,0,1,1,0,24303.25,23973.5,0.7777777777777778,1.2666666666666666,2,0
1775574900000,3,1.0616666,1,0.0003026381699782935,1.0,1.0,0.08303887,9,1,1,0,24303.25,23941.5,2.0944123314065513,0.3622350674373796,270,1
1775592240000,2,0.928125,-1,0.00021522126796072723,0.0,1.0,0.8955651,1,1,0,0,23981.0,24398.75,1.1232876712328768,1.1095890410958904,10,0
1775593380000,3,1.7470833,-1,0.001025483258985797,1.0,1.0,0.03587444,8,1,0,0,23981.0,24415.75,0.037209302325581395,1.544186046511628,18,0
1775595300000,3,1.89125,-1,0.0009213570565713233,0.0,1.0,0.16386555,13,1,0,0,23981.0,24451.5,0.2613065326633166,5.155778894472362,5,0
1775600100000,3,1.8875,-1,0.002286399479717096,1.0,0.0,0.6523031,15,0,0,0,23981.0,24658.25,4.098290598290598,2.534188034188034,17,0
1775601720000,3,1.8683333,-1,0.0008057368463459834,0.0,1.0,0.8807054,3,0,0,0,23981.0,24842.0,0.3173913043478261,1.2434782608695651,9,0
1775602980000,3,1.864375,-1,0.00012015139075234795,0.0,1.0,0.98122066,0,0,0,1,23981.0,24971.5,9.416666666666666,6.083333333333333,1,0
1775604600000,3,1.8614583,-1,0.0004386708273929992,0.0,1.0,0.7936508,5,0,0,1,23981.0,25086.75,1.1398601398601398,1.1608391608391608,32,0
1775606880000,1,1.0,-1,0.0004684867876758071,1.0,1.0,0.052208837,6,0,0,1,23981.0,25092.5,0.4533898305084746,1.097457627118644,41,0
1775621400000,2,0.99895835,-1,0.0003284104932128498,0.0,1.0,0.7627119,5,0,0,1,23981.0,25129.25,1.2142857142857142,4.357142857142857,3,0
1775621880000,2,0.9972917,-1,0.0002584261845361747,0.0,1.0,0.35658914,2,0,0,1,23981.0,25158.75,0.963855421686747,1.3373493975903614,70,0
1775639280000,2,0.97520834,-1,4.9541738915035914e-05,0.0,1.0,0.56153846,7,0,1,0,25134.25,25232.5,0.21052631578947367,1.2982456140350878,3,0
1775650560000,2,0.9741667,-1,0.00019804725407482224,0.0,1.0,0.4651163,9,1,1,0,25134.25,25257.25,6.217391304347826,0.6811594202898551,77,1
1775655180000,2,1.443125,1,0.0007950863662565346,0.0,1.0,0.24347825,0,1,1,0,25245.25,25132.75,1.2183908045977012,1.2988505747126438,5,0
1775656020000,2,1.4420834,1,0.00015931494573334662,0.0,1.0,0.11149826,4,1,1,0,25245.25,25089.5,0.11372549019607843,1.2745098039215685,4,0
1775656320000,2,1.4391667,1,8.965750831822438e-05,0.0,1.0,0.47311828,0,1,1,0,25245.25,25083.25,0.46938775510204084,1.2653061224489797,1,0
1775656380000,2,1.4389583,1,0.00036868379883814783,0.0,1.0,0.5647059,0,1,1,0,25245.25,25080.0,1.054054054054054,1.4864864864864864,1,0
1775656440000,2,1.43875,1,0.0002392201423359847,0.0,1.0,0.7446808,0,1,1,0,25245.25,25075.5,3.625,1.375,1,0
1775658000000,2,1.4385417,1,0.0015345676305877195,0.0,1.0,0.5813953,12,1,1,0,25245.25,25042.5,0.8055555555555556,1.0925925925925926,10,0
1775715300000,2,0.9745833,-1,0.0001796138302649304,0.0,1.0,0.09016393,12,0,0,1,24943.25,25058.25,2.7927927927927927,1.2252252252252251,386,0
1775740080000,2,1.4414583,-1,0.001138360760504873,0.0,1.0,0.32142857,27,1,1,0,24953.0,25064.5,0.20175438596491227,1.3508771929824561,20,0
1775741460000,2,1.4316666,-1,0.0010368583192925437,0.0,1.0,0.6105769,1,1,1,0,24953.0,25107.0,3.345679012345679,1.2839506172839505,12,0
1775742300000,2,1.4285417,-1,0.0004083258639577731,0.0,1.0,0.45833334,2,1,1,0,24953.0,25112.75,8.384615384615385,2.9384615384615387,107,0
1775749500000,2,1.405625,-1,0.0007558954875028595,0.0,1.0,0.58237547,12,1,1,0,24953.0,25154.75,0.03669724770642202,1.128440366972477,2,0
1775750760000,3,1.3027084,-1,0.00035635802102512324,0.0,1.0,0.6699219,3,1,0,0,24953.0,25264.5,1.8284023668639053,1.0946745562130178,224,0
1775764380000,3,1.1520833,-1,0.00020777267690359348,0.0,1.0,0.3652174,1,1,0,0,24953.0,25273.25,3.3835616438356166,1.2602739726027397,246,0
1775782860000,3,1.5877084,-1,0.000286892949358448,0.0,1.0,0.13483146,2,0,0,1,25193.25,25278.0,0.16883116883116883,1.1168831168831168,28,0
1775785260000,3,1.58125,-1,4.942078836041593e-05,1.0,0.0,0.60638297,5,0,0,1,25193.25,25298.75,3.864864864864865,1.5675675675675675,118,0
1775793000000,3,1.554375,-1,0.0004546802411782149,1.0,1.0,0.0625,11,0,0,1,25193.25,25304.0,4.373333333333333,4.253333333333333,519,0
1775824140000,3,0.94395834,-1,0.0028585558852621167,1.0,1.0,0.0,0,1,1,0,25203.25,25365.0,0.0,1.0194444444444444,1,0
1775825160000,3,0.94354165,-1,0.0002469184576485461,0.0,1.0,0.41142857,15,1,1,0,25203.25,25335.25,0.6213592233009708,1.3398058252427185,44,0
1775828100000,3,0.93125,-1,0.0002661121021870472,0.0,1.0,0.11111111,2,1,1,0,25203.25,25372.0,0.7801724137931034,1.0862068965517242,57,0
1775832120000,3,0.91833335,-1,0.0006802117528761127,1.0,0.0,0.08450704,10,1,1,0,25203.25,25377.0,0.019230769230769232,1.073076923076923,33,0
1775834340000,3,0.909375,-1,0.00023643456673365647,0.0,1.0,0.1969697,1,1,1,0,25203.25,25383.0,0.5283018867924528,1.471698113207547,4,0
1775834700000,3,0.9075,-1,0.0001969395592492664,0.0,1.0,0.050632913,1,1,1,0,25203.25,25393.5,24.546666666666667,0.0,335,1
1776032580000,3,1.4875,1,0.0023025788883549577,0.0,1.0,0.40758294,23,0,0,0,25393.5,24914.5,6.712,0.868,1086,1
1776042300000,1,1.0,-1,0.00017952247022919035,0.0,1.0,0.79761904,1,0,0,1,24953.0,25072.0,0.6078431372549019,1.7647058823529411,5,0
1776056940000,2,0.9760417,-1,0.0001992726548099437,1.0,0.0,0.039215688,14,0,0,1,25044.0,25096.25,0.5204081632653061,1.530612244897959,68,0
1776062160000,2,1.49625,-1,0.0002189969937685401,1.0,1.0,0.022988506,12,0,0,1,25044.0,25120.0,0.058823529411764705,1.2941176470588236,24,0
1776069120000,2,0.999375,-1,0.00026871019108280254,1.0,1.0,0.19166666,29,0,1,0,25044.0,25134.0,0.8556701030927835,1.4639175257731958,144,0
1776078300000,2,0.9633333,-1,0.0009733520058003834,0.0,1.0,0.7303371,5,0,1,0,25044.0,25195.25,5.777777777777778,1.1527777777777777,138,0
1776087060000,2,0.98270833,-1,0.00041619184462171133,0.0,1.0,0.6585366,1,1,1,0,25044.0,25239.25,3.5285714285714285,3.2285714285714286,18,0
1776088380000,2,0.97729164,-1,0.00026688808492971946,0.0,1.0,0.3678161,3,1,1,0,25044.0,25298.25,0.031818181818181815,1.2363636363636363,6,0
1776092400000,3,1.313125,-1,4.929508035098097e-05,0.0,1.0,0.16230367,2,1,1,0,25044.0,25358.75,0.9125,1.05,80,0
1776097920000,3,1.2958333,-1,0.0004628763332315662,0.0,1.0,0.6544118,3,1,0,0,25044.0,25396.5,0.09574468085106383,1.6170212765957446,1,0
1776098280000,3,1.293125,-1,0.0007281959437517836,0.0,1.0,0.26415095,3,1,0,0,25044.0,25423.75,1.0192307692307692,1.1217948717948718,12,0
1776099120000,3,1.2895833,-1,0.0004131540375970174,0.0,1.0,0.12781955,1,1,0,0,25044.0,25435.25,0.6551724137931034,1.206896551724138,27,0
1776100800000,3,1.2833333,-1,9.833711931242687e-06,0.0,1.0,0.3125,0,1,0,0,25282.25,25431.0,0.42424242424242425,1.0,9,0
1776102240000,3,1.2814584,-1,0.00022609533358891937,1.0,0.0,0.16853933,13,1,0,0,25282.25,25438.5,1.2972972972972974,1.0810810810810811,61,0
1776106620000,3,1.265625,-1,0.00011786429890386202,0.0,1.0,0.7307692,2,1,0,0,25282.25,25456.0,1.8571428571428572,1.5142857142857142,25,0
1776108600000,3,1.2579167,-1,0.00011783767859773163,0.0,1.0,0.31111112,5,1,0,0,25396.0,25461.75,0.1935483870967742,2.6451612903225805,1,0
1776108900000,3,1.2558334,-1,0.00011776020097740967,0.0,1.0,0.5686275,2,1,0,0,25396.0,25479.5,0.0,2.0,1,0
1776108960000,3,1.255,-1,0.00019623233908948196,0.0,1.0,0.54545456,0,1,0,0,25396.0,25485.0,4.8,6.6,14,0
1776111000000,3,1.2520833,-1,0.0004402872629786901,0.0,1.0,0.79945797,4,1,0,0,25396.0,25562.75,0.0945945945945946,1.3108108108108107,10,0
1776145260000,2,1.4672917,1,6.843154889922965e-05,0.0,1.0,0.4722222,4,0,0,1,25600.5,25571.25,1.368421052631579,1.4210526315789473,24,0
1776147060000,2,1.4614583,1,0.00011732384313802172,0.0,1.0,0.6666667,0,0,0,1,25600.5,25566.75,2.7857142857142856,1.2142857142857142,5,0
1776147840000,2,1.4591666,1,1.9554929797802024e-05,0.0,1.0,0.53846157,0,0,0,1,25600.5,25564.5,8.722222222222221,0.4444444444444444,38,1
1776150420000,2,1.4370834,-1,0.000536847242557345,0.0,1.0,0.72115386,1,0,1,0,25571.5,25634.75,0.2413793103448276,1.206896551724138,2,0
1776150600000,3,0.9604167,-1,7.805868061315094e-05,0.0,1.0,0.08955224,0,0,1,0,25571.5,25637.0,0.819672131147541,1.1639344262295082,20,0
1776152520000,3,0.95625,-1,5.849891777002126e-05,1.0,0.0,0.022988506,2,0,1,0,25571.5,25643.0,0.7176470588235294,1.1411764705882352,46,0
1776155460000,3,0.94416666,-1,3.898559482271301e-05,0.0,1.0,0.41666666,1,0,1,0,25571.5,25651.5,1.3571428571428572,1.3928571428571428,11,0
1776156120000,3,0.94125,-1,0.0001657113892463056,0.0,1.0,0.033333335,0,0,1,0,25571.5,25654.25,0.41379310344827586,1.3103448275862069,2,0
1776156780000,3,0.940625,-1,0.00010717278201056139,0.0,1.0,0.3617021,1,0,1,0,25571.5,25664.5,0.1,1.3666666666666667,7,0
1776157560000,3,0.9375,-1,7.791044194698194e-05,0.0,1.0,0.44444445,4,0,1,0,25571.5,25674.0,7.68,4.56,171,0
1776169200000,3,0.900625,-1,0.0004964276675686725,0.0,1.0,0.40229884,23,1,1,0,25571.5,25696.25,0.49038461538461536,1.5288461538461537,9,0
1776169740000,2,0.9689583,-1,0.0003404503672000389,0.0,1.0,0.6111111,0,1,1,0,25571.5,25710.0,2.942857142857143,1.7142857142857142,1,0
1776170760000,2,0.9685417,-1,0.0002628172057664042,1.0,1.0,0.25531915,6,1,1,0,25571.5,25690.0,1.8857142857142857,2.0285714285714285,44,0
1776193980000,2,0.9977083,-1,0.00010590772548717554,0.0,1.0,0.22727273,1,1,0,0,25571.5,25972.0,0.27450980392156865,1.2156862745098038,3,0
1776194580000,2,0.99666667,-1,8.659841428681395e-05,0.0,1.0,0.88,0,1,0,0,25571.5,25984.25,0.4444444444444444,2.2222222222222223,1,0
1776195180000,2,0.995,-1,0.0001827555692355046,0.0,1.0,0.45901638,1,1,0,0,25571.5,25995.75,3.9696969696969697,1.8484848484848484,26,0
1776196980000,2,0.98770833,-1,0.0001827678751791606,0.0,1.0,0.114503816,3,1,0,0,25885.0,26005.25,0.07758620689655173,1.103448275862069,63,0
1776205560000,2,0.98604167,-1,0.0002979909641449582,0.0,1.0,0.3943662,17,0,0,0,25885.0,26015.5,1.1395348837209303,1.0,60,0
1776209340000,2,0.96958333,-1,0.00024027141058539727,0.0,1.0,0.3469388,0,0,0,1,25972.5,26020.25,0.875,2.3125,5,0
1776210900000,2,0.96791667,-1,0.00014404240608435125,1.0,1.0,0.3125,7,0,0,1,25972.5,26037.75,1.2207792207792207,1.0909090909090908,78,0
1776216060000,1,1.0,-1,7.680860256348712e-05,0.0,1.0,0.61702126,2,0,0,1,25972.5,26040.75,2.8333333333333335,1.7777777777777777,27,0
1776229260000,2,1.5,-1,0.0014892676646361383,0.0,1.0,0.2972973,1,0,0,1,25972.5,26058.25,1.7461538461538462,0.2153846153846154,42,1
1776232020000,2,1.4160416,1,0.0001347644029455648,0.0,1.0,0.34210527,3,0,0,1,26026.0,25966.5,0.12,1.08,4,0
1776232560000,2,1.414375,1,8.664426751898954e-05,1.0,0.0,0.18367347,5,0,0,1,26026.0,25966.0,5.325,0.825,154,1
1776242340000,2,1.45625,-1,0.0001633045148895293,0.0,1.0,0.43589744,9,0,1,0,25972.5,26029.25,0.3181818181818182,1.2272727272727273,3,0
1776242700000,2,1.4535416,-1,3.842311534619227e-05,1.0,0.0,0.044444446,2,0,1,0,25972.5,26030.75,0.023255813953488372,1.2093023255813953,9,0
1776243540000,2,1.45125,-1,8.64196345409677e-05,0.0,1.0,0.375,3,0,1,0,25972.5,26038.0,0.16,1.0,2,0
1776249000000,2,1.359375,1,6.745622572780449e-05,0.0,1.0,0.6011236,3,0,1,0,26044.25,25941.0,0.11267605633802817,1.3661971830985915,3,0
1776249840000,2,1.3554167,1,9.636975146241097e-05,1.0,0.0,0.02259887,10,0,1,0,26044.25,25935.75,1.6358381502890174,0.43352601156069365,174,1
1776260640000,2,1.3670833,-1,0.0002206975963153097,1.0,0.0,0.08794788,4,1,1,0,25972.5,26059.5,0.0035714285714285713,1.1178571428571429,9,0
1776261600000,2,1.36375,-1,0.00035503867042815745,0.0,1.0,0.36942676,0,1,1,0,25972.5,26078.25,0.0,1.1616161616161615,2,0
1776263580000,3,0.9245833,-1,7.65154848212407e-05,0.0,1.0,0.8613139,0,1,1,0,25972.5,26152.75,2.2280701754385963,1.8421052631578947,16,0
1776265140000,3,0.91479164,-1,0.00011461974898274973,0.0,1.0,0.5338983,3,1,1,0,25972.5,26176.5,0.6,1.2545454545454546,3,0
1776265440000,3,0.9120833,-1,0.00010505305179115453,0.0,1.0,0.37288135,2,1,1,0,25972.5,26180.0,3.4594594594594597,1.4324324324324325,8,0
1776265980000,3,0.90979165,-1,0.00015280297965810334,0.0,1.0,0.55,0,1,1,0,25972.5,26182.0,0.3333333333333333,2.3333333333333335,1,0
1776266040000,3,0.90958333,-1,0.0001050209564544925,0.0,1.0,0.7708333,0,1,1,0,25972.5,26188.0,1.7272727272727273,1.9090909090909092,1,0
1776266940000,3,0.909375,-1,0.0001335979845789755,0.0,1.0,0.5744681,1,1,1,0,25972.5,26201.75,2.55,1.7,13,0
1776267840000,3,0.90375,-1,4.769718014270996e-05,0.0,1.0,0.4528302,1,1,1,0,25972.5,26209.5,0.13793103448275862,1.3793103448275863,1,0
1776268500000,3,0.90291667,-1,0.00013354828247369576,1.0,0.0,0.056818184,6,1,1,0,25972.5,26216.0,0.4457831325301205,1.3493975903614457,13,0
1776278220000,2,0.9841667,-1,0.00019975078711322066,0.0,1.0,0.7887931,1,1,0,0,26103.0,26288.0,1.0,1.7142857142857142,13,0
1776279480000,2,0.9770833,-1,0.0003801450253271623,0.0,1.0,0.8181818,1,1,0,0,26103.0,26315.75,3.3181818181818183,1.4545454545454546,7,0
1776292860000,2,0.98104167,-1,1.8946750158679032e-05,0.0,1.0,0.6721311,2,0,0,0,26103.0,26390.25,1.05,1.5,6,0
1776295560000,2,0.97770834,-1,0.0001231282143567498,1.0,0.0,0.20588236,8,0,0,1,26330.25,26399.75,0.2037037037037037,1.0185185185185186,11,0
1776297780000,1,1.0,-1,8.519338899301415e-05,1.0,0.0,0.03448276,1,0,0,1,26330.25,26416.5,0.8571428571428571,1.0357142857142858,10,0
1776319440000,2,0.98895836,-1,7.556579891940908e-05,0.0,1.0,0.7605634,2,0,0,1,26416.5,26469.0,0.8235294117647058,2.6470588235294117,2,0
1776320340000,2,0.98625,-1,6.60801268738436e-05,1.0,0.0,0.5,6,0,0,1,26416.5,26484.75,1.0,1.1627906976744187,32,0
1776322800000,2,0.976875,-1,0.0001227190771525398,1.0,0.0,0.020408163,9,0,1,0,26416.5,26486.5,1.6041666666666667,1.0625,40,0
1776328620000,2,0.96770835,1,0.00015143054543389584,0.0,1.0,0.1764706,2,0,1,0,26487.25,26410.75,6.892857142857143,1.75,116,0
1776336480000,2,1.493125,1,8.533555837900366e-05,0.0,1.0,0.73478264,1,0,1,0,26487.25,26364.25,4.852459016393443,1.1147540983606556,168,0
1776347760000,2,1.48,1,0.0002661015177290136,0.0,1.0,0.7204503,1,1,1,0,26466.0,26275.75,4.167785234899329,0.6510067114093959,73,1
1776352320000,2,1.448125,-1,0.00030214047643776376,0.0,1.0,0.53846157,1,1,1,0,26275.75,26486.25,0.7166666666666667,1.6,3,0
1776353340000,3,0.95916665,-1,0.00012266465370824685,1.0,0.0,0.01058201,1,1,1,0,26275.75,26504.5,0.12299465240641712,1.5989304812834224,7,0
1776355320000,3,0.955,-1,0.00010359961573960707,0.0,1.0,0.8355263,2,1,0,0,26275.75,26547.25,0.7,1.36,9,0
1776402300000,2,0.9995833,1,6.617508035545472e-05,0.0,1.0,0.0,2,0,0,1,26498.75,26443.25,4.372093023255814,0.9767441860465116,204,1
1776414960000,2,1.3564583,-1,8.490646138171115e-05,1.0,0.0,0.051282052,6,0,1,0,26448.0,26502.0,0.1891891891891892,1.4594594594594594,4,0
1776415980000,2,1.3541666,-1,3.771307889576105e-05,0.0,1.0,0.76842105,2,0,1,0,26448.0,26518.5,0.0,1.2727272727272727,1,0
1776416700000,2,1.35125,-1,1.8853873056872708e-05,0.0,1.0,0.7241379,9,0,1,0,26448.0,26520.25,0.75,2.125,2,0
1776426960000,3,0.8020833,-1,0.00011292735947601705,0.0,1.0,0.64912283,1,0,1,0,26448.0,26568.75,0.75,1.7,5,0
1776437400000,2,0.9916667,-1,0.00018634987188446308,0.0,1.0,0.51941746,0,1,1,0,26448.0,26856.0,1.1818181818181819,1.4343434343434343,41,0
1776444720000,2,0.9925,-1,0.0002046321272439773,1.0,0.0,0.31460676,16,1,0,0,26629.5,26883.0,21.83606557377049,0.6229508196721312,248,1
1776446580000,2,0.995625,1,0.0005411659326714937,0.0,1.0,0.09659091,2,1,0,0,26877.25,26779.5,0.006289308176100629,2.0943396226415096,1,0
1776447000000,2,0.9947917,1,0.0009246892016849893,1.0,0.0,0.053140096,4,1,0,0,26877.25,26741.0,1.1173469387755102,5.209183673469388,210,0
1776636360000,2,0.9875,1,0.0005085080937538256,0.0,1.0,0.3100616,6,0,0,0,26877.25,26534.75,3.1339285714285716,0.5922619047619048,2149,1
1776648240000,2,0.98645836,-1,0.0001311082392163473,0.0,1.0,0.6806723,13,0,0,1,26629.5,26700.5,0.5263157894736842,1.5263157894736843,15,0
1776649440000,2,0.979375,-1,2.8079371022089106e-05,0.0,1.0,0.56666666,2,0,0,1,26629.5,26710.75,0.34615384615384615,1.1153846153846154,9,0
1776650040000,2,0.9764583,-1,9.360140776517278e-05,0.0,1.0,0.53571427,1,0,0,1,26629.5,26711.5,0.23076923076923078,1.3846153846153846,1,0
1776650520000,2,0.9760417,-1,0.00010296829512585533,1.0,0.0,0.20289855,6,0,0,1,26629.5,26715.0,5.345454545454546,0.18181818181818182,209,1
1776664440000,2,0.7185417,1,0.00011271733310789867,1.0,0.0,0.3448276,10,0,0,1,26715.0,26612.25,3.5157894736842104,0.3684210526315789,87,1
1776669840000,2,0.945625,-1,0.00019650961493473073,0.0,1.0,0.21978022,2,0,1,0,26629.5,26721.5,4.394366197183099,0.11267605633802817,42,1
1776672660000,2,0.68625,1,7.512936337255712e-05,0.0,1.0,0.24390244,4,0,1,0,26715.0,26618.75,5.516129032258065,0.03225806451612903,55,1
1776676680000,2,1.42375,-1,0.0002901317759808326,1.0,0.0,0.17518248,12,0,1,0,26629.5,26719.75,0.008849557522123894,1.0973451327433628,50,0
1776679920000,3,0.973125,-1,0.00026195644038619863,0.0,1.0,0.09836066,1,0,1,0,26629.5,26731.75,2.7454545454545456,1.6363636363636365,151,0
1776691020000,3,0.93916667,-1,0.0008027929727610477,1.0,1.0,0.4296875,9,1,1,0,26629.5,26803.0,0.08904109589041095,1.63013698630137,13,0
1776691860000,3,0.93125,-1,0.0009701492537313432,1.0,1.0,0.08450704,1,1,1,0,26629.5,26826.0,2.2884615384615383,0.8576923076923076,80,1
1776697680000,3,1.464375,1,0.0001975596677234541,0.0,1.0,0.73956263,1,1,1,0,26721.5,26569.0,3.687022900763359,0.24427480916030533,161,1
1776707400000,3,1.3772917,-1,0.00010291819874439798,0.0,1.0,0.6486486,0,1,0,0,26629.5,26723.5,1.3076923076923077,1.6153846153846154,1,0
1776708660000,3,1.3766667,-1,0.0003461437712831643,1.0,1.0,0.37414965,3,1,0,0,26629.5,26732.25,0.11956521739130435,1.1956521739130435,8,0
1776709260000,3,1.3710417,-1,0.00016832970177587834,0.0,1.0,0.140625,1,1,0,0,26629.5,26737.75,0.10909090909090909,1.2545454545454546,3,0
1776711120000,3,1.37,-1,8.413731209333632e-05,0.0,1.0,0.82481754,1,1,0,0,26629.5,26744.25,0.041666666666666664,1.3333333333333333,2,0
1776711600000,3,1.36375,-1,7.478592528886064e-05,0.0,1.0,0.5731707,5,1,0,0,26629.5,26748.25,3.5714285714285716,1.457142857142857,59,0
1776733800000,3,1.3902084,-1,0.0005871826417626663,1.0,0.0,0.414966,23,0,0,1,26784.25,26838.75,1.197674418604651,1.2209302325581395,236,0
1776748920000,3,1.33625,-1,0.0001956163311691336,1.0,0.0,0.17948718,16,0,0,1,26791.5,26843.5,0.125,1.0,4,0
1776749340000,3,1.3320833,-1,4.6568376346990286e-05,0.0,1.0,0.0,3,0,0,1,26791.5,26843.5,3.590909090909091,2.8636363636363638,39,0
1776752160000,3,1.3233334,-1,6.516780710329097e-05,0.0,1.0,0.6388889,5,0,0,1,26791.5,26857.25,8.26923076923077,1.5,233,0
1776766200000,3,1.2729167,-1,3.724013369207995e-05,0.0,1.0,0.6,0,0,1,0,26791.5,26856.75,2.75,1.0625,27,0
1776768420000,3,1.2672917,-1,0.0,0.0,1.0,0.6792453,2,0,1,0,26791.5,26866.0,0.29411764705882354,1.588235294117647,3,0
1776769020000,3,1.2645833,-1,5.5808242877473e-05,0.0,1.0,0.5,1,0,1,0,26791.5,26882.5,0.9705882352941176,1.1176470588235294,9,0
1776769560000,3,1.26125,-1,0.0001116050668700359,0.0,1.0,0.6,0,0,1,0,26791.5,26883.5,13.75,3.5,26,0
1776771840000,3,1.255625,-1,0.0001487099412595732,1.0,0.0,0.1891892,4,0,1,0,26791.5,26902.0,7.683333333333334,0.5666666666666667,106,1
1776778980000,2,1.39375,1,0.0008131449080305069,1.0,0.0,0.6129754,8,1,1,0,26877.25,26726.25,2.4971098265895955,0.6069364161849711,28,1
1776781080000,2,1.8227084,-1,0.0003627873229086241,0.0,1.0,0.23972602,1,1,1,0,26791.5,26885.0,2.3963963963963963,0.10810810810810811,28,1
1776783180000,2,1.3779167,1,0.0004946013792846011,0.0,1.0,0.16666667,2,1,1,0,26877.25,26776.0,0.04,1.352,4,0
1776784080000,2,1.3754166,1,0.0005154445943919628,0.0,1.0,0.37587008,3,1,1,0,26877.25,26662.25,0.8438661710037175,1.2527881040892193,117,0
1776792060000,2,0.2725,1,0.0003851284074470683,0.0,1.0,0.5135135,1,1,0,0,26877.25,26600.0,5.972222222222222,1.8055555555555556,142,0
1776800700000,3,1.1035416,1,0.0008278846606143281,0.0,1.0,0.4673913,1,1,0,0,26877.25,26551.75,8.047619047619047,0.3401360544217687,927,1
1776860400000,3,1.4991666,-1,0.00013942204913233012,1.0,0.0,0.5867347,6,1,1,0,26779.75,26900.5,3.580246913580247,1.345679012345679,107,0
1776868500000,3,1.4735416,-1,0.0002501505535739102,1.0,1.0,0.5991649,5,1,1,0,26779.75,26996.5,0.041666666666666664,1.125,4,0
1776868860000,3,1.466875,-1,0.0003611512390265585,0.0,1.0,0.1923077,1,1,1,0,26779.75,27006.75,2.1666666666666665,1.119047619047619,43,0
1776871500000,3,1.4575,-1,0.0002778318006278999,0.0,1.0,0.056818184,1,1,1,0,26779.75,27009.25,1.4698795180722892,2.2771084337349397,105,0
1776878640000,2,0.9977083,-1,6.471713987222987e-05,0.0,1.0,0.7017544,1,1,0,0,26779.75,27050.0,4.666666666666667,1.1372549019607843,115,0
1776885720000,2,0.99604166,-1,0.0001940724722060495,0.0,1.0,0.2238806,2,1,0,0,26958.0,27057.0,0.28846153846153844,1.25,4,0
1776886080000,2,0.9945833,-1,0.00028649323044221617,0.0,1.0,0.23333333,2,1,0,0,26958.0,27060.25,1.065217391304348,1.5217391304347827,19,0
1776887520000,2,0.9902083,-1,0.0001939362596160062,0.0,1.0,0.4385965,1,1,0,0,26958.0,27079.25,0.109375,1.859375,2,0
1776888840000,2,0.98854166,-1,0.0003501852295556334,1.0,0.0,0.5949821,6,1,0,0,26977.75,27138.0,5.389380530973451,0.36283185840707965,179,1
1776903480000,2,1.4472916,1,0.00022298408451096804,0.0,1.0,0.13036303,1,0,0,1,27138.0,26848.0,1.2011385199240987,0.8690702087286527,900,1
1776946500000,2,1.4652083,-1,0.00012002917632286001,0.0,1.0,0.6379822,4,1,1,0,26890.5,27080.0,3.0327868852459017,1.4180327868852458,92,0
1776952140000,2,1.34,-1,0.00047066640826157977,0.0,1.0,0.30232558,1,1,1,0,26890.5,27102.5,5.066666666666666,1.211111111111111,68,0
1776956340000,2,1.325625,-1,7.378644358565222e-05,0.0,1.0,0.30136988,2,1,1,0,26957.0,27107.25,0.0784313725490196,1.5294117647058822,1,0
1776956520000,2,1.325,-1,0.00023056137082568638,0.0,1.0,0.46341464,2,1,1,0,26957.0,27114.0,0.8636363636363636,1.3409090909090908,7,0
1776957600000,2,1.323125,-1,0.00018424689083371717,0.0,1.0,0.77005345,1,1,1,0,26957.0,27142.5,0.27906976744186046,1.558139534883721,3,0
1776957840000,3,0.8575,-1,0.00014736493083058558,0.0,1.0,0.07692308,0,1,1,0,26957.0,27149.5,4.041666666666667,1.9166666666666667,8,0
1776958440000,3,0.85583335,-1,0.00016573669962985471,0.0,1.0,0.3090909,1,1,1,0,26957.0,27156.0,20.68421052631579,0.0,95,1
1776965400000,2,1.460625,1,0.0005488423148122308,0.0,1.0,0.88,8,1,0,0,27100.0,26860.0,0.30158730158730157,1.5238095238095237,1,0
1776965460000,2,1.4560417,1,0.0008465273772535303,0.0,1.0,0.20869565,0,1,0,0,27100.0,26851.75,3.318681318681319,1.1868131868131868,6,0
1776966420000,2,1.4545833,1,0.00046829633792263745,0.0,1.0,0.65012723,1,1,0,0,27100.0,26680.0,5.178181818181818,0.5818181818181818,320,1
1776989340000,2,1.7110417,-1,0.0001106857907116174,0.0,1.0,0.70731705,0,0,0,1,26779.75,27106.75,1.4166666666666667,1.1666666666666667,2,0
1776989700000,2,1.7102083,-1,0.00023058901658396208,0.0,1.0,0.4054054,0,0,0,1,26779.75,27115.5,0.11363636363636363,1.4090909090909092,11,0
1776991260000,2,1.7070833,-1,0.00014741924189654853,1.0,0.0,0.17142858,11,0,0,1,26779.75,27137.5,4.620689655172414,1.2528735632183907,459,0
1777018920000,3,1.145625,-1,0.0004791213651273357,0.0,1.0,0.056,1,0,1,0,27066.0,27154.0,2.059322033898305,0.5,60,1
1777023600000,2,1.4829167,1,0.0008675668441794571,1.0,0.0,0.027027028,18,0,1,0,27138.0,27063.75,0.7166666666666667,0.2111111111111111,33,1
1777025640000,3,1.1222917,-1,0.0002026865176613661,0.0,1.0,0.74285716,1,0,1,0,27066.0,27141.0,1.6666666666666667,3.6666666666666665,2,0
1777026600000,3,1.1216667,-1,0.00022073633963964792,0.0,1.0,0.7714286,2,0,1,0,27066.0,27187.75,0.3333333333333333,1.1041666666666667,2,0
1777027080000,3,1.3183334,-1,0.0001563089031712318,0.0,1.0,0.26666668,2,0,1,0,27066.0,27194.0,0.7818181818181819,3.327272727272727,26,0
1777030500000,3,1.3116666,-1,0.0005486115555880659,1.0,0.0,0.77388966,5,0,1,0,27066.0,27366.0,4.619047619047619,1.625,249,0
1777046880000,2,0.965625,-1,0.0012518160470024946,1.0,0.0,0.3180328,23,1,0,0,27066.0,27418.0,0.08173076923076923,1.1298076923076923,22,0
1777241340000,2,0.9875,1,0.0001919631430765293,0.0,1.0,0.8214286,3,0,0,0,27462.75,27343.75,8.381818181818181,0.9272727272727272,169,1
1777252020000,1,1.0,-1,0.00030918085261166887,0.0,1.0,0.7335329,6,0,0,1,27383.75,27500.5,0.9887640449438202,1.0898876404494382,24,0
1777254180000,3,0.98104167,-1,0.0002271467640671991,0.0,1.0,0.75609756,4,0,0,1,27383.75,27521.5,0.6333333333333333,1.3,6,0
1777255020000,3,0.97729164,-1,0.000208836508253582,1.0,0.0,0.43010753,6,0,0,1,27383.75,27539.25,0.03773584905660377,1.2075471698113207,3,0
1777255800000,3,0.975,-1,0.00016344320348678833,0.0,1.0,0.17708333,10,0,0,1,27383.75,27542.0,7.012658227848101,0.8987341772151899,654,1
1777262760000,2,0.999375,1,0.00013630911271854894,0.0,1.0,0.22222222,2,0,0,1,27542.0,27507.25,2.742857142857143,1.4285714285714286,56,0
1777268520000,2,0.9870833,1,0.00029142305520645504,0.0,1.0,0.7816901,7,0,0,1,27540.0,27443.5,0.3387096774193548,1.1774193548387097,18,0
1777295160000,3,1.4866667,1,0.0004835501706110979,0.0,1.0,0.011235955,2,1,1,0,27540.0,27383.75,1.0909090909090908,1.9431818181818181,24,0
1777296720000,3,1.48125,1,0.0006298781322744077,0.0,1.0,0.6,1,1,1,0,27540.0,27362.25,0.14814814814814814,1.0833333333333333,3,0
1777297980000,3,1.4802083,1,0.00028369573175195844,0.0,1.0,0.62309366,1,1,1,0,27540.0,27298.0,3.959537572254335,1.2369942196531791,1120,0
1777329120000,3,1.42125,-1,0.00027278927028870196,0.0,1.0,0.7916667,14,0,0,0,27389.75,27501.75,6.266666666666667,1.8,68,0
1777333800000,3,1.4041667,-1,0.0001363586778662594,0.0,1.0,0.1764706,10,0,0,1,27389.75,27504.75,0.75,1.4821428571428572,19,0
1777334940000,3,1.398125,-1,0.00021813819054370944,1.0,0.0,0.45454547,0,0,0,1,27389.75,27511.5,0.041666666666666664,1.0,1,0
1777335540000,3,1.3979167,-1,0.00010905323615478289,1.0,0.0,0.094017096,8,0,0,1,27389.75,27512.5,3.707547169811321,0.14150943396226415,158,1
1777345020000,2,1.413125,1,0.00014602937015707285,0.0,1.0,0.5675676,0,0,0,1,27500.75,27387.75,1.6875,1.375,1,0
1777345080000,2,1.4129167,1,0.00020075190714311786,0.0,1.0,0.12244898,0,0,0,1,27500.75,27386.25,3.953488372093023,1.5116279069767442,133,0
1777353240000,2,1.3852084,1,0.000273920070123538,0.0,1.0,0.40816328,2,0,0,1,27500.75,27372.75,0.8275862068965517,1.5689655172413792,21,0
1777354680000,2,1.3802084,1,0.00022846489865297097,0.0,1.0,0.5272727,1,0,0,1,27500.75,27350.25,1.2884615384615385,1.3269230769230769,58,0
1777359900000,3,1.1660416,1,0.00023785563992315432,1.0,1.0,0.3114754,2,0,1,0,27439.5,27321.0,0.3333333333333333,1.0476190476190477,24,0
1777361400000,3,1.1564584,1,0.0002561451977349446,0.0,1.0,0.083333336,1,0,1,0,27439.5,27320.0,1.3818181818181818,1.290909090909091,31,0
1777363380000,2,1.311875,1,0.00025627883136852895,0.0,1.0,0.4509804,0,0,1,0,27439.5,27307.0,0.42857142857142855,1.2142857142857142,2,0
1777364160000,2,1.3114583,1,0.00010986898123987146,0.0,1.0,0.13333334,8,0,1,0,27439.5,27302.25,0.7615384615384615,1.4461538461538461,77,0
1777368900000,2,1.293125,1,0.0003205539171688678,0.0,1.0,0.2,2,0,1,0,27439.5,27287.75,0.35714285714285715,1.5535714285714286,4,0
1777369260000,2,1.291875,1,1.832878168588134e-05,0.0,1.0,0.2857143,1,0,1,0,27439.5,27279.0,0.575,1.425,2,0
1777369740000,2,1.2908334,1,4.5844641678280644e-05,0.0,1.0,0.88793105,1,0,1,0,27439.5,27258.25,1.1538461538461537,1.6153846153846154,1,0
1777369980000,2,1.2895833,1,0.00024759284731774416,1.0,0.0,0.033707865,2,0,1,0,27439.5,27255.75,1.1046511627906976,1.197674418604651,24,0
1777378320000,2,0.24791667,1,0.00028624984994967545,0.0,1.0,0.04379562,1,1,1,0,27359.5,27063.25,0.8854961832061069,1.366412213740458,10,0
1777379040000,2,0.24541667,1,0.00032328681082179506,0.0,1.0,0.8018868,1,1,1,0,27359.5,27049.25,1.4761904761904763,1.6666666666666667,1,0
1777379640000,2,0.24479167,1,0.0004343807763401109,1.0,0.0,0.11971831,3,1,1,0,27359.5,27036.0,5.872,1.368,136,0
1777390800000,2,1.9770833,1,0.0006471235358830001,0.0,1.0,0.716895,45,1,1,0,27359.5,27010.5,0.4274193548387097,1.1370967741935485,9,0
1777391400000,2,1.9645833,1,0.0001572210713228766,0.0,1.0,0.10714286,0,1,1,0,27359.5,27019.5,27.04,0.6,1630,1
1777413840000,2,0.97479165,-1,2.7541128084606346e-05,0.0,1.0,0.27142859,1,0,0,0,27036.0,27232.75,0.9215686274509803,1.2745098039215685,88,0
1777420200000,2,0.9558333,-1,0.0001284898768332752,0.0,1.0,0.6545454,4,0,0,1,27036.0,27243.0,0.0,1.105263157894737,3,0
1777420380000,2,0.95145833,-1,7.341739625204193e-05,0.0,1.0,0.33333334,0,0,0,1,27036.0,27243.5,1.0,1.0,3,0
1777421940000,2,0.9508333,-1,4.582153428825411e-05,0.0,1.0,0.6573034,3,0,0,1,27036.0,27282.25,0.09836065573770492,1.180327868852459,3,0
1777467600000,2,1.4554167,1,0.00038599393438103115,1.0,1.0,0.16444445,26,1,1,0,27318.25,27192.0,0.23404255319148937,1.877659574468085,30,0
1777470120000,2,1.44375,1,0.0008104250126628908,1.0,1.0,0.24668436,7,1,1,0,27318.25,27124.25,1.7746478873239437,0.5950704225352113,332,1
1777490040000,3,1.8595834,-1,7.320845191577368e-05,0.0,1.0,0.8730159,0,1,0,0,27198.25,27321.25,0.125,9.5,1,0
1777490400000,3,1.859375,-1,0.00026526654714426843,1.0,0.0,0.008403362,5,1,0,0,27198.25,27338.25,1.5847457627118644,2.0762711864406778,40,0
1777493040000,2,1.0745833,-1,0.0009863734336755196,0.0,1.0,0.61624205,1,1,0,0,27198.25,27411.0,2.7302904564315353,0.012448132780082987,8,1
1777494480000,2,1.36,1,0.0008571033592921985,1.0,1.0,0.0013513514,10,1,0,0,27359.5,27089.0,0.5209742895805142,0.6779431664411367,40,1
1777501260000,2,1.0483333,-1,0.00024551480818018966,0.0,1.0,0.89223456,2,0,0,0,27036.0,27500.0,1.8235294117647058,1.3676470588235294,77,0
1777506360000,3,1.3045833,-1,0.00017260958437429025,0.0,1.0,0.6962963,1,0,0,1,27036.0,27525.0,0.1951219512195122,1.3170731707317074,1,0
1777506540000,3,1.3027084,-1,0.00017258449827869672,0.0,1.0,0.47826087,1,0,0,1,27036.0,27530.0,0.3055555555555556,1.5,2,0
1777506900000,3,1.301875,-1,0.000290441743739619,0.0,1.0,0.32061067,1,0,0,1,27036.0,27556.75,0.06741573033707865,2.0224719101123596,5,0
1777572540000,3,1.475,-1,0.0002266093798154493,1.0,0.0,0.47777778,6,1,0,0,27348.5,27586.75,0.46808510638297873,1.2234042553191489,27,0
1777574520000,3,1.4675,-1,0.00013592743287450272,0.0,1.0,0.24,6,1,0,0,27348.5,27592.0,2.491228070175439,1.1754385964912282,28,0
1777576500000,3,1.4604167,-1,5.435865842830999e-05,0.0,1.0,0.7692308,0,1,0,0,27348.5,27599.0,0.2222222222222222,1.6111111111111112,1,0
1777577100000,3,1.4591666,-1,0.00011773442735785832,0.0,1.0,0.8433735,0,1,0,0,27348.5,27607.75,6.6923076923076925,3.076923076923077,18,0
1777578300000,3,1.4533334,-1,5.433552184740774e-05,0.0,1.0,0.05263158,0,1,0,0,27348.5,27619.75,1.3518518518518519,1.3518518518518519,5,0
1777578600000,3,1.4520833,-1,0.0003443494966154069,1.0,0.0,0.006849315,0,1,0,0,27348.5,27624.5,0.7310344827586207,1.6482758620689655,70,0
1777586580000,3,1.2875,-1,0.0006516485804016689,0.0,1.0,0.08074534,3,0,0,0,27348.5,27648.0,1.5202702702702702,1.1013513513513513,200,0
1777598880000,3,1.2327083,-1,0.00015372095126141603,0.0,1.0,0.4390244,5,0,0,1,27554.75,27651.75,0.30434782608695654,2.391304347826087,3,0
1777599600000,3,1.2308333,-1,0.00012655939251491593,0.0,1.0,0.1590909,7,0,0,1,27554.75,27658.5,2.7027027027027026,1.4054054054054055,102,0
1777606320000,3,1.2079166,-1,0.00022589681033703804,0.0,1.0,0.41379312,1,0,0,1,27554.75,27673.75,8.96078431372549,0.11764705882352941,331,1
1777609080000,2,1.499375,1,0.00028049983260493863,1.0,0.0,0.33333334,15,0,0,1,27659.75,27621.5,0.125,1.0833333333333333,25,0
1777611480000,2,1.4910417,1,0.00010860318207323475,1.0,0.0,0.04,15,0,0,1,27659.75,27620.5,0.0,1.1875,3,0
1777611840000,2,1.4872917,1,9.956192751891676e-05,0.0,1.0,0.0,3,0,0,1,27659.75,27618.25,1.3076923076923077,1.1025641025641026,51,0
1777615200000,2,1.4760417,1,0.00012673353369301518,0.0,1.0,0.40425533,1,0,0,1,27659.75,27612.0,0.0,1.0,1,0
1777626360000,2,1.386875,1,6.351337863954343e-05,0.0,1.0,0.60294116,1,0,1,0,27659.75,27545.25,4.333333333333333,1.5925925925925926,93,0
1777632240000,2,1.366875,1,0.0001543251904100511,0.0,1.0,0.16883117,4,0,1,0,27659.75,27535.0,7.171875,0.890625,166,1
1777642560000,2,1.36875,-1,0.0007030510613366984,0.0,1.0,0.8880995,2,1,1,0,27554.75,27755.75,0.7142857142857143,2.0634920634920637,3,0
1777642920000,3,0.929375,-1,8.998227349212205e-05,0.0,1.0,0.55288464,1,1,1,0,27554.75,27795.0,0.8494623655913979,1.8494623655913978,8,0
1777643460000,3,0.926875,-1,1.798981776314606e-05,0.0,1.0,0.28735632,0,1,1,0,27554.75,27809.0,1.032258064516129,1.3064516129032258,3,0
1777643640000,3,0.92625,-1,0.0008276135044934015,0.0,1.0,0.21367522,0,1,1,0,27554.75,27813.75,0.07608695652173914,2.858695652173913,1,0
1777645080000,3,0.92604166,-1,0.0004660291626710641,1.0,0.0,0.6121593,5,1,1,0,27554.75,27908.25,2.389189189189189,1.0972972972972972,89,0
1777650600000,3,0.90270835,-1,0.0002601060156242993,1.0,1.0,0.51104975,0,1,1,0,27554.75,27917.5,2.6610169491525424,1.1977401129943503,310,0
1777661700000,2,1.4904166,1,0.0004764773043970764,1.0,0.0,0.025423728,9,1,0,0,27908.25,27795.0,2.6782608695652175,1.1652173913043478,85,0
1777666920000,2,1.4708333,1,0.00013493577057320717,0.0,1.0,0.42857143,1,1,0,0,27908.25,27787.25,0.925,1.525,18,0
1777846380000,3,0.9875,-1,0.0009498292995456949,1.0,0.0,0.07801419,13,0,0,0,27751.5,27926.25,0.9307692307692308,1.176923076923077,280,0
1777852920000,1,1.0,1,0.0005212967706563845,0.0,1.0,0.05319149,1,0,0,1,27908.25,27800.75,3.9887640449438204,0.9662921348314607,95,1
1777859580000,2,0.76729167,-1,0.00011642069064335865,0.0,1.0,0.6835443,1,0,0,1,27800.75,27919.25,0.32,1.28,3,0
1777860000000,3,0.32583332,-1,0.00020595109109306303,0.0,1.0,0.3962264,1,0,0,1,27800.75,27925.0,4.4375,2.59375,53,0
1777863360000,3,0.31395835,-1,0.00011631964638827499,0.0,1.0,0.7078652,2,0,0,1,27800.75,27943.5,1.6153846153846154,1.1153846153846154,12,0
1777864200000,3,0.310625,-1,0.00016999955263275623,0.0,1.0,0.2,1,0,0,1,27800.75,27946.25,4.166666666666667,1.1666666666666667,69,0
1777889400000,3,0.924375,1,0.0005238628563170635,0.0,1.0,0.6716016,2,0,1,0,27956.25,27664.5,0.1557377049180328,1.2008196721311475,4,0
1777890300000,3,0.9220833,1,0.0009755040104053761,1.0,0.0,0.035230353,4,0,1,0,27956.25,27651.0,2.258426966292135,1.4129213483146068,343,0
1777939920000,2,0.961875,-1,0.0004859698698680682,1.0,0.0,0.14634146,9,0,0,1,27614.25,27794.25,2.0714285714285716,1.2142857142857142,60,0
1777944480000,2,0.9475,-1,1.7976558567627815e-05,1.0,0.0,0.5272727,10,0,0,1,27614.25,27814.5,0.8076923076923077,1.0961538461538463,8,0
1777945140000,2,0.9425,-1,0.00048527112277359404,0.0,1.0,0.37398374,2,0,0,1,27614.25,27833.0,0.6363636363636364,1.051948051948052,50,0
1777949400000,3,1.4689584,-1,2.6941832583452328e-05,0.0,1.0,0.36708862,10,0,0,1,27614.25,27841.0,0.32,1.28,37,0
1777951800000,3,1.4566667,-1,0.00010775087996551971,0.0,1.0,0.1891892,1,0,0,1,27614.25,27845.75,0.5,1.1666666666666667,20,0
1777953240000,3,1.4520833,-1,8.979401253524415e-05,1.0,0.0,0.0,4,0,0,1,27614.25,27847.0,0.2413793103448276,1.3793103448275863,7,0
1777962420000,2,1.495,1,0.00010783027514691875,0.0,1.0,0.05970149,3,0,0,1,27956.25,27818.5,7.746031746031746,0.3968253968253968,200,1
1777974480000,2,1.1902083,-1,7.154547161880573e-05,0.0,1.0,0.05263158,1,0,1,0,27819.75,27956.25,1.5185185185185186,1.3888888888888888,46,0
1777977600000,2,1.1804167,-1,0.00040250087208522286,1.0,0.0,0.17977528,6,0,1,0,27819.75,27961.5,2.3835616438356166,1.1917808219178083,86,0
1777983420000,2,1.16125,-1,0.00040185029736922005,0.0,1.0,0.7259787,2,1,1,0,27819.75,28006.75,0.9090909090909091,1.844155844155844,73,0
1777988280000,3,1.1310416,-1,0.0001336576759603304,0.0,1.0,0.7277778,1,1,1,0,27819.75,28060.5,0.05102040816326531,1.7346938775510203,3,0
1777988580000,3,1.1289583,-1,9.794929788162382e-05,0.0,1.0,0.28846154,2,1,1,0,27819.75,28078.5,0.28378378378378377,1.2837837837837838,1,0
1777988820000,3,1.1283333,-1,0.00018684936382240411,0.0,1.0,0.6614583,1,1,1,0,27819.75,28102.75,1.0153846153846153,1.4307692307692308,3,0
1777989240000,3,1.1270833,-1,0.0001156223595855383,1.0,0.0,0.06111111,3,1,1,0,27819.75,28112.0,0.8875739644970414,1.1893491124260356,30,0
1777991220000,3,1.1197916,-1,0.000284449501324468,0.0,1.0,0.5,2,1,1,0,27819.75,28132.5,0.15384615384615385,1.1923076923076923,1,0
1777991820000,3,1.1191666,-1,0.0004267197695713244,1.0,0.0,0.1418919,1,1,1,0,27819.75,28140.0,1.1574803149606299,1.31496062992126,61,0
1777996080000,3,1.1045834,-1,0.00034647879816277394,0.0,1.0,0.47674417,10,1,1,0,27819.75,28150.0,1.6444444444444444,1.4444444444444444,26,0
1778003640000,2,0.989375,-1,0.00016866100912544827,0.0,1.0,0.640625,1,1,0,0,27819.75,28167.75,0.9565217391304348,2.608695652173913,10,0
1778013000000,2,0.9952083,-1,0.00011506970568709892,0.0,1.0,0.7570978,2,1,0,0,28091.0,28247.0,2.2857142857142856,2.051948051948052,30,0
1778038860000,2,0.9947917,-1,5.2941799315286065e-05,0.0,1.0,0.51376146,4,0,0,1,28248.25,28334.5,0.9811320754716981,1.3396226415094339,66,0
1778057220000,2,1.4779167,-1,0.00010573898331967538,0.0,1.0,0.18867925,1,0,1,0,28262.5,28374.75,0.2558139534883721,6.186046511627907,3,0
1778057880000,2,1.4770833,-1,0.00036849863129079805,0.0,1.0,0.7487844,2,0,1,0,28262.5,28519.0,1.6838709677419355,1.0258064516129033,62,0
1778061780000,3,0.925,-1,0.000429508081764314,0.0,1.0,0.5472973,1,0,1,0,28262.5,28538.5,1.1343283582089552,1.0149253731343284,14,0
1778062860000,3,0.9214583,-1,0.00017516202487300754,0.0,1.0,0.552381,1,0,1,0,28262.5,28550.0,0.2765957446808511,1.2340425531914894,6,0
1778063520000,3,0.9191667,-1,0.00019258377394166463,0.0,1.0,0.65384614,1,0,1,0,28262.5,28564.5,0.25,1.6944444444444444,1,0
1778063760000,3,0.918125,-1,0.00024505513740591633,0.0,1.0,0.49333334,1,0,1,0,28262.5,28572.0,0.2894736842105263,1.3157894736842106,4,0
1778064120000,3,0.9166667,-1,0.00013996290982889534,0.0,1.0,0.75384617,0,0,1,0,28262.5,28583.0,0.5625,1.75,1,0
1778064960000,3,0.9160417,-1,0.0006818539433886393,0.0,1.0,0.45652175,3,0,1,0,28262.5,28618.0,0.376,1.016,5,0
1778065620000,3,0.9120833,-1,0.00024458847988259754,0.0,1.0,0.5576923,1,0,1,0,28262.5,28626.5,0.1956521739130435,1.1304347826086956,2,0
1778065920000,3,0.910625,-1,0.00017464350893738157,1.0,0.0,0.09375,2,0,1,0,28262.5,28634.75,9.28448275862069,1.1896551724137931,425,0
1778091540000,2,1.4839584,-1,0.00020080671916743788,0.0,1.0,0.13207547,2,1,0,0,28512.25,28640.25,0.45652173913043476,1.7391304347826086,15,0
1778093400000,2,1.4804167,-1,3.4885749171463454e-05,0.0,1.0,0.0859375,13,1,0,0,28512.25,28666.0,0.1282051282051282,1.1025641025641026,19,0
1778118720000,2,0.9775,-1,0.00011320294675978334,0.0,1.0,0.53763443,1,0,0,1,28512.25,28717.25,5.046511627906977,1.2325581395348837,225,0
1778133180000,2,1.4672917,-1,5.221568559195182e-05,0.0,1.0,0.42857143,12,0,0,1,28637.5,28728.5,0.71875,1.40625,8,0
1778138100000,3,0.90958333,-1,0.00024314209050095955,0.0,1.0,0.07575758,0,0,1,0,28637.5,28805.0,2.4918032786885247,1.2295081967213115,48,0
1778141400000,3,0.899375,-1,9.546290832089422e-05,1.0,1.0,0.105820104,5,0,1,0,28637.5,28814.75,1.8875739644970415,1.0710059171597632,355,0
1778163300000,3,1.4739584,-1,0.0007284394918267355,0.0,1.0,0.5243902,0,1,1,0,28637.5,28858.0,0.20512820512820512,1.0256410256410255,5,0
1778164140000,3,1.4708333,-1,0.0003981167347503981,0.0,1.0,0.54285717,7,1,1,0,28637.5,28897.5,0.5520833333333334,1.34375,10,0
1778165220000,3,1.4666667,-1,0.00015564067755574962,0.0,1.0,0.47008547,1,1,1,0,28637.5,28918.5,2.129032258064516,1.403225806451613,7,0
1778165640000,3,1.46375,-1,0.00011237314800408001,0.0,1.0,0.779661,0,1,1,0,28637.5,28924.75,0.07692307692307693,7.230769230769231,1,0
1778165820000,3,1.4635416,-1,7.773967573917475e-05,0.0,1.0,0.2736842,2,1,1,0,28637.5,28945.0,16.869565217391305,0.2318840579710145,78,1
1778170440000,3,1.4975,1,4.354376583904482e-05,0.0,1.0,0.69827586,1,1,0,0,28800.0,28691.5,0.02857142857142857,7.257142857142857,1,0
1778170980000,3,1.496875,1,0.0007066336322713473,1.0,0.0,0.029962547,8,1,0,0,28800.0,28636.75,1.1505791505791505,1.1776061776061777,55,0
1778174520000,3,1.48375,1,0.00020966192015375209,0.0,1.0,0.024038462,2,1,0,0,28800.0,28611.5,0.7192118226600985,1.748768472906404,4,0
1778174760000,3,1.4820833,1,0.000376081233546446,0.0,1.0,0.82304525,0,1,0,0,28800.0,28573.5,0.7674418604651163,2.86046511627907,1,0
1778174880000,3,1.4816667,1,0.000419305525223848,0.0,1.0,0.119469024,0,1,0,0,28800.0,28569.0,2.979899497487437,1.5427135678391959,212,0
1778191860000,3,1.2875,1,0.0012509732221745939,1.0,1.0,0.02866242,11,0,0,0,28767.0,28542.0,2.0065573770491802,0.19672131147540983,177,1
1778202600000,2,0.9483333,-1,0.00013035543582167377,0.0,1.0,0.21311475,2,0,0,1,28637.5,28771.25,0.1875,1.1666666666666667,10,0
1778203740000,2,0.9458333,-1,0.00015637080730772907,1.0,0.0,0.36764705,7,0,0,1,28637.5,28782.5,5.790697674418604,1.2790697674418605,161,0
1778213580000,2,1.4852084,-1,8.68681428459741e-06,0.0,1.0,0.060606062,2,0,0,1,28709.5,28784.0,2.3548387096774195,1.0,39,0
1778216280000,2,1.4766667,-1,6.077707835901888e-05,0.0,1.0,0.29411766,3,0,0,1,28709.5,28795.75,0.5208333333333334,1.3541666666666667,22,0
1778218740000,3,1.6333333,-1,0.00026021788911248354,1.0,0.0,0.3537415,9,0,0,1,28709.5,28829.5,0.9263157894736842,1.168421052631579,49,0
1778221860000,3,1.7691667,-1,0.0002168087486666262,0.0,1.0,0.014084507,3,0,0,1,28709.5,28833.5,0.34285714285714286,1.2571428571428571,27,0
1778223600000,3,1.7627083,-1,6.0687502709263516e-05,1.0,1.0,0.08,1,0,1,0,28709.5,28838.25,0.9565217391304348,1.536231884057971,64,0
1778227980000,2,1.4991666,-1,0.00020787859889824343,0.0,1.0,0.5586207,1,0,1,0,28709.5,28869.0,0.625,1.125,48,0
1778244420000,3,1.7927083,-1,0.00017259233690024162,1.0,1.0,0.16860466,4,1,1,0,28804.5,28976.75,2.202797202797203,1.1888111888111887,49,0
1778247600000,3,1.78,-1,3.4503579746398686e-05,0.0,1.0,0.25,4,1,1,0,28804.5,28983.5,0.16279069767441862,1.310077519379845,2,0
1778248440000,3,1.77875,-1,0.0003097227121385493,0.0,1.0,0.8015564,1,1,1,0,28804.5,29085.5,0.5686274509803921,1.9901960784313726,5,0
1778250420000,3,1.7752084,-1,0.00010286919324835195,0.0,1.0,0.73115575,2,1,1,0,28804.5,29166.25,2.485981308411215,1.0467289719626167,29,0
1778253360000,3,1.763125,-1,0.000368412484899372,1.0,0.0,0.20197044,10,1,1,0,28804.5,29190.0,0.5987654320987654,1.1604938271604939,19,0
1778254500000,3,1.7552084,-1,0.00011132710472455105,0.0,1.0,0.7234042,0,1,1,0,28804.5,29196.5,0.7692307692307693,7.230769230769231,1,0
1778254560000,3,1.755,-1,0.00011980864847286762,0.0,1.0,0.86538464,0,1,1,0,28804.5,29216.75,12.571428571428571,2.2142857142857144,11,0
1778255340000,3,1.7527083,-1,0.00017113910186199342,0.0,1.0,0.31914893,2,1,1,0,28804.5,29221.0,1.234375,1.3125,25,0
1778271060000,2,0.9895833,-1,0.0008004155348734236,1.0,0.0,0.5352941,10,1,0,0,29237.0,29383.25,3.0759493670886076,0.22784810126582278,66,1
1778452200000,2,0.37145832,1,0.0002309350302781484,0.0,1.0,0.07511737,13,0,0,0,29383.25,29222.25,2.4771573604060912,0.3756345177664975,115,1
1778458500000,1,1.0,-1,0.00012768456804310632,0.0,1.0,0.61490685,3,0,0,1,29237.0,29373.0,0.6612903225806451,1.3548387096774193,5,0
1778459940000,3,0.35729167,-1,0.0001785881332437558,0.0,1.0,0.5477707,3,0,0,1,29237.0,29402.5,7.563380281690141,2.2816901408450705,773,0
1778503800000,3,1.4902084,1,0.0004014246303904068,0.0,1.0,0.36363637,3,1,1,0,29383.25,29259.0,4.183673469387755,0.14285714285714285,41,1
1778506500000,3,0.69354165,-1,0.00023788688478628412,0.0,1.0,0.32368422,1,1,1,0,29263.75,29437.25,1.961089494163424,0.708171206225681,56,1
1778510100000,3,1.4685416,1,0.00044429254955570747,0.0,1.0,0.006042296,4,1,1,0,29383.25,29247.0,0.6778115501519757,0.2887537993920973,15,1
1778511360000,3,0.6770833,-1,7.651629797146792e-05,0.0,1.0,0.6511628,1,1,1,0,29263.75,29412.0,2.6,1.0166666666666666,29,0
1778513460000,3,1.4072917,-1,0.0002718129926610492,0.0,1.0,0.49324325,1,1,1,0,29263.75,29440.0,0.84,1.0,12,0
1778514180000,3,1.4035417,-1,5.944646845515613e-05,0.0,1.0,0.7407407,0,1,1,0,29263.75,29440.0,16.142857142857142,2.0,1,0
1778514240000,3,1.4033333,-1,0.00012746214374330822,0.0,1.0,0.33070865,0,1,1,0,29263.75,29441.75,0.18823529411764706,1.2705882352941176,5,0
1778515380000,3,1.4020833,-1,0.00015268600123845313,0.0,1.0,0.7486911,1,1,0,0,29263.75,29478.5,0.041666666666666664,1.0416666666666667,3,0
1778530560000,2,1.4727083,1,0.000536873860208273,0.0,1.0,0.08908046,5,1,0,0,29477.0,29320.75,0.7129337539432177,1.053627760252366,251,0
1778550180000,2,1.4066666,1,0.0001539448364336113,0.0,1.0,0.75177306,2,0,0,1,29477.0,29226.75,4.257142857142857,1.2380952380952381,312,0
1778569860000,3,1.2635417,1,0.0002313010254345461,0.0,1.0,0.6576577,1,0,1,0,29477.0,29176.0,3.1842105263157894,1.118421052631579,64,0
1778573760000,3,1.096875,1,0.0002484386913277763,0.0,1.0,0.20930232,1,0,1,0,29477.0,29173.75,3.3823529411764706,1.161764705882353,167,0
1778584140000,3,1.061875,1,0.0002829557731552141,0.0,1.0,0.19135803,3,0,1,0,29248.25,29145.5,0.6335877862595419,1.2061068702290076,6,0
1778584560000,3,1.0591667,1,0.00014583261846755653,0.0,1.0,0.55263156,0,0,1,0,29248.25,29138.75,0.11764705882352941,1.8235294117647058,1,0
1778584620000,3,1.0589583,1,9.437847484384652e-05,0.0,1.0,0.6666667,0,0,1,0,29248.25,29135.25,0.5454545454545454,2.0,1,0
1778584680000,3,1.05875,1,0.000154442804681333,0.0,1.0,0.35714287,0,0,1,0,29248.25,29132.5,10.61111111111111,3.5,48,0
1778593560000,2,1.4664583,-1,0.0003415767181308922,0.0,1.0,0.625,1,1,1,0,29113.25,29295.75,5.365853658536586,0.0,14,1
1778594520000,2,0.9875,1,0.0006782338447273757,0.0,1.0,0.588,2,1,1,0,29248.25,29100.0,0.07766990291262135,1.4563106796116505,1,0
1778595180000,2,0.986875,1,0.0004895098889585463,1.0,0.0,0.17866667,9,1,1,0,29248.25,29088.0,0.8084415584415584,1.0909090909090908,16,0
1778596920000,2,0.98125,1,0.00046520443150295494,1.0,0.0,0.016166281,9,1,1,0,29248.25,29006.0,0.14084507042253522,1.0610328638497653,17,0
1778603640000,2,0.20583333,1,0.0005293071282918999,0.0,1.0,0.29896906,2,1,0,0,29248.25,28796.0,1.7205882352941178,2.0441176470588234,7,0
1778605200000,2,0.20395833,1,7.827856732826553e-05,1.0,0.0,0.5813953,2,1,0,0,29248.25,28741.25,15.5,0.35714285714285715,471,1
1778635260000,3,0.983125,-1,0.00019701732895897756,0.0,1.0,0.6805556,0,0,0,1,29056.25,29191.0,0.0,1.9565217391304348,1,0
1778635320000,3,0.98291665,-1,0.00017128273641299694,0.0,1.0,0.5555556,0,0,0,1,29056.25,29196.5,4.05,2.3,8,0
1778635920000,3,0.98125,-1,0.00011130232279385954,0.0,1.0,0.15463917,2,0,0,1,29056.25,29203.0,0.5121951219512195,2.682926829268293,13,0
1778636820000,3,0.978125,-1,0.00021381227282446012,0.0,1.0,0.37588653,2,0,0,1,29056.25,29237.5,0.022727272727272728,1.0795454545454546,3,0
1778637240000,3,0.976875,-1,0.00021364051991556928,0.0,1.0,0.12987013,3,0,0,1,29056.25,29261.0,0.7761194029850746,1.0,109,0
1778644080000,3,0.9535417,-1,9.3976130062964e-05,1.0,0.0,0.08196721,4,0,0,1,29056.25,29265.5,0.8214285714285714,1.0,14,0
1778645880000,2,1.2620833,-1,0.00016231131309852296,0.0,1.0,0.5925926,3,0,0,1,29056.25,29269.5,0.12121212121212122,1.3636363636363635,4,0
1778646480000,2,1.2579167,-1,8.538688798948034e-05,0.0,1.0,0.7241379,1,0,0,1,29056.25,29281.5,0.875,2.0625,2,0
1778646780000,2,1.2560416,-1,0.00030729046631328263,0.0,1.0,0.0,2,0,0,1,29056.25,29297.25,0.7654320987654321,1.0864197530864197,37,0
1778660340000,1,1.0,-1,0.00010194026300587855,0.0,1.0,0.6981132,0,0,1,0,29056.25,29441.0,0.0,1.375,2,0
1778690760000,2,1.9325,-1,0.00027175759222773286,1.0,0.0,0.48044693,11,1,0,0,29075.25,29448.0,0.40860215053763443,1.2903225806451613,9,0
1778691540000,3,1.4385417,-1,0.00011031907671418872,0.0,1.0,0.36363637,2,1,0,0,29075.25,29463.25,0.0,1.2857142857142858,1,0
1778692080000,3,1.4375,-1,0.00011868933067695308,0.0,1.0,0.64044946,2,1,0,0,29281.5,29492.5,0.21875,1.078125,3,0
1778692980000,3,1.4352083,-1,0.00017802041300735816,1.0,0.0,0.10204082,8,1,0,0,29281.5,29496.25,1.4772727272727273,1.1022727272727273,47,0
1778696520000,3,1.4227084,-1,0.0003721968921559505,0.0,1.0,0.78807944,2,1,0,0,29281.5,29565.25,6.421875,1.65625,174,0
1778710680000,3,0.87166667,-1,2.5358184354000253e-05,0.0,1.0,0.11320755,1,0,0,0,29441.75,29577.0,1.553191489361702,1.8936170212765957,27,0
1778712960000,3,0.865625,-1,0.0003040745996351105,1.0,0.0,0.4868421,4,0,0,0,29441.75,29608.75,0.07692307692307693,1.0769230769230769,5,0
1778714160000,3,0.8622917,-1,0.00019397496879533112,0.0,1.0,0.75,2,0,0,1,29441.75,29648.75,3.64,1.7,61,0
1778751600000,3,0.98,1,7.627700417828478e-05,0.0,1.0,0.398773,1,0,1,0,29640.25,29481.0,3.6122448979591835,1.1734693877551021,195,0
1778763420000,3,0.93854165,1,0.00011024423337856174,0.0,1.0,0.0,2,1,1,0,29640.25,29476.75,0.05504587155963303,1.0642201834862386,3,0
1778763720000,3,0.9375,1,0.00016112755365971557,0.0,1.0,0.0,2,1,1,0,29640.25,29475.0,0.041666666666666664,1.1979166666666667,4,0
1778764800000,3,0.93625,1,0.00022067747986317997,0.0,1.0,0.07042254,8,1,1,0,29640.25,29448.25,5.803030303030303,0.8257575757575758,25,1
1778767140000,3,1.478125,-1,0.0006241407521739497,1.0,1.0,0.0992126,9,1,1,0,29514.25,29684.75,0.05944055944055944,1.0122377622377623,41,0
1778769960000,3,1.4664583,-1,8.418571368438776e-05,0.0,1.0,0.92753625,0,1,1,0,29514.25,29698.75,1.6,4.5,1,0
1778770380000,3,1.4652083,-1,7.569322377440055e-05,0.0,1.0,0.29012346,2,1,1,0,29514.25,29729.75,1.2869565217391303,1.173913043478261,21,0
1778771820000,3,1.4595833,-1,0.0002858055513525327,0.0,1.0,0.7480315,1,1,1,0,29514.25,29749.0,0.25,2.21875,1,0
1778772000000,3,1.45875,-1,0.00017639350871887915,0.0,1.0,0.82051283,0,1,1,0,29514.25,29768.25,4.904761904761905,1.4761904761904763,6,0
1778772540000,3,1.456875,-1,6.717721348918447e-05,0.0,1.0,0.12345679,1,1,1,0,29514.25,29774.0,1.6056338028169015,1.2112676056338028,36,0
1778810100000,2,0.945625,1,0.00030480319027339153,0.0,1.0,0.743083,2,0,0,1,29755.5,29513.25,0.07692307692307693,1.1,5,0
1778811000000,3,1.275,1,0.00036429872495446266,0.0,1.0,0.3468208,3,0,0,1,29755.5,29498.0,0.23008849557522124,1.079646017699115,5,0
1778811360000,3,1.271875,1,0.00044044654503565923,0.0,1.0,0.031007752,1,0,0,1,29755.5,29495.75,0.032,1.104,1,0
1778811720000,3,1.2714584,1,0.00023729215749419483,1.0,0.0,0.043010753,5,0,0,1,29755.5,29492.5,1.3820224719101124,1.0730337078651686,145,0
1778822100000,3,1.24,1,4.25032727520019e-05,1.0,0.0,0.6106443,6,0,0,1,29598.5,29408.25,0.08633093525179857,1.143884892086331,16,0
1778824320000,3,1.3310417,1,0.00020453034719026435,0.0,1.0,0.78281623,2,0,0,1,29598.5,29316.75,0.5934065934065934,1.4285714285714286,4,0
1778824920000,3,1.3258333,1,0.00036742087634151344,0.0,1.0,0.42058823,2,0,0,1,29598.5,29247.25,3.512690355329949,1.2436548223350254,145,0
1778833920000,2,0.981875,1,0.0003682011234415673,0.0,1.0,0.6952381,2,0,1,0,29598.5,29185.25,3.8854166666666665,1.1458333333333333,76,0
1778838840000,2,0.96479166,1,0.00015420596777095274,1.0,0.0,0.011235955,3,0,1,0,29469.5,29177.25,3.3636363636363638,1.1079545454545454,141,0
1778847360000,2,1.984375,1,0.0003083115659658288,0.0,1.0,0.09615385,1,1,1,0,29469.5,29172.5,1.0,1.49645390070922,14,0
1778848680000,2,1.98125,1,0.00020584249618333704,0.0,1.0,0.768559,1,1,1,0,29469.5,29142.5,2.5849056603773586,1.1320754716981132,10,0
1778849280000,2,1.9775,1,0.00024015575816315154,0.0,1.0,0.5692308,0,1,1,0,29469.5,29140.75,20.571428571428573,3.7857142857142856,57,0
1778852880000,2,1.9654167,1,0.000497439899825896,0.0,1.0,0.1262525,1,1,1,0,29469.5,29089.5,2.5160550458715596,0.6169724770642202,257,1
1778868900000,2,1.3864583,-1,0.00026296591622414873,1.0,0.0,0.12837838,7,1,0,0,29089.5,29487.0,12.356589147286822,0.1937984496124031,265,1
1779061380000,2,1.991875,1,0.0012221677123946742,0.0,1.0,0.19569893,2,0,0,1,29469.5,29011.25,0.5802139037433155,1.2406417112299466,22,0
1779065100000,3,1.2989583,1,0.001130509074277035,0.0,1.0,0.74131274,35,0,0,1,29283.75,28936.5,2.4328358208955225,1.1791044776119404,52,0
1779068340000,3,1.2797917,1,0.000302357524814914,0.0,1.0,0.102564104,1,0,0,1,29283.75,28924.0,9.414285714285715,0.2714285714285714,660,1
1779108480000,2,1.341875,-1,0.00030635169174212,0.0,1.0,0.89807695,1,1,1,0,28990.0,29392.0,0.0,1.5660377358490567,1,0
1779108660000,2,1.3395833,-1,0.00022126718011999488,0.0,1.0,0.099236645,0,1,1,0,28990.0,29405.75,0.1694915254237288,1.0677966101694916,7,0
1779109200000,2,1.3379166,-1,0.0003825424622133057,0.0,1.0,0.8032787,1,1,1,0,28990.0,29419.75,72.875,0.8333333333333334,95,1
1779115320000,2,1.4052083,1,0.0004999396624545314,1.0,0.0,0.0057142857,6,1,1,0,29469.5,28971.0,0.1896551724137931,1.1168582375478928,47,0
1779118440000,2,1.3939583,1,0.00017273245470091376,0.0,1.0,0.07491857,4,1,1,0,29469.5,28941.5,0.8661971830985915,1.4859154929577465,52,0
1779121920000,3,0.894375,1,0.00023397083163632267,0.0,1.0,0.1780822,2,1,0,0,29419.75,28843.0,1.7,1.1133333333333333,115,0
1779128940000,3,0.869375,1,0.000641181159671438,1.0,0.0,0.045454547,2,1,0,0,29419.75,28834.5,0.4069264069264069,1.1645021645021645,20,0
1779130620000,3,0.8647917,1,0.0006502965352200603,1.0,0.0,0.093596056,7,1,0,0,29419.75,28814.25,7.168478260869565,1.076086956521739,1043,0
1779131220000,3,0.86104167,1,0.0005357065710459239,1.0,0.0,0.36082473,0,1,0,0,29038.25,28918.25,3.935483870967742,1.032258064516129,16,0
1779132660000,3,0.85770833,1,0.000700673857944863,1.0,1.0,0.036474165,6,1,0,0,29038.25,28880.5,1.0220820189274449,0.15457413249211358,9,1
1779133800000,2,0.9916667,-1,0.00024931009877838053,0.0,1.0,0.7906977,1,1,0,0,28924.0,29087.5,0.2698412698412698,1.7301587301587302,2,0
1779136260000,2,0.9891667,-1,0.0005326826586019657,0.0,1.0,0.18181819,38,1,0,0,28924.0,29113.5,0.08496732026143791,1.5620915032679739,29,0
1779142080000,2,1.0,-1,0.00017150305275433902,0.0,1.0,0.7480916,2,0,0,0,28924.0,29159.0,1.9545454545454546,1.121212121212121,12,0
1779143640000,2,0.98333335,-1,0.0001542760169360783,0.0,1.0,0.6551724,1,0,0,0,28924.0,29173.0,0.03333333333333333,1.0,2,0
1779144120000,2,0.9789583,-1,2.5712669489346384e-05,1.0,0.0,0.08510638,1,0,0,0,28924.0,29173.0,2.8372093023255816,1.3488372093023255,18,0
1779151020000,2,0.995625,-1,0.0006942123261255239,0.0,1.0,0.26666668,16,0,0,1,29069.25,29190.0,2.0681818181818183,0.011363636363636364,23,1
1779152700000,2,0.975,1,0.0003872033592042541,0.0,1.0,0.23125,2,0,0,1,29185.0,29043.25,0.6910569105691057,1.3983739837398375,14,0
1779154500000,2,0.9710417,1,0.0005257850142651508,1.0,0.0,0.118644066,9,0,0,1,29185.0,28989.0,0.7211538461538461,1.4423076923076923,28,0
1779164400000,3,1.2460417,1,0.00030246726872056344,0.0,1.0,0.054054055,1,0,0,1,29185.0,28920.0,0.02857142857142857,1.0952380952380953,3,0
1779164880000,3,1.2452084,1,0.00019882606177439293,0.0,1.0,0.22321428,1,0,0,1,29185.0,28904.0,2.3908045977011496,1.4942528735632183,55,0
1779168300000,3,1.2327083,1,0.00031136212279776163,0.0,1.0,0.18796992,1,0,0,1,29039.0,28885.0,4.888888888888889,0.25925925925925924,101,1
1779174660000,2,1.47375,-1,0.00034401204042141474,0.0,1.0,0.632,1,0,1,0,28930.0,29084.75,0.8478260869565217,1.391304347826087,32,0
1779177480000,2,1.4658333,-1,0.00047232193463064425,0.0,1.0,0.4770115,10,0,1,0,28930.0,29125.25,7.637362637362638,0.6593406593406593,79,1
1779183000000,2,1.4339583,1,0.00032869413280972934,0.0,1.0,0.661157,1,0,1,0,29185.0,28892.75,0.0,2.2195121951219514,1,0
1779184260000,3,1.1810417,1,0.0001300209767175771,1.0,0.0,0.35099337,7,0,1,0,29185.0,28837.75,1.3112244897959184,1.1122448979591837,130,0
1779197280000,3,1.2833333,1,0.00014753614635585718,0.0,1.0,0.46606335,1,1,1,0,28951.0,28802.25,4.364406779661017,0.2542372881355932,3,1
1779197640000,2,0.98104167,-1,0.0007505823483737382,0.0,1.0,0.5714286,1,1,1,0,28814.25,28999.25,0.5,2.1964285714285716,2,0
1779198120000,2,0.98,-1,0.000714353338095689,1.0,0.0,0.0328152,5,1,1,0,28814.25,29068.0,1.1392857142857142,0.7142857142857143,25,1
1779201000000,3,1.2735417,1,0.00011337374089739677,0.0,1.0,0.57756233,9,1,1,0,28951.0,28663.0,2.822950819672131,0.8426229508196721,122,1
1779209160000,2,0.9433333,-1,0.00010347503664740882,0.0,1.0,0.7132867,1,1,0,0,28814.25,28995.5,0.3780487804878049,1.4146341463414633,5,0
1779210660000,2,0.939375,-1,0.00018062962325821435,0.0,1.0,0.8320413,1,1,0,0,28814.25,29074.75,0.13846153846153847,1.353846153846154,2,0
1779236640000,2,1.4983333,1,0.0007368557929868666,1.0,0.0,0.54376656,7,0,0,1,29185.0,28796.0,8.267441860465116,0.09302325581395349,802,1
1779255780000,2,0.99354166,-1,0.0001294598933250479,1.0,0.0,0.13142857,3,0,0,1,28864.5,28983.0,0.8157894736842105,1.256578947368421,32,0
1779258300000,3,0.9710417,-1,0.00010335917312661498,1.0,0.0,0.30088496,2,0,0,1,28864.5,29028.0,1.240506329113924,1.0886075949367089,26,0
1779262260000,3,0.964375,-1,0.00013764269676453636,1.0,0.0,0.6652174,6,0,1,0,28864.5,29065.0,1.6363636363636365,1.2337662337662338,32,0
1779283800000,2,0.99395835,1,0.0006277140031815641,0.0,1.0,0.30604982,1,1,1,0,29185.0,29055.0,1.0461538461538462,1.4205128205128206,6,0
1779284640000,2,0.9925,1,0.0005246589716684155,1.0,0.0,0.058939096,5,1,1,0,29185.0,29022.75,0.4342379958246347,0.1440501043841336,2,1
1779284880000,2,1.0279167,-1,7.712743165652584e-05,0.0,1.0,0.5,1,1,1,0,29059.75,29195.25,3.273381294964029,0.18705035971223022,7,1
1779285900000,2,0.98854166,1,0.0002839442436757873,0.0,1.0,0.70068026,10,1,1,0,29185.0,29046.75,1.4772727272727273,1.1931818181818181,6,0
1779286440000,2,0.98520833,1,0.000551163471640917,0.0,1.0,0.33950618,1,1,1,0,29185.0,29008.0,1.5358255451713396,0.17757009345794392,2,1
1779287400000,2,1.0216666,-1,0.0003334473324213406,0.0,1.0,0.9271028,0,1,1,0,29059.75,29249.75,0.3333333333333333,2.3846153846153846,1,0
1779287460000,2,1.0185417,-1,0.0003076476067579924,0.0,1.0,0.6603774,0,1,1,0,29059.75,29263.25,2.388888888888889,1.0,1,0
1779287520000,2,1.0183333,-1,0.0002992911076336335,0.0,1.0,0.09836066,0,1,1,0,29059.75,29263.25,2.3727272727272726,1.1090909090909091,23,0
1779288900000,2,1.0135417,-1,0.0003161636531428376,0.0,1.0,0.7238806,0,1,1,0,29059.75,29266.25,0.4864864864864865,1.837837837837838,2,0
1779289380000,2,1.0129167,-1,0.0003161663547728302,1.0,0.0,0.07511737,1,1,1,0,29059.75,29284.75,0.06598984771573604,2.6294416243654823,12,0
1779307680000,2,1.4627084,-1,6.809321961765657e-05,0.0,1.0,0.24378109,8,1,0,0,29209.75,29397.0,4.276315789473684,0.5723684210526315,57,1
1779314760000,2,1.4489583,1,0.00046217048955837043,0.0,1.0,0.045454547,1,0,0,0,29395.5,29196.5,0.047619047619047616,1.753968253968254,1,0
1779316440000,2,1.4485416,1,0.001020837086410857,1.0,1.0,0.43991417,24,0,0,0,29395.5,29113.0,3.471264367816092,0.31800766283524906,352,1
1779337860000,3,1.9445833,-1,0.00011050287307469995,0.0,1.0,0.03448276,4,0,0,1,29059.75,29414.25,0.6071428571428571,1.0119047619047619,24,0
1779339660000,3,1.9383334,-1,0.0002379455104781005,0.0,1.0,0.52112675,1,0,0,1,29059.75,29427.0,0.3235294117647059,1.0,3,0
1779340080000,3,1.9366666,-1,0.0002463954051505136,1.0,0.0,0.033898305,1,0,0,1,29059.75,29440.0,7.245614035087719,1.5175438596491229,187,0
1779351420000,3,1.896875,-1,0.0003226409006775459,0.0,1.0,0.08661418,1,0,1,0,29059.75,29463.25,10.586206896551724,1.103448275862069,544,0
1779384120000,3,1.783125,-1,0.0006285355122564425,0.0,1.0,0.21363637,0,1,0,0,29059.75,29476.75,1.5491329479768785,1.2369942196531791,18,0
1779386280000,3,1.7789583,-1,0.00038939491416381674,0.0,1.0,0.5410765,3,1,0,0,29059.75,29553.75,5.351851851851852,1.1666666666666667,284,0
1779407040000,2,0.94125,-1,0.0002707046781152187,0.0,1.0,0.09090909,2,0,0,1,29296.5,29560.5,0.12857142857142856,2.0714285714285716,7,0
1779407640000,2,0.939375,-1,0.0004312312921718837,0.0,1.0,0.03937008,3,0,0,1,29296.5,29579.25,0.860655737704918,1.6475409836065573,27,0
1779409320000,2,0.933125,-1,5.06799560773714e-05,1.0,1.0,0.029761905,1,0,0,1,29296.5,29599.0,0.27607361963190186,1.098159509202454,10,0
1779410040000,2,0.930625,-1,0.0001013864598382886,0.0,1.0,0.10958904,1,0,0,1,29296.5,29598.25,0.2,1.1692307692307693,1,0
1779410460000,2,0.9302083,-1,7.604948286351652e-05,1.0,0.0,0.03,5,0,0,1,29296.5,29602.25,3.484536082474227,1.0206185567010309,265,0
1779427380000,2,0.9604167,-1,0.0001689160656069999,1.0,0.0,0.13131313,13,0,0,1,29493.5,29606.75,2.6511627906976742,1.3255813953488371,159,0
1779434220000,2,1.4995834,1,0.00013544514894733723,1.0,0.0,0.05147059,15,0,1,0,29603.0,29528.25,1.3333333333333333,0.8527131782945736,44,1
1779437100000,2,1.4247917,-1,0.00010976577671952311,0.0,1.0,0.43956044,1,0,1,0,29533.25,29615.0,1.1764705882352942,2.176470588235294,10,0
1779437940000,2,1.471875,-1,0.0003036975172727963,0.0,1.0,0.685567,1,0,1,0,29533.25,29643.75,0.03278688524590164,2.377049180327869,1,0
1779438840000,2,1.4708333,-1,2.5311115798354777e-05,1.0,0.0,0.23692308,13,0,1,0,29533.25,29665.5,1.1451612903225807,0.22983870967741934,31,1
1779442560000,2,1.4739584,1,0.00038998253556471165,0.0,1.0,0.45519713,5,0,1,0,29603.0,29477.0,0.9210526315789473,1.0986842105263157,39,0
1779445440000,2,1.409375,1,6.787311121857687e-05,1.0,0.0,0.025423728,4,0,1,0,29603.0,29462.0,0.10434782608695652,1.191304347826087,4,0
1779446520000,2,1.4066666,1,0.00011888183145952923,0.0,1.0,0.71779144,10,0,1,0,29603.0,29437.5,13.391304347826088,0.5,147,1
1779455940000,2,1.860625,-1,0.00020272496135555424,1.0,0.0,0.33146068,9,1,1,0,29437.5,29604.25,1.4453781512605042,1.5210084033613445,11,0
1779456780000,2,1.9060416,-1,0.0004807408469472956,0.0,1.0,0.19444445,1,1,1,0,29437.5,29658.25,0.19704433497536947,1.0541871921182266,3,0
1779457800000,2,1.905,-1,0.0009267294034390086,1.0,1.0,0.024175825,10,1,1,0,29437.5,29718.25,1.054054054054054,1.1103603603603605,218,0
1779471600000,2,0.9941667,-1,0.0003952901597981497,0.0,1.0,0.5316456,10,1,0,0,29437.5,29747.75,5.641891891891892,1.3310810810810811,200,0
1779475200000,2,0.9920833,1,0.0004555001644861705,1.0,0.0,0.022099448,2,1,0,0,29713.75,29624.25,0.14689265536723164,1.3728813559322033,22,0
1779477780000,2,0.986875,1,0.00024511461221177905,0.0,1.0,0.75107294,1,1,0,0,29713.75,29569.75,0.3620689655172414,1.2586206896551724,3,0
1779478740000,2,0.9820833,1,0.0002199512723335138,0.0,1.0,0.22380953,8,1,0,0,29713.75,29535.0,0.147239263803681,1.4478527607361964,7,0
1779479400000,2,0.97791666,1,0.000837804444594892,0.0,1.0,0.015873017,4,1,0,0,29713.75,29516.75,0.41397849462365593,1.3172043010752688,41,0
1779660720000,3,1.4875,-1,0.0004367912641747165,0.0,1.0,0.8125,6,0,0,0,29437.5,29780.0,0.0,1.345679012345679,3,0
1779660960000,3,0.871875,-1,0.0004703194813048006,0.0,1.0,0.44537815,1,0,0,0,29437.5,29787.0,0.3484848484848485,1.4545454545454546,15,0
1779662040000,3,0.86854166,-1,0.00017615676274200583,0.0,1.0,0.5089286,2,0,0,0,29437.5,29808.25,0.7090909090909091,1.509090909090909,9,0
1779664320000,3,0.86604166,-1,0.0002682628305081904,1.0,0.0,0.6118421,5,0,0,1,29502.0,29831.75,0.7966101694915254,1.5254237288135593,20,0
1779666600000,3,0.855625,-1,0.0003849887851093033,1.0,1.0,0.16176471,15,0,0,1,29502.0,29882.5,0.30994152046783624,1.1461988304093567,33,0
1779668760000,1,1.0,-1,0.0001757086917232839,0.0,1.0,0.59770113,1,0,0,1,29672.0,29892.5,0.7428571428571429,1.8857142857142857,4,0
1779709680000,2,1.468125,-1,0.0002835081633674099,1.0,0.0,0.084745765,3,0,1,0,29946.75,29990.0,1.2592592592592593,1.0,35,0
1779712380000,2,1.4577084,-1,0.0005671771260801388,1.0,0.0,0.10958904,10,1,1,0,29946.75,29990.0,0.6,0.038461538461538464,12,1
1779713220000,2,1.478125,1,0.00029218529556629684,0.0,1.0,0.34285715,2,1,1,0,29987.25,29938.0,0.717391304347826,1.173913043478261,42,0
1779717360000,2,1.43875,-1,0.00010002917517609303,0.0,1.0,0.67346936,1,1,1,0,29888.75,29994.5,1.25,1.0625,3,0
1779717840000,2,1.4377084,-1,5.834694762111159e-05,1.0,0.0,0.024390243,5,1,1,0,29888.75,29994.75,10.05,0.6,218,1
1779752220000,3,0.9302083,1,0.00032674810234755943,1.0,1.0,0.6436464,11,0,0,1,29994.75,29829.75,1.178294573643411,1.4031007751937985,31,0
1779754320000,1,1.0,1,0.00026837982454668973,0.0,1.0,0.30555555,3,0,0,1,29990.0,29800.5,1.23,1.18,57,0
1779776100000,2,0.98520833,-1,0.00012568393005270347,0.0,1.0,0.53846157,1,0,0,1,29783.25,29840.5,1.2333333333333334,1.7333333333333334,10,0
1779776700000,2,0.98229164,-1,0.0001340392735071376,0.0,1.0,0.5675676,0,0,0,1,29783.25,29846.0,15.5,0.8125,44,1
1779779940000,2,1.485625,1,6.719922048904233e-05,0.0,1.0,0.5460993,2,0,1,0,29831.0,29760.25,0.796875,2.078125,13,0
1779780840000,2,1.4808333,1,0.00030250067222371607,0.0,1.0,0.3592233,2,0,1,0,29831.0,29743.0,4.5,0.6515151515151515,112,1
1779787800000,2,1.4445833,-1,0.00010891877173138956,0.0,1.0,0.9767442,1,0,1,0,29770.5,29844.0,6.5,1.0,1,0
1779788400000,2,1.4435416,-1,2.513257432958858e-05,1.0,0.0,0.2,9,0,1,0,29770.5,29844.0,0.5277777777777778,1.25,5,0
1779789600000,2,1.478125,-1,5.862106506100778e-05,0.0,1.0,0.9027778,0,0,1,0,29770.5,29854.5,0.8571428571428571,3.0,1,0
1779804660000,3,1.325625,-1,0.0004248973164818502,0.0,1.0,0.5873786,11,1,1,0,29770.5,30020.0,0.23529411764705882,1.4823529411764707,3,0
1779804960000,3,1.3220834,-1,0.00012494481603958252,0.0,1.0,0.41666666,1,1,1,0,29770.5,30032.5,0.19047619047619047,1.5396825396825398,2,0
1779805260000,3,1.32125,-1,0.0002745127398867011,0.0,1.0,0.50292397,1,1,1,0,29770.5,30061.5,0.16470588235294117,1.1176470588235294,2,0
1779806820000,3,1.3202083,-1,5.810623479899393e-05,1.0,0.0,0.4981685,10,1,1,0,29770.5,30119.0,5.817518248175182,1.1897810218978102,526,0
1779842100000,2,1.4554167,-1,3.319970452262975e-05,0.0,1.0,0.61290324,1,0,0,1,30027.0,30124.25,10.583333333333334,2.9166666666666665,10,0
1779843000000,2,1.453125,-1,0.0002240236303444156,0.0,1.0,0.094736844,2,0,0,1,30027.0,30137.5,0.4069767441860465,1.2093023255813953,17,0
1779850500000,2,0.9891667,-1,0.00022383790819329648,1.0,0.0,0.11111111,3,0,0,1,30027.0,30162.5,5.6875,1.015625,313,0
1779852900000,2,1.493125,1,0.00020753604901171333,0.0,1.0,0.33333334,2,0,0,1,30159.0,30109.0,1.7666666666666666,1.5,13,0
1779854280000,2,1.49,1,0.0002574643910136622,0.0,1.0,0.6238532,2,0,0,1,30159.0,30093.5,2.024390243902439,1.1951219512195121,20,0
1779869400000,3,0.9483333,-1,5.8036380519674335e-05,0.0,1.0,0.6944444,1,0,1,0,30055.5,30163.0,1.2272727272727273,1.0,3,0
1779871020000,3,0.9472917,-1,0.00017376769741251624,1.0,1.0,0.6666667,11,0,1,0,30055.5,30218.0,1.25,1.0125,83,0
1779876180000,3,0.925,-1,5.7902442655902326e-05,0.0,1.0,0.5192308,1,0,1,0,30055.5,30225.0,0.16,2.96,1,0
1779876480000,3,0.9241667,-1,4.133768756975735e-05,0.0,1.0,0.6851852,1,0,1,0,30055.5,30244.75,0.29411764705882354,1.2647058823529411,2,0
1779876660000,3,0.92270833,-1,3.3070150055805875e-05,0.0,1.0,0.35714287,0,0,1,0,30055.5,30245.5,0.14814814814814814,1.2592592592592593,3,0
1779877140000,3,0.9220833,-1,4.9600714250285204e-05,1.0,0.0,0.03508772,4,0,1,0,30055.5,30248.25,1.5272727272727273,1.6181818181818182,41,0
1779880500000,3,0.9125,-1,0.00014041231663803358,0.0,1.0,0.7615894,11,0,1,0,30055.5,30273.5,1.4444444444444444,1.3055555555555556,2,0
1779880740000,3,0.9089583,-1,4.128819157720892e-05,0.0,1.0,0.3392857,2,0,1,0,30055.5,30276.25,0.10810810810810811,1.8108108108108107,2,0
1779881220000,3,0.90791667,-1,0.00032198939911824443,0.0,1.0,0.0952381,4,0,1,0,30055.5,30292.0,0.2631578947368421,1.1973684210526316,8,0
1779881820000,3,0.90520835,-1,9.902869356396016e-05,0.0,1.0,0.78571427,0,0,1,0,30055.5,30297.25,17.083333333333332,7.0,42,0
1779889500000,3,0.9295833,1,0.0005920317529142971,0.0,1.0,0.4691849,1,1,1,0,30380.0,29963.75,0.011235955056179775,1.1198501872659177,1,0
1779889800000,3,0.92791665,1,0.0002671519927868962,1.0,0.0,0.0023923444,3,1,1,0,30380.0,29937.5,0.5515587529976019,1.143884892086331,35,0
1779892440000,3,0.91979164,1,0.000668985817500669,0.0,1.0,0.19944598,1,1,1,0,30380.0,29876.0,2.6193771626297577,1.0726643598615917,719,0
1779906660000,2,0.994375,-1,6.654356107867113e-05,0.0,1.0,0.74358976,0,1,0,0,29770.5,30060.5,6.35,1.9,35,0
1779908820000,2,0.98625,-1,0.0003826509391585007,0.0,1.0,0.123809524,1,1,0,0,29895.0,30065.0,1.4130434782608696,1.065217391304348,31,0
1779910800000,2,0.9795833,-1,0.0002577919701959219,0.0,1.0,0.54444444,1,1,0,0,29895.0,30071.0,2.7560975609756095,1.048780487804878,26,0
1779913320000,2,0.97375,-1,0.00014114911989372301,0.0,1.0,0.74615383,2,1,0,0,29895.0,30114.25,0.6515151515151515,1.1515151515151516,17,0
1779914520000,2,0.96666664,-1,1.6607019787264077e-05,0.0,1.0,0.0,2,1,0,0,29895.0,30112.0,0.029411764705882353,1.7647058823529411,3,0
1779919500000,2,0.965625,-1,6.63806765850461e-05,0.0,1.0,0.30821916,3,0,0,0,29895.0,30137.5,9.198019801980198,0.21782178217821782,327,1
1779940680000,2,1.3933333,1,0.00017602239675448228,0.0,1.0,0.7512077,13,0,0,1,30080.75,29796.5,0.10679611650485436,1.796116504854369,3,0
1779942720000,2,1.383125,1,0.00029390030901518203,1.0,0.0,0.013245033,11,0,0,1,30080.75,29763.25,7.832214765100671,0.8389261744966443,509,1
1779973740000,2,1.3747916,-1,0.00044050666578011237,1.0,0.0,0.03517588,8,1,1,0,29770.5,30092.25,0.3229166666666667,1.3177083333333333,21,0
1779975180000,2,1.36875,-1,0.0006068112484518001,1.0,1.0,0.034398034,2,1,1,0,29770.5,30112.5,0.9567430025445293,1.3129770992366412,39,0
1779978120000,3,1.3225,-1,0.0003315512453893655,1.0,0.0,0.44801223,8,1,1,0,29770.5,30185.25,0.3518005540166205,1.0498614958448753,34,0
1779980760000,3,1.313125,-1,0.00019842746236079073,0.0,1.0,0.8201893,1,1,1,0,29770.5,30243.75,1.4385964912280702,1.3859649122807018,16,0
1779982140000,3,1.3079166,-1,0.00014870011317730835,0.0,1.0,0.71022725,0,1,1,0,29770.5,30275.0,0.43137254901960786,1.392156862745098,3,0
1779982500000,3,1.3058333,-1,0.00016513094884243205,0.0,1.0,0.80701756,1,1,1,0,29770.5,30284.0,0.6363636363636364,4.545454545454546,1,0
1779982740000,3,1.305,-1,0.0002311241714611175,0.0,1.0,0.2580645,3,1,1,0,29770.5,30293.75,3.782608695652174,1.7608695652173914,39,0
1780005600000,2,1.4625,-1,0.00010709284125545761,1.0,0.0,0.8828829,0,0,0,0,30274.5,30350.75,4.538461538461538,1.9230769230769231,3,0
1780005780000,2,1.449375,-1,0.00018946882825886385,1.0,0.0,0.4888889,0,0,0,0,30274.5,30353.75,0.391304347826087,1.565217391304348,1,0
1780005840000,2,1.4491667,-1,0.00017297190442066768,1.0,0.0,0.53333336,0,0,0,0,30274.5,30357.0,0.14285714285714285,2.4761904761904763,1,0
1780006200000,2,1.4489583,-1,0.0004035911374680834,1.0,1.0,0.083333336,5,0,0,0,30274.5,30364.75,0.6320346320346321,0.3463203463203463,114,1
1780013220000,2,1.4991666,1,0.00027246831523758413,0.0,1.0,0.06849315,3,0,0,1,30342.0,30270.5,0.9411764705882353,1.5,24,0
1780016100000,2,1.4935417,1,9.921455146754858e-05,0.0,1.0,0.82954544,2,0,0,1,30342.0,30234.5,2.7,3.433333333333333,8,0
1780036020000,2,1.3454167,-1,0.00015656931900586723,1.0,0.0,0.04040404,5,0,0,1,30227.0,30342.75,0.29473684210526313,1.2105263157894737,25,0
1780038000000,2,1.3391666,-1,5.766252594813668e-05,1.0,0.0,0.17777778,1,0,1,0,30227.0,30350.75,8.108108108108109,1.6486486486486487,131,0
1780046640000,2,1.4852084,-1,0.00015646488186901419,1.0,0.0,0.119266056,4,0,1,0,30227.0,30369.5,1.8854166666666667,1.0625,112,0
1780053780000,2,1.4591666,-1,0.00012350659936929297,1.0,0.0,0.24657534,6,0,1,0,30227.0,30372.25,4.672727272727273,1.8727272727272728,126,0
1780063320000,3,0.93125,-1,0.000303015412838026,0.0,1.0,0.9544787,2,1,1,0,30227.0,30535.75,33.32258064516129,1.935483870967742,566,0
1780273800000,2,0.7816667,-1,0.0002701441587465311,0.0,1.0,0.40697673,0,0,0,1,30360.5,30552.0,1.0980392156862746,1.6274509803921569,22,0
1780275600000,2,0.77666664,-1,0.00022911007102412203,1.0,0.0,0.16153847,8,0,0,1,30360.5,30560.0,0.5688073394495413,1.4678899082568808,60,0
1780297500000,2,1.4989583,-1,0.00017166539961252668,0.0,1.0,0.051282052,0,0,1,0,30536.25,30592.0,5.864864864864865,0.6486486486486487,20,1
1780300200000,2,0.96979165,1,0.00017212127173031055,1.0,0.0,0.5308057,8,0,1,0,30591.5,30486.5,0.21212121212121213,1.303030303030303,15,0
1780320720000,3,1.3352083,1,9.898866579776616e-05,1.0,0.0,0.22953737,5,1,1,0,30591.5,30291.0,1.879907621247113,0.9630484988452656,237,1
1780336560000,3,0.88145834,-1,5.70213667207012e-05,0.0,1.0,0.95914745,2,1,0,0,30360.5,30692.0,57.26086956521739,0.13043478260869565,366,1
1780360200000,2,0.998125,1,0.00016456841932033242,1.0,0.0,0.48638132,5,0,0,1,30595.0,30377.5,0.3712121212121212,1.0757575757575757,23,0
1780362180000,2,0.98895836,1,0.0001317479661407727,0.0,1.0,0.7118644,1,0,0,1,30481.25,30357.0,4.294117647058823,2.4705882352941178,26,0
1780363740000,3,1.1814584,1,0.0009217727665528167,0.0,1.0,0.052238807,0,0,0,1,30481.25,30344.5,0.44881889763779526,1.1023622047244095,23,0
1780366620000,3,1.1766666,1,9.890218573830482e-05,1.0,1.0,0.12781955,7,0,0,1,30481.25,30321.0,1.206896551724138,1.1120689655172413,63,0
1780370700000,3,1.158125,1,9.066407312469607e-05,0.0,1.0,0.2857143,4,0,0,1,30481.25,30322.0,0.32727272727272727,1.0,2,0
1780370940000,3,1.156875,1,0.00018136850783182193,0.0,1.0,0.62711865,0,0,0,1,30481.25,30319.5,0.09090909090909091,1.1818181818181819,1,0
1780371000000,3,1.15625,1,2.473675964939766e-05,0.0,1.0,0.89285713,0,0,0,1,30481.25,30318.5,15.0,1.6666666666666667,1,0
1780371060000,3,1.1560416,1,5.7698648203099244e-05,0.0,1.0,0.04,0,0,0,1,30481.25,30318.0,12.625,0.8541666666666666,119,1
1780373640000,2,1.49875,-1,0.0001892490105568035,1.0,0.0,0.114285715,6,0,0,1,30360.5,30391.5,0.4032258064516129,1.032258064516129,9,0
1780374240000,2,1.495,-1,1.645481097535892e-05,0.0,1.0,0.21052632,0,0,0,1,30360.5,30390.0,0.8666666666666667,1.0,1,0
1780377360000,2,1.4947916,-1,4.102732419791581e-05,0.0,1.0,0.8979592,2,0,0,1,30360.5,30468.75,0.4,1.1428571428571428,5,0
1780378620000,2,1.44375,-1,8.199140730051491e-05,0.0,1.0,0.30769232,1,0,0,1,30360.5,30493.5,1.2222222222222223,1.1904761904761905,40,0
1780381380000,2,1.4339583,-1,0.00013115506627429442,0.0,1.0,0.84126985,1,0,0,1,30360.5,30502.75,13.5,2.5,12,0
1780382520000,2,1.4302083,-1,0.00011473152822395595,1.0,0.0,0.54385966,6,0,0,1,30360.5,30509.5,0.21153846153846154,1.3269230769230769,3,0
1780385100000,2,1.428125,-1,0.00014733929784639058,0.0,1.0,0.7906977,2,0,1,0,30360.5,30547.5,2.2888888888888888,1.4,36,0
1780406280000,2,0.98583335,1,0.0003853374982577826,1.0,0.0,0.20567375,10,1,1,0,30587.75,30481.0,2.0892857142857144,1.1160714285714286,15,0
1780408200000,2,0.980625,1,0.0008452461061235208,0.0,1.0,0.021276595,9,1,1,0,30587.75,30423.75,0.25181159420289856,0.19746376811594202,8,1
1780408800000,3,1.1254166,-1,0.00026960123526384157,0.0,1.0,0.8783383,0,1,1,0,30502.5,30611.0,3.0,2.048780487804878,6,0
1780409760000,3,1.12375,-1,6.526296897561612e-05,0.0,1.0,0.30541873,3,1,1,0,30502.5,30647.25,2.120567375886525,1.0567375886524824,45,0
1780414020000,3,1.1122917,-1,0.0001630151278038602,1.0,0.0,0.70384616,6,1,1,0,30502.5,30677.0,0.42857142857142855,1.3636363636363635,8,0
1780415040000,3,1.1052083,-1,8.964443756264924e-05,1.0,0.0,0.1724138,5,1,1,0,30502.5,30686.0,0.5833333333333334,1.1388888888888888,9,0
1780416120000,3,1.10125,-1,7.330004968114478e-05,1.0,0.0,0.052083332,4,1,0,0,30502.5,30698.0,0.31868131868131866,1.1978021978021978,4,0
1780416540000,3,1.29875,-1,0.00017912829657132156,0.0,1.0,0.6262626,1,1,0,0,30502.5,30712.5,11.405405405405405,1.054054054054054,224,0
1780430340000,3,1.2514583,-1,0.00020353499580717907,0.0,1.0,0.5181818,0,1,0,0,30502.5,30720.5,0.7169811320754716,1.0188679245283019,4,0
1780431660000,2,1.474375,-1,0.0003576944963824079,0.0,1.0,0.86328125,16,1,0,0,30502.5,30763.5,21.542857142857144,1.5142857142857142,721,0
1780479360000,2,1.4077083,-1,0.00018689158662831326,1.0,0.0,0.2857143,7,0,1,0,30672.5,30772.25,1.3789473684210527,1.305263157894737,31,0
1780481820000,3,0.92354167,-1,0.0004550366873329162,1.0,0.0,0.0057471264,9,0,1,0,30672.5,30785.5,0.08670520231213873,1.0057803468208093,71,0
1780486440000,3,0.9066667,-1,0.0001461537212361357,0.0,1.0,0.35365853,2,0,1,0,30672.5,30794.0,1.0754716981132075,1.2264150943396226,30,0
1780493640000,2,0.99354166,-1,0.0003491053161432793,1.0,1.0,0.0026666666,2,1,1,0,30672.5,30807.75,0.5080213903743316,0.0106951871657754,3,1
1780494660000,2,1.4172916,1,0.0009327594953280204,0.0,1.0,0.63081694,1,1,1,0,30797.5,30495.5,1.7338935574229692,1.0532212885154062,418,0
1780524000000,3,1.4897916,1,0.0008942635862431084,0.0,1.0,0.5032051,0,0,0,0,30739.5,30433.25,0.7225806451612903,1.1483870967741936,16,0
1780525320000,3,1.4716667,1,0.0004108395917897816,0.0,1.0,0.025,1,0,0,0,30739.5,30405.75,0.6474358974358975,1.141025641025641,26,0
1780527300000,3,1.465,1,0.0006827229954265785,0.0,1.0,0.33039647,4,0,0,0,30739.5,30370.0,1.6578947368421053,1.0592105263157894,52,0
1780530540000,3,1.4525,1,0.0,0.0,1.0,0.33333334,1,0,0,1,30739.5,30375.75,15.342105263157896,3.0,146,0
1780540200000,3,1.071875,1,0.00043630735795314226,0.0,1.0,0.3298611,14,0,0,1,30531.0,30352.5,2.766839378238342,0.26424870466321243,264,1
1780555620000,2,1.4916667,-1,2.457465370217158e-05,0.0,1.0,0.21052632,3,0,0,1,30360.5,30520.0,0.16666666666666666,1.2666666666666666,3,0
1780556400000,2,1.4895834,-1,0.00019653927100308732,0.0,1.0,0.4949495,6,0,1,0,30450.0,30534.25,0.72,1.78,4,0
1780556700000,2,1.4366666,-1,0.00018827612740563682,0.0,1.0,0.7195122,0,0,1,0,30450.0,30546.0,16.217391304347824,0.4782608695652174,62,1
1780560600000,2,0.98604167,1,0.00018066253880138618,0.0,1.0,0.74285716,1,0,1,0,30531.0,30430.5,0.19444444444444445,1.5833333333333333,1,0
1780560960000,2,0.984375,1,4.110219650138103e-05,0.0,1.0,0.61333334,1,0,1,0,30531.0,30404.0,1.8275862068965518,1.896551724137931,3,0
1780561440000,2,0.98354167,1,0.00022229723610436443,0.0,1.0,0.61003864,1,0,1,0,30531.0,30358.0,0.09900990099009901,1.0495049504950495,1,0
1780561740000,3,1.4947916,1,0.00032941874063215456,0.0,1.0,0.28648648,1,0,1,0,30531.0,30339.5,0.9090909090909091,1.2803030303030303,20,0
1780564560000,3,1.4897916,1,3.305648526920375e-05,0.0,1.0,0.83908045,1,0,1,0,30531.0,30250.25,0.4,1.2714285714285714,2,0
1780564800000,3,1.4835416,1,4.130217497253405e-05,1.0,0.0,0.13475177,1,0,1,0,30531.0,30251.25,2.2049180327868854,1.139344262295082,82,0
1780570440000,3,1.46625,1,0.00043010396936336344,0.0,1.0,0.5494071,2,0,1,0,30531.0,30212.25,0.043859649122807015,1.2894736842105263,1,0
1780570800000,3,1.4635416,1,0.0006038597390995045,1.0,0.0,0.0349345,5,0,1,0,30531.0,30204.0,0.5294117647058824,1.330316742081448,36,0
1780573740000,3,1.455,1,0.00015732253603928097,1.0,0.0,0.017421603,11,0,1,0,30531.0,30163.0,1.8581560283687943,1.148936170212766,137,0
1780582080000,2,1.4735416,1,0.0003563142194232682,0.0,1.0,0.035897437,1,1,1,0,30364.5,30152.25,3.8882978723404253,0.48936170212765956,52,1
1780586280000,2,0.9875,-1,9.847042604871004e-05,0.0,1.0,0.8586956,1,1,1,0,30227.0,30469.0,5.584615384615384,1.0615384615384615,63,0
1780594500000,2,1.3058333,-1,8.186722773006738e-05,0.0,1.0,0.22972973,2,1,0,0,30227.0,30539.75,1.0,1.105263157894737,9,0
1780595220000,2,1.3033333,-1,0.00015556428898932337,0.0,1.0,0.29333332,2,1,0,0,30227.0,30544.5,0.11320754716981132,1.1132075471698113,3,0
1780595580000,2,1.3020834,-1,9.001783989918002e-05,0.0,1.0,0.34920636,1,1,0,0,30227.0,30555.5,0.21951219512195122,1.4146341463414633,3,0
1780596540000,2,1.3008333,-1,0.00017162751924680038,0.0,1.0,0.8324022,3,1,0,0,30227.0,30594.75,1.0666666666666667,1.2666666666666666,2,0
1780618500000,2,1.44875,1,2.4834848259077136e-05,0.0,1.0,0.5974026,1,0,0,1,30603.25,30198.75,0.45161290322580644,1.4838709677419355,2,0
1780619700000,2,1.4464583,1,0.00011597948819908708,0.0,1.0,0.34920636,9,0,0,1,30603.25,30170.0,0.17886178861788618,1.0,2,0
1780620000000,2,1.4422916,1,0.0001905803586225183,0.0,1.0,0.35135135,1,0,0,1,30603.25,30161.0,0.5416666666666666,1.1388888888888888,5,0
1780620360000,2,1.840625,1,0.0004886694937715346,0.0,1.0,0.025157232,0,0,0,1,30603.25,30145.25,0.012903225806451613,1.135483870967742,5,0
1780620780000,3,0.88916665,1,0.0003732271709380443,0.0,1.0,0.22330096,1,0,0,1,30603.25,30131.25,0.3625,1.3,8,0
1780622220000,3,0.88729167,1,0.0001245298996289009,0.0,1.0,0.78723407,1,0,0,1,30603.25,30107.0,1.05,1.1,1,0
1780622340000,3,0.88375,1,0.00035686128055106023,1.0,0.0,0.13402061,1,0,0,1,30603.25,30106.0,0.08333333333333333,1.7023809523809523,2,0
1780622820000,3,0.883125,1,0.00019119028420851378,0.0,1.0,0.5424354,1,0,0,1,30603.25,30052.25,5.701612903225806,1.2661290322580645,669,0
1780651620000,2,1.4597917,-1,0.00023990337684684238,1.0,0.0,0.2924282,13,0,1,0,30052.25,30260.0,2.188191881918819,0.6531365313653137,189,1
1780663080000,2,1.3675,1,0.0001828715825873004,1.0,0.0,0.048913043,1,1,1,0,30242.75,30042.25,1.1371428571428572,1.262857142857143,28,0
1780665060000,2,1.36125,1,0.0003744757339724386,1.0,0.0,0.0890411,5,1,1,0,30242.75,30030.75,0.09022556390977443,1.1654135338345866,6,0
1780666260000,2,1.3589584,1,0.0007245109551053039,1.0,0.0,0.0125,1,1,1,0,30242.75,29998.5,0.035443037974683546,1.0253164556962024,5,0
1780668180000,2,1.3547916,1,0.0008561787566941428,0.0,1.0,0.8076555,2,1,1,0,30242.75,29758.0,2.6616915422885574,1.1293532338308458,69,0
1780672560000,2,0.9975,1,0.00015966923257924637,0.0,1.0,0.47783253,0,1,1,0,30242.75,29722.5,0.6037735849056604,1.0943396226415094,5,0
1780673400000,2,0.995625,1,0.00031125393273550146,1.0,0.0,0.08196721,7,1,1,0,30242.75,29695.5,0.047619047619047616,1.130952380952381,3,0
1780673700000,2,0.993125,1,0.00021885890334854123,0.0,1.0,0.45689654,0,1,1,0,30242.75,29683.75,0.30158730158730157,1.3968253968253967,1,0
1780674600000,2,0.9922917,1,0.00024474226108091686,0.0,1.0,0.41694915,9,1,1,0,30242.75,29615.75,0.37790697674418605,1.1686046511627908,12,0
1780877100000,1,1.0,-1,9.444735418616432e-05,0.0,1.0,0.48205128,0,0,0,1,28821.0,29142.0,0.7722772277227723,1.2178217821782178,9,0
1780897200000,2,1.4675,1,0.0001465403546276582,0.0,1.0,0.64893615,3,0,0,1,29233.0,28998.0,0.10606060606060606,1.5303030303030303,1,0
1780897380000,2,1.4664583,1,0.00036219385995170747,0.0,1.0,0.26530612,1,0,0,1,29233.0,28979.5,0.037037037037037035,1.2222222222222223,2,0
1780897860000,2,1.465625,1,0.0003364128043888932,1.0,0.0,0.056497175,2,0,0,1,29233.0,28972.5,5.275449101796407,0.6826347305389222,97,1
1780904160000,2,1.4691666,-1,0.0003506941177476884,0.0,1.0,0.056603774,7,0,1,0,28821.0,29240.0,0.5266666666666666,1.2333333333333334,11,0
1780905600000,2,1.465,-1,0.0004783626330446073,1.0,0.0,0.020942409,9,0,1,0,28821.0,29280.5,1.9411764705882353,2.085561497326203,190,0
1780917480000,2,1.3854166,-1,0.000442598393027373,0.0,1.0,0.81666666,3,0,1,0,29143.0,29385.0,0.48863636363636365,2.0113636363636362,3,0
1780917840000,2,1.383125,-1,0.0001105479778223749,0.0,1.0,0.0890411,2,0,1,0,29143.0,29408.5,0.13533834586466165,1.0526315789473684,5,0
1780918740000,2,1.3814583,-1,0.00017838030681412772,0.0,1.0,0.88,0,0,1,0,29143.0,29436.75,2.6666666666666665,1.1428571428571428,2,0
1780919040000,2,1.37875,-1,0.00010196278358399184,1.0,0.0,0.10526316,1,0,1,0,29143.0,29436.5,1.8823529411764706,1.1176470588235294,37,0
1780929960000,2,0.99041665,-1,8.437394532568342e-06,0.0,1.0,0.994012,0,1,1,0,29143.0,29630.25,31.0,79.0,1,0
1780930020000,2,0.9902083,-1,0.0005652482030169069,0.0,1.0,0.3909091,0,1,1,0,29143.0,29649.75,1.9402985074626866,1.6567164179104477,5,0
1780930440000,2,0.9891667,-1,0.0001517386722866175,0.0,1.0,0.29752067,2,1,1,0,29143.0,29660.75,1.2705882352941176,1.3764705882352941,3,0
1780932000000,2,0.988125,-1,0.00036159370322407034,0.0,1.0,0.86797065,0,1,1,0,29331.25,29743.0,30.314814814814813,0.2777777777777778,355,1
1780957800000,2,1.409375,1,0.00011083260865858442,0.0,1.0,0.40298507,15,0,0,0,29743.0,29320.25,4.4,1.4,123,0
1780965840000,2,1.380625,1,3.4108738658844396e-05,1.0,1.0,0.042424243,8,0,0,1,29743.0,29307.5,0.2721518987341772,1.1265822784810127,12,0
1780966680000,2,1.3758334,1,0.00012795905310300704,1.0,0.0,0.06849315,2,0,0,1,29743.0,29302.5,12.036764705882353,0.20588235294117646,727,1
1780989840000,2,1.499375,-1,0.00010949673615498,1.0,0.0,0.050632913,16,0,1,0,29331.25,29689.75,1.2,1.031111111111111,124,0
1780997400000,2,1.4691666,-1,0.0002526805191742401,0.0,1.0,0.5102041,2,0,1,0,29566.0,29691.5,1.9166666666666667,1.2916666666666667,20,0
1780998780000,2,1.4645833,-1,0.00010103136181856452,0.0,1.0,0.53333336,1,0,1,0,29566.0,29696.75,2.5714285714285716,1.380952380952381,8,0
1781010420000,3,0.7864583,-1,9.245173599146082e-05,0.0,1.0,0.054347824,1,1,1,0,29651.75,29748.0,4.275862068965517,0.8160919540229885,27,1
1781012100000,2,1.4929167,1,0.0005733509835498858,0.0,1.0,0.009803922,1,1,1,0,29743.0,29633.25,0.636963696369637,0.6567656765676567,8,1
1781013060000,3,0.7785417,-1,0.00010890052356020942,0.0,1.0,0.5608782,2,1,1,0,29651.75,29847.0,3.0954545454545452,0.45,9,1
1781013660000,2,1.4875,1,0.0011717498693372447,0.0,1.0,0.057142857,1,1,1,0,29743.0,29621.75,0.23905723905723905,1.8181818181818181,9,0
1781015520000,2,1.4852084,1,0.0008422664624808576,0.0,1.0,0.56128293,12,1,1,0,29743.0,29360.25,0.3368146214099217,1.2428198433420365,11,0
1781016660000,2,1.4785416,1,0.0010904282721434214,0.0,1.0,0.7292143,1,1,1,0,29743.0,29083.75,1.4591549295774648,1.3633802816901408,32,0
1781020260000,3,0.85770833,1,0.000286262025173709,1.0,1.0,0.5451664,13,1,1,0,29743.0,28811.5,0.11672473867595819,1.0574912891986064,4,0
1781020860000,3,0.8510417,1,0.0005053013076849359,0.0,1.0,0.55448276,3,1,0,0,29743.0,28681.25,0.3188854489164087,1.151702786377709,4,0
1781052480000,2,0.99083334,1,0.0006638388854403752,0.0,1.0,0.14166667,4,0,0,1,29195.75,28965.0,1.8737864077669903,1.0631067961165048,126,0
1781060220000,2,0.96375,1,0.0006556698184829871,0.0,1.0,0.11764706,1,0,0,1,29169.0,28957.25,2.380952380952381,1.2380952380952381,70,0
1781064840000,2,0.99854165,1,0.00020729326815111679,0.0,1.0,0.7297297,1,0,0,1,29169.0,28938.5,0.5666666666666667,1.3333333333333333,1,0
1781065200000,2,0.996875,1,0.00029365024528432254,1.0,0.0,0.22660099,4,0,0,1,29169.0,28927.5,0.03821656050955414,1.2993630573248407,10,0
1781066280000,2,0.99354166,1,0.0002508650519031142,0.0,1.0,0.70558375,1,0,0,1,29169.0,28888.25,1.4655172413793103,1.1379310344827587,3,0
1781066760000,2,0.99145836,1,0.00023375206697429592,0.0,1.0,0.36879432,1,0,0,1,29169.0,28870.0,2.707865168539326,1.0224719101123596,31,0
1781080200000,2,0.969375,1,0.00013866620444598517,0.0,1.0,0.460177,3,0,1,0,29169.0,28842.25,2.081967213114754,1.278688524590164,11,0
1781082300000,2,0.9664583,1,0.0002260456786152094,1.0,1.0,0.6461187,17,0,1,0,29169.0,28742.0,0.44516129032258067,1.1483870967741936,6,0
1781089620000,2,0.98645836,1,0.0011941183135911583,0.0,1.0,0.17532468,1,0,1,0,29169.0,28637.75,1.0039370078740157,1.236220472440945,18,0
1781091180000,2,0.98229164,1,0.0002183158244042161,0.0,1.0,0.6861111,1,0,1,0,29169.0,28622.0,0.9203539823008849,1.0530973451327434,5,0
1781091600000,2,0.9795833,1,5.23752160477662e-05,0.0,1.0,0.27329192,0,0,1,0,29169.0,28610.25,18.273504273504273,0.9658119658119658,163,1
1781094900000,2,0.99375,-1,0.0007434879961269463,0.0,1.0,0.53063244,1,1,1,0,28227.25,28991.5,0.8505263157894737,1.263157894736842,63,0
1781098680000,2,0.9795833,-1,0.0007586010706619657,1.0,0.0,0.6868327,0,1,1,0,28610.25,29022.75,6.8522727272727275,2.022727272727273,5,0
1781099400000,2,0.9785417,-1,0.00035170189404337086,0.0,1.0,0.4829211,1,1,1,0,28610.25,29162.25,0.7608200455580866,1.0432801822323463,22,0
1781101860000,2,1.3452083,-1,0.0004885616573382818,1.0,0.0,0.0,6,1,1,0,28610.25,29231.75,0.07662835249042145,1.1360153256704981,3,0
1781102160000,3,0.8179167,-1,0.00021383421860699837,0.0,1.0,0.110367894,1,1,1,0,28610.25,29251.0,9.112781954887218,0.21052631578947367,254,1
1781117820000,3,1.4645833,1,0.00041976755371712915,0.0,1.0,0.58943087,1,1,0,0,29169.0,28575.25,0.9900990099009901,1.2277227722772277,4,0
1781118120000,3,1.4622917,1,0.0004634568635338149,0.0,1.0,0.019900497,1,1,0,0,29169.0,28569.5,1.015228426395939,1.2588832487309645,13,0
1781119740000,3,1.4591666,1,0.00048224462954844365,1.0,0.0,0.44818652,2,1,0,0,29169.0,28493.5,2.2018779342723005,1.1784037558685445,31,0
1781153280000,2,0.97979164,-1,0.0005904674244331947,0.0,1.0,0.5687204,4,0,0,1,28264.25,28807.75,4.252747252747253,1.2417582417582418,132,0
1781161620000,2,0.9875,-1,0.000468684904874323,0.0,1.0,0.27804878,6,0,1,0,28688.25,28818.0,0.47297297297297297,1.1891891891891893,11,0
1781163060000,2,0.98375,-1,6.928446469090468e-05,0.0,1.0,0.6570248,7,0,1,0,28688.25,28868.5,0.7710843373493976,1.3975903614457832,29,0
1781176380000,2,1.4997916,1,0.0007283447498482615,0.0,1.0,0.5069767,5,0,1,0,29169.0,28811.5,2.8962264150943398,3.5943396226415096,69,0
1781181360000,2,1.4829167,1,0.001289760348583878,0.0,1.0,0.6892039,2,1,1,0,29169.0,28638.25,4.76140350877193,1.449122807017544,142,0
1781186220000,2,0.9895833,-1,0.0006386192017259979,0.0,1.0,0.46599495,3,1,1,0,28688.25,29014.75,0.294811320754717,1.2853773584905661,4,0
1781186940000,2,0.9872917,-1,0.0003271434351782501,1.0,0.0,0.18066157,5,1,1,0,28688.25,29048.75,3.5217391304347827,0.13043478260869565,46,1
1781190420000,2,1.4010416,1,0.0008129157452164716,1.0,1.0,0.13369714,6,1,1,0,28914.75,28577.5,1.1338582677165354,0.2110236220472441,54,1
1781193720000,2,0.96229166,-1,0.000857172542772044,0.0,1.0,0.29218107,1,1,0,0,28577.5,28916.25,1.0930232558139534,1.308139534883721,8,0
1781194440000,2,0.9604167,-1,0.0003108164111065064,0.0,1.0,0.79635257,1,1,0,0,28577.5,28968.5,0.835820895522388,1.4179104477611941,1,0
1781194920000,2,0.959375,-1,0.0007946722408893419,1.0,0.0,0.07591623,7,1,0,0,28577.5,28975.5,2.365439093484419,1.0509915014164306,66,0
1781199900000,2,0.94416666,-1,0.0007257327766536035,0.0,1.0,0.9254598,1,1,0,0,28577.5,29302.0,5.058441558441558,1.1948051948051948,65,0
1781204100000,3,1.714375,-1,3.4163506542311505e-05,0.0,1.0,0.016460905,4,1,0,0,28678.5,29296.5,0.0502092050209205,1.1506276150627615,5,0
1781207160000,3,1.7125,-1,0.0003809556059733839,1.0,0.0,0.71565497,11,1,0,0,28678.5,29542.25,0.5533707865168539,1.0561797752808988,90,0
1781216220000,2,1.4841666,-1,0.00040629417391083535,0.0,1.0,0.018348623,1,0,0,0,28678.5,29547.25,0.3925233644859813,1.0093457943925233,17,0
1781218680000,2,1.4804167,-1,0.00030427506465845124,1.0,0.0,0.6028369,8,0,0,0,28678.5,29587.5,2.3214285714285716,1.0178571428571428,48,0
1781223060000,1,1.0,-1,0.0003886054134423681,0.0,1.0,0.17816092,5,0,0,1,29411.75,29604.5,0.7482517482517482,1.4055944055944056,18,0
1781242800000,2,1.466875,1,0.00047501908558826025,0.0,1.0,0.17880794,1,0,0,1,29647.5,29456.0,0.7741935483870968,1.032258064516129,6,0
1781243520000,2,1.4654167,1,0.00010199831702776904,0.0,1.0,0.6792929,1,0,0,1,29647.5,29374.25,2.1653543307086616,1.0393700787401574,49,0
1781257140000,3,1.9304167,-1,0.0008855752443765972,0.0,1.0,0.10429448,3,0,1,0,29261.0,29668.0,10.965753424657533,0.8082191780821918,246,1
1781268060000,2,0.993125,1,0.0004917713093835054,0.0,1.0,0.565625,1,1,1,0,29647.5,29465.0,0.381294964028777,1.0359712230215827,3,0
1781268360000,2,0.99083334,1,0.0002460358533626314,0.0,1.0,0.6132075,1,1,1,0,29647.5,29460.0,0.1951219512195122,1.0609756097560976,1,0
1781268540000,2,0.9902083,1,0.0004666711919630736,0.0,1.0,0.18978103,1,1,1,0,29647.5,29450.25,0.3063063063063063,2.4864864864864864,5,0
1781269380000,2,0.98875,1,0.0004509602048890893,0.0,1.0,0.5994898,1,1,1,0,29647.5,29354.5,2.770700636942675,2.0,30,0
1781272320000,3,0.978125,1,0.00037616804452461763,1.0,0.0,0.008080808,7,1,1,0,29647.5,29231.25,2.5539714867617107,0.560081466395112,68,1
1781277960000,3,1.8625,-1,0.00014283313728785077,0.0,1.0,0.904321,1,1,1,0,29261.0,29759.25,21.661290322580644,19.56451612903226,334,0
1781475420000,3,1.2875,-1,0.0006318274778444707,1.0,0.0,0.75329566,8,0,0,0,29580.75,30090.5,0.007633587786259542,1.0419847328244274,5,0
1781475720000,3,0.67041665,-1,0.00029084744635942094,0.0,1.0,0.54545456,0,0,0,0,29580.75,30093.25,1.1142857142857143,1.2,2,0
1781476380000,3,0.66979164,-1,0.0004824327921213734,1.0,0.0,0.085409254,7,0,0,0,29580.75,30086.5,0.5019455252918288,1.178988326848249,88,0
1781483820000,1,1.0,-1,0.00024035074633050715,1.0,0.0,0.75934577,12,0,0,1,29825.0,30172.25,0.8252427184466019,1.0388349514563107,36,0
1781498220000,2,0.993125,-1,0.00020678588562259093,0.0,1.0,0.2647059,2,0,0,1,29825.0,30230.75,0.52,1.1,20,0
1781500560000,2,0.988125,-1,8.266922390132602e-05,0.0,1.0,0.8645833,6,0,0,1,30172.0,30243.5,1.0769230769230769,1.0,3,0
1781511060000,2,0.9995833,-1,0.00037149555856421095,0.0,1.0,0.54375,8,0,1,0,30172.0,30294.25,0.7123287671232876,1.5890410958904109,16,0
1781513220000,2,0.994375,-1,8.246742536698004e-05,0.0,1.0,0.70394737,1,0,1,0,30172.0,30324.5,9.622222222222222,1.0,278,0
1781516100000,2,1.493125,1,0.0001406365042728679,0.0,1.0,0.08510638,1,0,1,0,30257.84,30213.75,0.22093023255813954,1.4069767441860466,10,0
1781516760000,2,1.4904166,1,0.0,0.0,1.0,0.23529412,0,0,1,0,30241.246,30210.5,2.2564102564102564,0.4358974358974359,7,1
1781517480000,2,1.4902084,1,0.00017371020175199146,1.0,1.0,0.03076923,11,0,1,0,30266.346,30216.0,0.6428571428571429,0.3333333333333333,31,1
1781530440000,2,1.4947916,-1,0.00013986934557601486,0.0,1.0,0.5885714,1,1,1,0,30220.25,30392.5,0.006944444444444444,1.2847222222222223,1,0
1781531700000,2,1.4927083,-1,0.0003773925456768043,0.0,1.0,0.75689656,2,1,1,0,30220.25,30496.5,2.5886524822695036,1.50354609929078,68,0
1781552280000,2,0.99375,1,0.0004665744431802369,1.0,0.0,0.056497175,8,1,0,0,30612.25,30515.25,0.4311377245508982,1.0838323353293413,19,0
1781553540000,2,0.98791665,1,0.00026197727347152634,1.0,0.0,0.1036036,1,1,0,0,30612.25,30517.25,0.41708542713567837,1.0603015075376885,72,0
1781562540000,2,0.96,1,0.000303657015297748,1.0,1.0,0.52380955,1,0,0,0,30587.75,30452.75,2.2333333333333334,1.0083333333333333,160,0
1781572320000,2,0.985625,1,9.850437523600007e-05,0.0,1.0,0.29787233,3,0,0,1,30587.75,30452.5,7.196969696969697,0.6818181818181818,435,1
1781598720000,2,1.356875,-1,0.00013072749852931565,0.0,1.0,0.36,2,0,1,0,30452.75,30602.25,1.640625,1.734375,20,0
1781600220000,3,0.83916664,-1,0.00013879250520471896,0.0,1.0,0.58235294,0,0,1,0,30452.75,30639.0,3.7183098591549295,1.056338028169014,123,0
1781608380000,3,0.8122917,-1,0.00021213926126581865,0.0,1.0,0.79268295,8,0,1,0,30452.75,30651.25,0.11764705882352941,1.7647058823529411,1,0
1781608500000,3,0.8095833,-1,0.0001631347982838219,0.0,1.0,0.38333333,1,0,1,0,30452.75,30654.5,0.02702702702702703,1.135135135135135,1,0
1781608920000,3,0.80916667,-1,0.000154924983692107,0.0,1.0,0.40963855,2,0,1,0,30452.75,30665.75,17.183673469387756,0.08163265306122448,132,1
1781616900000,3,0.93041664,1,0.000426460216182525,0.0,1.0,0.015243903,1,1,1,0,30639.0,30443.0,0.6965944272445821,1.2538699690402477,44,0
1781619660000,3,0.92083335,1,0.0005749392207109534,0.0,1.0,0.7171717,1,1,1,0,30639.0,30414.0,0.16071428571428573,2.3392857142857144,1,0
1781619900000,3,0.92041665,1,0.00041932513319739524,0.0,1.0,0.1532567,1,1,1,0,30639.0,30365.5,0.43891402714932126,1.5203619909502262,5,0
1781622000000,3,0.91875,1,0.0006106971024898286,0.0,1.0,0.7201309,1,1,1,0,30639.0,30254.5,1.3567251461988303,1.1637426900584795,22,0
1781625180000,3,0.90791667,1,0.0003487155643380216,1.0,0.0,0.5179558,5,1,1,0,30639.0,30100.0,0.8853868194842407,1.0343839541547277,105,0
1781631720000,2,0.991875,1,0.000382037589176709,0.0,1.0,0.01734104,3,1,0,0,30639.0,30088.75,1.7647058823529411,1.276470588235294,90,0
1781637540000,2,0.9725,1,0.0004909711242406591,0.0,1.0,0.20068027,3,1,0,0,30264.5,30027.75,0.9914893617021276,1.0127659574468084,36,0
1781639940000,2,0.9635417,1,0.00029175176093027135,0.0,1.0,0.90250695,0,1,0,0,30264.5,29982.5,1.4,1.6285714285714286,1,0
1781656680000,2,0.99354166,-1,0.00014958614499883656,0.0,1.0,0.61445785,1,0,0,1,29957.25,30087.5,3.5,1.6875,27,0
1781658900000,2,0.98645836,-1,9.139628598728761e-05,1.0,0.0,0.21428572,2,0,0,1,29993.0,30094.5,0.2727272727272727,1.0151515151515151,4,0
1781660520000,2,0.98354167,-1,0.00012450095865738166,0.0,1.0,0.7647059,1,0,0,1,29993.0,30125.25,1.3055555555555556,1.4444444444444444,13,0
1781661480000,2,0.9760417,-1,0.00011615654583620267,0.0,1.0,0.5882353,1,0,0,1,29993.0,30135.25,1.380952380952381,1.5238095238095237,13,0
1781668860000,2,1.49125,-1,9.120834473437642e-05,1.0,0.0,0.62068963,6,0,0,1,29993.0,30154.75,0.12121212121212122,1.2424242424242424,3,0
1781683800000,2,1.3233334,-1,2.4778439453883194e-05,0.0,1.0,0.0,2,0,1,0,29993.0,30269.0,8.560975609756097,0.0975609756097561,397,1
1781708400000,2,1.3277084,1,0.0015738327407173013,0.0,1.0,0.58877087,13,1,1,0,30264.5,29975.0,2.2398523985239853,1.5129151291512914,182,0
1781719620000,3,1.4745834,1,8.377384413038561e-06,0.0,1.0,0.6147935,1,1,0,0,30264.5,29767.0,3.4339152119700747,1.1296758104738154,85,0
1781726400000,3,1.4558333,1,0.0003036257980719762,1.0,1.0,0.3199498,7,1,0,0,30228.0,29612.25,3.5793357933579335,0.35608856088560886,982,1
1781786940000,2,1.4772917,-1,1.6563970052342144e-05,0.0,1.0,0.97619045,0,1,1,0,30077.0,30186.5,25.5,6.0,1,0
1781787540000,2,1.4770833,-1,0.00023996491547442718,0.0,1.0,0.51578945,2,1,1,0,30077.0,30220.0,2.0217391304347827,1.2282608695652173,22,0
1781827620000,3,1.2827083,-1,0.00010596069673233512,1.0,0.0,0.92359316,7,0,0,1,30077.0,30694.25,7.277027027027027,1.0472972972972974,829,0
1781873100000,2,1.4922917,1,0.0008184042753439344,0.0,1.0,0.11875,8,1,1,0,30665.75,30522.25,3.1843971631205674,0.4326241134751773,11,1
1781873880000,3,0.6383333,-1,0.00023644516918059518,0.0,1.0,0.31343284,2,1,1,0,30535.75,30669.75,0.8804347826086957,1.3695652173913044,32,0
1781876880000,3,0.63125,-1,0.00024451073402122355,0.0,1.0,0.7248677,1,1,1,0,30535.75,30681.0,0.5961538461538461,1.0576923076923077,3,0
1781877960000,3,0.626875,-1,0.00034218116048296426,0.0,1.0,0.45930234,10,1,1,0,30535.75,30696.0,1.086021505376344,1.086021505376344,51,0
1781881920000,3,1.3629167,-1,0.00010585715797959399,0.0,1.0,0.6896552,3,1,1,0,30535.75,30705.0,25.703703703703702,0.8518518518518519,108,1
1782080340000,2,1.4375,1,0.00038523642861241114,1.0,0.0,0.6589786,3,0,0,0,30694.25,30465.0,1.0821256038647342,1.1352657004830917,42,0
1782085800000,3,0.705,1,0.0010039830145824418,0.0,1.0,0.86238533,14,0,0,1,30694.25,30348.5,1.6666666666666667,1.9333333333333333,7,0
1782086400000,3,0.700625,1,0.0001894313764248534,1.0,0.0,0.046263345,1,0,0,1,30616.75,30336.75,3.279850746268657,0.029850746268656716,55,1
1782090480000,1,1.0,-1,0.0001305248731461389,0.0,1.0,0.7759563,1,0,0,1,30336.75,30649.5,1.853658536585366,1.5365853658536586,15,0
1782109800000,3,1.07125,-1,0.00024405919248948513,0.0,1.0,0.5714286,1,0,0,1,30524.0,30738.5,0.40625,1.0416666666666667,17,0
1782110880000,3,1.0652083,-1,0.0002277719027088587,0.0,1.0,0.042857144,1,0,0,1,30524.0,30739.5,0.13432835820895522,1.208955223880597,7,0
1782111420000,3,1.0635417,-1,0.00013826196575983084,0.0,1.0,0.23809524,2,0,0,1,30524.0,30743.0,0.375,1.09375,3,0
1782112080000,3,1.0625,-1,0.00010562665041641275,0.0,1.0,0.8034682,2,0,1,0,30524.0,30775.75,1.4705882352941178,1.5,9,0
1782113880000,3,1.05875,-1,8.935824532900081e-05,0.0,1.0,0.5505618,18,0,1,0,30524.0,30782.0,8.575,5.275,207,0
1782126900000,2,0.9739583,-1,0.0003164325876883382,0.0,1.0,0.11889596,9,0,1,0,30698.0,30828.5,0.016867469879518072,1.0192771084337349,75,0
1782132120000,2,0.9560417,-1,5.673758865248227e-05,1.0,1.0,0.056962024,8,1,1,0,30698.0,30845.5,0.31543624161073824,1.651006711409396,18,0
1782134160000,3,0.9875,-1,0.000267323364062019,0.0,1.0,0.71480143,16,1,1,0,30698.0,30869.75,0.17721518987341772,1.1012658227848102,6,0
1782134760000,3,0.98291665,-1,0.00012964388445488797,1.0,0.0,0.05050505,1,1,1,0,30698.0,30873.75,1.8085106382978724,2.202127659574468,4,0
1782135000000,3,0.98125,-1,0.00029942300377920383,0.0,1.0,0.9018568,0,1,1,0,30698.0,30902.0,14.64864864864865,3.135135135135135,8,0
1782135540000,3,0.979375,-1,0.00012936401416535956,1.0,0.0,0.8181818,0,1,1,0,30698.0,30924.5,8.625,1.625,1,0
1782135600000,3,0.9791667,-1,0.00021844660194174757,0.0,1.0,0.34146342,0,1,1,0,30698.0,30927.0,5.083333333333333,1.1759259259259258,18,0
1782137640000,3,0.97541666,-1,0.00042804761827844095,0.0,1.0,0.16785714,4,1,1,0,30698.0,30967.75,3.652360515021459,0.03862660944206009,16,1
1782138840000,2,0.95625,1,0.00047278240597336114,0.0,1.0,0.625,1,1,1,0,30828.5,30649.25,0.9415204678362573,1.5204678362573099,9,0
1782139500000,2,0.9533333,1,0.00041631973355537054,0.0,1.0,0.43809524,1,1,1,0,30828.5,30612.75,1.3559322033898304,1.3135593220338984,6,0
1782140220000,2,0.951875,1,0.0007932808295918284,0.0,1.0,0.26277372,2,1,1,0,30828.5,30545.0,0.7788778877887789,1.0759075907590758,52,0
1782145200000,2,0.8622917,1,0.00024575660266072484,1.0,0.0,0.0023474179,16,1,0,0,30828.5,30502.75,0.8541176470588235,1.1505882352941177,421,0
1782159660000,2,0.98770833,-1,0.00023638349554131821,0.0,1.0,0.60625,19,1,0,0,30524.0,30677.75,1.1111111111111112,2.2222222222222223,40,0
1782165840000,2,0.96229166,-1,0.0001547571534457902,0.0,1.0,0.34246576,2,0,0,0,30524.0,30699.75,6.552083333333333,0.4479166666666667,128,1
1782173700000,2,1.26,1,7.372335719785711e-05,0.0,1.0,0.10526316,1,0,0,1,30663.25,30517.25,0.09803921568627451,1.0686274509803921,1,0
1782174360000,2,1.2591667,1,0.0001969343880263892,0.0,1.0,0.5133531,2,0,0,1,30663.25,30461.0,3.2439024390243905,1.2439024390243902,79,0
1782179820000,2,1.8904166,1,0.00048488235439147267,1.0,1.0,0.07118644,7,0,0,1,30663.25,30405.0,0.11678832116788321,1.072992700729927,12,0
1782185580000,1,1.0,1,0.00028007974034960543,0.0,1.0,0.41964287,1,0,0,1,30663.25,30337.0,0.0,1.0923076923076922,1,0
1782185940000,3,1.2054167,1,0.00018141337511338337,0.0,1.0,0.7865854,1,0,0,1,30663.25,30312.0,0.02857142857142857,2.0285714285714285,1,0
1782186120000,3,1.2041667,1,0.0002721918870321186,0.0,1.0,0.24719101,1,0,0,1,30663.25,30301.0,5.8059701492537314,1.0,58,0
1782190860000,3,1.1916667,1,0.00019016436815821677,0.0,1.0,0.7523511,4,0,0,1,30663.25,30231.0,0.9113924050632911,1.139240506329114,7,0
1782191400000,3,1.185625,1,2.480302266169504e-05,0.0,1.0,0.1590909,1,0,0,1,30663.25,30233.25,0.5675675675675675,1.135135135135135,3,0
1782191940000,3,1.1847917,1,0.0002563954113492188,0.0,1.0,0.8611111,1,0,0,1,30663.25,30219.0,4.933333333333334,1.3333333333333333,2,0
1782192840000,3,1.183125,1,0.00010776487362496166,0.0,1.0,0.8938053,1,0,0,1,30663.25,30146.25,0.5833333333333334,2.111111111111111,1,0
1782193380000,3,1.1802083,1,0.000224019912881145,1.0,0.0,0.25316456,1,0,0,1,30663.25,30121.0,0.652542372881356,1.0593220338983051,12,0
1782194340000,3,1.1758333,1,0.00048159957486382357,0.0,1.0,0.6086956,1,0,0,1,30663.25,30092.0,0.4444444444444444,1.1587301587301588,1,0
1782194940000,3,1.175,1,0.00039056007977397375,0.0,1.0,0.7827869,1,0,0,1,30663.25,30073.25,0.1509433962264151,1.1886792452830188,1,0
1782195840000,3,1.1729167,1,0.00014150982660884187,0.0,1.0,0.84423673,1,0,0,1,30663.25,30029.0,0.46,2.48,1,0
1782196020000,3,1.1697917,1,0.00040800692779110044,0.0,1.0,0.31213874,1,0,0,1,30663.25,30004.0,0.6974789915966386,1.6974789915966386,15,0
1782197100000,3,1.1660416,1,0.00040836736394699556,0.0,1.0,0.0390625,2,0,0,1,30663.25,29980.0,0.9024390243902439,2.024390243902439,14,0
1782198360000,3,1.1627083,1,4.1741801910104854e-05,0.0,1.0,0.027777778,4,0,1,0,30663.25,29944.75,1.0857142857142856,1.1238095238095238,38,0
1782201480000,3,1.1533333,1,0.0006351912677916238,0.0,1.0,0.7076923,1,0,1,0,30663.25,29889.0,0.28421052631578947,4.08421052631579,2,0
1782211380000,2,0.99145836,1,0.0001176312428581031,0.0,1.0,0.25925925,1,0,1,0,30663.25,29750.5,4.016666666666667,1.2,103,0
1782218100000,2,1.4945834,1,0.00011769552168539987,0.0,1.0,0.6472303,0,1,1,0,29933.25,29707.5,1.1239669421487604,1.1818181818181819,32,0
1782222900000,2,1.4889584,-1,0.0007363647013539069,0.0,1.0,0.35135135,1,1,1,0,29788.336,29915.75,1.0,1.5069444444444444,4,0
1782223380000,2,1.4877083,-1,0.0007254594576565158,0.0,1.0,0.64608073,1,1,1,0,29616.5,30004.0,0.8926174496644296,1.3221476510067114,7,0
1782223860000,2,1.4604167,-1,0.0013682743890738283,0.0,1.0,0.14074074,1,1,1,0,29616.5,30016.0,0.15517241379310345,1.0560344827586208,5,0
1782224520000,2,1.4591666,-1,0.00029129768959318197,1.0,0.0,0.04659498,2,1,1,0,29616.5,30046.75,5.635338345864661,0.8383458646616542,263,1
1782240600000,2,1.479375,1,5.914110222117083e-05,0.0,1.0,0.46521738,3,1,0,0,29933.25,29588.5,0.1016260162601626,1.008130081300813,3,0
1782241080000,2,1.4764583,1,0.0004644446508642893,0.0,1.0,0.0,4,1,0,0,29933.25,29577.25,5.518134715025907,1.2746113989637307,1070,0
1782309000000,3,1.4275,1,0.0007689252790522785,1.0,0.0,0.056631893,2,1,1,0,29891.75,29564.0,0.42812006319115326,1.2448657187993681,30,0
1782310860000,3,1.420625,1,0.0005147462132399477,0.0,1.0,0.12571429,0,1,1,0,29891.75,29549.75,3.4901960784313726,0.1111111111111111,38,1
1782313200000,3,0.86270833,-1,0.0003513527079255132,0.0,1.0,0.64285713,0,1,1,0,29616.5,29902.0,0.42857142857142855,1.3142857142857143,1,0
1782313260000,3,0.8622917,-1,0.0004348626001438392,0.0,1.0,0.57377046,0,1,1,0,29616.5,29907.5,21.557692307692307,0.5769230769230769,100,1
1782319800000,3,1.3914584,1,0.00036291513693716506,1.0,1.0,0.125,8,1,0,0,29891.75,29610.5,0.06190476190476191,1.2857142857142858,5,0
1782320160000,3,1.3883333,1,4.2217606430585814e-05,0.0,1.0,0.9390244,0,1,0,0,29891.75,29607.25,4.4,9.2,1,0
1782321720000,3,1.388125,1,0.0002630440132031124,0.0,1.0,0.9030733,1,1,0,0,29891.75,29450.0,0.07317073170731707,1.1585365853658536,1,0
1782322200000,3,1.3827083,1,0.00032278889606197545,0.0,1.0,0.57746476,0,1,0,0,29891.75,29401.0,0.1,1.7333333333333334,1,0
1782322680000,3,1.3810416,1,0.0009014218654330227,0.0,1.0,0.47277227,5,1,0,0,29891.75,29364.75,2.727699530516432,1.5305164319248827,71,0
1782327240000,3,1.3645834,1,0.00017900066485961234,0.0,1.0,0.19711539,3,1,0,0,29891.75,29324.25,1.0838323353293413,1.311377245508982,6,0
1782328140000,3,1.3625,1,0.0004095912620530762,0.0,1.0,0.85582256,1,1,0,0,29891.75,29279.0,0.8076923076923077,1.3333333333333333,1,0
1782328920000,3,1.3604167,1,0.00024769176894628503,1.0,1.0,0.102661595,9,1,0,0,29891.75,29263.0,9.974576271186441,0.08898305084745763,58,1
1782333180000,3,1.4458333,-1,0.0004999500049995,1.0,0.0,0.7077922,1,1,0,0,29263.0,30031.5,0.45,1.0777777777777777,6,0
1782334200000,3,1.4416667,-1,0.0001742406013789899,0.0,1.0,0.7258979,1,1,0,0,29263.0,30158.75,1.193103448275862,1.1517241379310346,10,0
1782338640000,3,1.4375,-1,0.0005059175769036186,0.0,1.0,0.102639295,3,0,0,0,29263.0,30169.0,0.6339869281045751,0.5620915032679739,115,0
